廠商名稱,污染審驗編號,國產/進口,引擎族,引擎型式,車型名稱,總重,my_數量_1_11,my_車型名稱,車種底盤別,進口國產別,核章_12月,my_數量_1_12,my_車型名稱_full
航偉汽車股份有限公司,C1D691001H-1,進口,LDC10.8FZAA,DDi11E465-60,DONGFENG DFH4180D80  10800c.c. M14 2D  曳引車,18000.0,0.0,DONGFENG DFH4180D80 10800c.c. M14 2D,曳引車,,0.0,0.0,DONGFENG DFH4180D80 10800c.c. M14 2D 曳引車
航偉汽車股份有限公司,C3D691001R-1,進口,NCE13.5EZAB,Z14EVIE480,DONGFENG DFH4180D81  13480c.c. A12 2D  曳引車,18000.0,0.0,DONGFENG DFH4180D81 13480c.c. A12 2D,曳引車,,0.0,0.0,DONGFENG DFH4180D81 13480c.c. A12 2D 曳引車
台北合眾汽車有限公司,C3D647002H-1,進口,JSZ05.2FZA4-C3,4HK1E6H-C,ISUZU FVR90LA6  5193c.c. A6 2D  大貨車底盤,15000.0,3.0,ISUZU FVR90LA6 5193c.c. A6 2D,大貨車底盤,進口,5.0,8.0,ISUZU FVR90LA6 5193c.c. A6 2D 大貨車底盤
台北合眾汽車有限公司,C3D647001H-1,進口,JSZ03.0FZA6-C3,4JJ1E6N-C,ISUZU NLR85FAJ6  2999c.c. A5 2D  貨車底盤,5000.0,0.0,ISUZU NLR85FAJ6 2999c.c. A5 2D,貨車底盤,進口,82.0,82.0,ISUZU NLR85FAJ6 2999c.c. A5 2D 貨車底盤
台北合眾汽車有限公司,C3D647001H-1,進口,JSZ03.0FZA6-C3,4JJ1E6N-C,ISUZU NLR85FMJ6  2999c.c. M5 2D  貨車底盤,5000.0,23.0,ISUZU NLR85FMJ6 2999c.c. M5 2D,貨車底盤,進口,98.0,121.0,ISUZU NLR85FMJ6 2999c.c. M5 2D 貨車底盤
台北合眾汽車有限公司,C3D647001H-1,進口,JSZ03.0FZA6-C3,4JJ1E6N-C,ISUZU NLR85HAJ6  2999c.c. A5 2D  貨車底盤,5000.0,3.0,ISUZU NLR85HAJ6 2999c.c. A5 2D,貨車底盤,進口,138.0,141.0,ISUZU NLR85HAJ6 2999c.c. A5 2D 貨車底盤
台北合眾汽車有限公司,C3D647001H-1,進口,JSZ03.0FZA6-C3,4JJ1E6N-C,ISUZU NLR85HMJ6  2999c.c. M5 2D  貨車底盤,5000.0,5.0,ISUZU NLR85HMJ6 2999c.c. M5 2D,貨車底盤,進口,29.0,34.0,ISUZU NLR85HMJ6 2999c.c. M5 2D 貨車底盤
台北合眾汽車有限公司,C3D647001H-1,進口,JSZ03.0FZA6-C3,4JJ1E6N-C,ISUZU NMR85FAJ6  2999c.c. A6 2D  大貨車底盤,6500.0,0.0,ISUZU NMR85FAJ6 2999c.c. A6 2D,大貨車底盤,進口,1.0,1.0,ISUZU NMR85FAJ6 2999c.c. A6 2D 大貨車底盤
台北合眾汽車有限公司,C3D647001H-1,進口,JSZ03.0FZA6-C3,4JJ1E6N-C,ISUZU NMR85FMJ6  2999c.c. M5 2D  大貨車底盤,6500.0,3.0,ISUZU NMR85FMJ6 2999c.c. M5 2D,大貨車底盤,進口,1.0,4.0,ISUZU NMR85FMJ6 2999c.c. M5 2D 大貨車底盤
台北合眾汽車有限公司,C3D647001H-1,進口,JSZ03.0FZA6-C3,4JJ1E6N-C,ISUZU NMR85HAJ6  2999c.c. A6 2D  大貨車底盤,6500.0,4.0,ISUZU NMR85HAJ6 2999c.c. A6 2D,大貨車底盤,進口,4.0,8.0,ISUZU NMR85HAJ6 2999c.c. A6 2D 大貨車底盤
台北合眾汽車有限公司,C3D647001H-1,進口,JSZ03.0FZA6-C3,4JJ1E6N-C,ISUZU NMR85HMJ6  2999c.c. M5 2D  大貨車底盤,6500.0,1.0,ISUZU NMR85HMJ6 2999c.c. M5 2D,大貨車底盤,進口,17.0,18.0,ISUZU NMR85HMJ6 2999c.c. M5 2D 大貨車底盤
台北合眾汽車有限公司,C3D647002H-1,進口,JSZ05.2FZA4-C3,4HK1E6C-C,ISUZU NPR75FAJ6  5193c.c. A6 2D  大貨車底盤,7500.0,0.0,ISUZU NPR75FAJ6 5193c.c. A6 2D,大貨車底盤,進口,2.0,2.0,ISUZU NPR75FAJ6 5193c.c. A6 2D 大貨車底盤
台北合眾汽車有限公司,C3D647002H-1,進口,JSZ05.2FZA4-C3,4HK1E6C-C,ISUZU NPR75FMJ6  5193c.c. M6 2D  大貨車底盤,7500.0,4.0,ISUZU NPR75FMJ6 5193c.c. M6 2D,大貨車底盤,進口,3.0,7.0,ISUZU NPR75FMJ6 5193c.c. M6 2D 大貨車底盤
台北合眾汽車有限公司,C3D647002H-1,進口,JSZ05.2FZA4-C3,4HK1E6C-C,ISUZU NPR75HAJ6  5193c.c. A6 2D  大貨車底盤,7500.0,2.0,ISUZU NPR75HAJ6 5193c.c. A6 2D,大貨車底盤,進口,1.0,3.0,ISUZU NPR75HAJ6 5193c.c. A6 2D 大貨車底盤
台北合眾汽車有限公司,C3D647002H-1,進口,JSZ05.2FZA4-C3,4HK1E6C-C,ISUZU NPR75HMJ6  5193c.c. M6 2D  大貨車底盤,7500.0,0.0,ISUZU NPR75HMJ6 5193c.c. M6 2D,大貨車底盤,進口,1.0,1.0,ISUZU NPR75HMJ6 5193c.c. M6 2D 大貨車底盤
台北合眾汽車有限公司,C3D647002H-1,進口,JSZ05.2FZA4-C3,4HK1E6C-C,ISUZU NPR75KAJ6  5193c.c. A6 2D  大貨車底盤,7500.0,11.0,ISUZU NPR75KAJ6 5193c.c. A6 2D,大貨車底盤,進口,6.0,17.0,ISUZU NPR75KAJ6 5193c.c. A6 2D 大貨車底盤
台北合眾汽車有限公司,C3D647002H-1,進口,JSZ05.2FZA4-C3,4HK1E6C-C,ISUZU NPR75KAL6  5193c.c. A6 4D  大貨車底盤,7500.0,0.0,ISUZU NPR75KAL6 5193c.c. A6 4D,大貨車底盤,進口,1.0,1.0,ISUZU NPR75KAL6 5193c.c. A6 4D 大貨車底盤
台北合眾汽車有限公司,C3D647002H-1,進口,JSZ05.2FZA4-C3,4HK1E6C-C,ISUZU NPR75KMJ6  5193c.c. M6 2D  大貨車底盤,7500.0,7.0,ISUZU NPR75KMJ6 5193c.c. M6 2D,大貨車底盤,進口,6.0,13.0,ISUZU NPR75KMJ6 5193c.c. M6 2D 大貨車底盤
台北合眾汽車有限公司,C3D647002H-1,進口,JSZ05.2FZA4-C3,4HK1E6C-C,ISUZU NPR75KML6  5193c.c. M6 4D  大貨車底盤,7500.0,0.0,ISUZU NPR75KML6 5193c.c. M6 4D,大貨車底盤,進口,1.0,1.0,ISUZU NPR75KML6 5193c.c. M6 4D 大貨車底盤
台北合眾汽車有限公司,C3D647001H-1,進口,JSZ03.0FZA6-C3,4JJ1E6N-C,ISUZU NPR85FAJ6  2999c.c. A6 2D  大貨車底盤,7500.0,0.0,ISUZU NPR85FAJ6 2999c.c. A6 2D,大貨車底盤,,0.0,0.0,ISUZU NPR85FAJ6 2999c.c. A6 2D 大貨車底盤
台北合眾汽車有限公司,C3D647001H-1,進口,JSZ03.0FZA6-C3,4JJ1E6N-C,ISUZU NPR85FMJ6  2999c.c. M6 2D  大貨車底盤,7500.0,0.0,ISUZU NPR85FMJ6 2999c.c. M6 2D,大貨車底盤,進口,7.0,7.0,ISUZU NPR85FMJ6 2999c.c. M6 2D 大貨車底盤
台北合眾汽車有限公司,C3D647001H-1,進口,JSZ03.0FZA6-C3,4JJ1E6N-C,ISUZU NPR85HAJ6  2999c.c. A6 2D  大貨車底盤,7500.0,0.0,ISUZU NPR85HAJ6 2999c.c. A6 2D,大貨車底盤,,0.0,0.0,ISUZU NPR85HAJ6 2999c.c. A6 2D 大貨車底盤
台北合眾汽車有限公司,C3D647001H-1,進口,JSZ03.0FZA6-C3,4JJ1E6N-C,ISUZU NPR85HMJ6  2999c.c. M6 2D  大貨車底盤,7500.0,0.0,ISUZU NPR85HMJ6 2999c.c. M6 2D,大貨車底盤,,0.0,0.0,ISUZU NPR85HMJ6 2999c.c. M6 2D 大貨車底盤
台北合眾汽車有限公司,C3D647001H-1,進口,JSZ03.0FZA6-C3,4JJ1E6N-C,ISUZU NPR85KAJ6  2999c.c. A6 2D  大貨車底盤,7500.0,0.0,ISUZU NPR85KAJ6 2999c.c. A6 2D,大貨車底盤,進口,1.0,1.0,ISUZU NPR85KAJ6 2999c.c. A6 2D 大貨車底盤
台北合眾汽車有限公司,C3D647001H-1,進口,JSZ03.0FZA6-C3,4JJ1E6N-C,ISUZU NPR85KMJ6  2999c.c. M6 2D  大貨車底盤,7500.0,0.0,ISUZU NPR85KMJ6 2999c.c. M6 2D,大貨車底盤,,0.0,0.0,ISUZU NPR85KMJ6 2999c.c. M6 2D 大貨車底盤
台北合眾汽車有限公司,C3D647002H-1,進口,JSZ05.2FZA4-C3,4HK1E6C-C,ISUZU NQR90KAJ6  5193c.c. A6 2D  大貨車底盤,9500.0,24.0,ISUZU NQR90KAJ6 5193c.c. A6 2D,大貨車底盤,進口,2.0,26.0,ISUZU NQR90KAJ6 5193c.c. A6 2D 大貨車底盤
台北合眾汽車有限公司,C3D647002H-1,進口,JSZ05.2FZA4-C3,4HK1E6C-C,ISUZU NQR90KMJ6  5193c.c. M6 2D  大貨車底盤,9500.0,32.0,ISUZU NQR90KMJ6 5193c.c. M6 2D,大貨車底盤,進口,9.0,41.0,ISUZU NQR90KMJ6 5193c.c. M6 2D 大貨車底盤
台北合眾汽車有限公司,C3D647002H-1,進口,JSZ05.2FZA4-C3,4HK1E6C-C,ISUZU NQR90LAJ6  5193c.c. A6 2D  大貨車底盤,9500.0,17.0,ISUZU NQR90LAJ6 5193c.c. A6 2D,大貨車底盤,進口,14.0,31.0,ISUZU NQR90LAJ6 5193c.c. A6 2D 大貨車底盤
台北合眾汽車有限公司,C3D647002H-1,進口,JSZ05.2FZA4-C3,4HK1E6C-C,ISUZU NQR90LMJ6  5193c.c. M6 2D  大貨車底盤,9500.0,65.0,ISUZU NQR90LMJ6 5193c.c. M6 2D,大貨車底盤,進口,2.0,67.0,ISUZU NQR90LMJ6 5193c.c. M6 2D 大貨車底盤
常榮機械股份有限公司,C3D672002I-1,進口,NF3HGEE6E13,F3HGE611H＊P,IVECO AS440S53 3650  12882c.c. A12 2D  曳引車,19500.0,8.0,IVECO AS440S53 3650 12882c.c. A12 2D,曳引車,進口,4.0,12.0,IVECO AS440S53 3650 12882c.c. A12 2D 曳引車
常榮機械股份有限公司,C3D672002I-1,進口,NF3HGEE6E13,F3HGE611H＊P,IVECO AS440S53 3800  12882c.c. A12 2D  曳引車,25000.0,1.0,IVECO AS440S53 3800 12882c.c. A12 2D,曳引車,,0.0,1.0,IVECO AS440S53 3800 12882c.c. A12 2D 曳引車
常榮機械股份有限公司,C3D672002I-1,進口,NF3HGEE6E13,F3HGE611H＊P,IVECO AS440S53 4595  12882c.c. A12 2D  曳引車,25000.0,0.0,IVECO AS440S53 4595 12882c.c. A12 2D,曳引車,進口,1.0,1.0,IVECO AS440S53 4595 12882c.c. A12 2D 曳引車
常榮機械股份有限公司,C3D672002I-1,進口,NF3HGEE6E13,F3HGE611A＊P,IVECO AS440S57 3800  12882c.c. A12 2D  曳引車,25000.0,2.0,IVECO AS440S57 3800 12882c.c. A12 2D,曳引車,,0.0,2.0,IVECO AS440S57 3800 12882c.c. A12 2D 曳引車
常榮機械股份有限公司,C3D672002I-1,進口,NF3HGEE6E13,F3HGE611A＊P,IVECO AS440S57 4595  12882c.c. A12 2D  曳引車,25000.0,5.0,IVECO AS440S57 4595 12882c.c. A12 2D,曳引車,進口,1.0,6.0,IVECO AS440S57 4595 12882c.c. A12 2D 曳引車
常榮機械股份有限公司,C0D672002I-1,進口,KFPT4485JA0,F4AFE411C＊N,IVECO ML100E21D 3690  4485c.c. A6 4D  大貨車底盤,10000.0,0.0,IVECO ML100E21D 3690 4485c.c. A6 4D,大貨車底盤,,0.0,0.0,IVECO ML100E21D 3690 4485c.c. A6 4D 大貨車底盤
常榮機械股份有限公司,C1D672002I-2,進口,LFPT6728JA0,F4AFE611E＊P,IVECO ML150E25D 4185  6728c.c. A12 4D  大貨車底盤,15000.0,1.0,IVECO ML150E25D 4185 6728c.c. A12 4D,大貨車底盤,,0.0,1.0,IVECO ML150E25D 4185 6728c.c. A12 4D 大貨車底盤
常榮機械股份有限公司,C0D672001I-2,進口,KFPT6728JA0,F4AFE611E＊N,IVECO ML150E25D 4455  6728c.c. A6 4D  大貨車底盤,15000.0,0.0,IVECO ML150E25D 4455 6728c.c. A6 4D,大貨車底盤,,0.0,0.0,IVECO ML150E25D 4455 6728c.c. A6 4D 大貨車底盤
常榮機械股份有限公司,C0D672001I-2,進口,KFPT6728JA0,F4AFE611K＊N,IVECO ML150E28W 4X4 3690  6728c.c. M6 2D  大貨車底盤,15000.0,0.0,IVECO ML150E28W 4X4 3690 6728c.c. M6 2D,大貨車底盤,,0.0,0.0,IVECO ML150E28W 4X4 3690 6728c.c. M6 2D 大貨車底盤
常榮機械股份有限公司,C0D672001I-2,進口,KFPT6728JA0,F4AFE611K＊N,IVECO ML150E28W 4X4 3915  6728c.c. M6 2D  大貨車底盤,15000.0,0.0,IVECO ML150E28W 4X4 3915 6728c.c. M6 2D,大貨車底盤,,0.0,0.0,IVECO ML150E28W 4X4 3915 6728c.c. M6 2D 大貨車底盤
常榮機械股份有限公司,C0D672001I-2,進口,KFPT6728JA0,F4AFE611K＊N,IVECO ML150E28W 4X4 4150  6728c.c. M6 2D  大貨車底盤,15000.0,0.0,IVECO ML150E28W 4X4 4150 6728c.c. M6 2D,大貨車底盤,,0.0,0.0,IVECO ML150E28W 4X4 4150 6728c.c. M6 2D 大貨車底盤
常榮機械股份有限公司,C1D672002I-1,進口,LFPT6728JA0,F4AFE611D＊P,IVECO ML180E32 3690  6728c.c. A12 2D  大貨車底盤,18500.0,0.0,IVECO ML180E32 3690 6728c.c. A12 2D,大貨車底盤,,0.0,0.0,IVECO ML180E32 3690 6728c.c. A12 2D 大貨車底盤
常榮機械股份有限公司,C1D672002I-1,進口,LFPT6728JA0,F4AFE611D＊P,IVECO ML180E32 3690  6728c.c. M9 2D  大貨車底盤,18500.0,0.0,IVECO ML180E32 3690 6728c.c. M9 2D,大貨車底盤,,0.0,0.0,IVECO ML180E32 3690 6728c.c. M9 2D 大貨車底盤
常榮機械股份有限公司,C0D672001I-3,進口,KFPT6728JA0,F4AFE611D＊N,IVECO ML180E32 4185  6728c.c. A12 2D  大貨車底盤,18500.0,0.0,IVECO ML180E32 4185 6728c.c. A12 2D,大貨車底盤,,0.0,0.0,IVECO ML180E32 4185 6728c.c. A12 2D 大貨車底盤
常榮機械股份有限公司,C0D672001I-1,進口,KFPT6728JA0,F4AFE611D＊N,IVECO ML180E32 4185  6728c.c. M9 2D  大貨車底盤,18500.0,0.0,IVECO ML180E32 4185 6728c.c. M9 2D,大貨車底盤,進口,1.0,1.0,IVECO ML180E32 4185 6728c.c. M9 2D 大貨車底盤
常榮機械股份有限公司,C0D672001I-3,進口,KFPT6728JA0,F4AFE611D＊N,IVECO ML180E32 5175  6728c.c. A12 2D  大貨車底盤,18500.0,0.0,IVECO ML180E32 5175 6728c.c. A12 2D,大貨車底盤,,0.0,0.0,IVECO ML180E32 5175 6728c.c. A12 2D 大貨車底盤
常榮機械股份有限公司,C0D672001I-1,進口,KFPT6728JA0,F4AFE611D＊N,IVECO ML180E32 5175  6728c.c. M9 2D  大貨車底盤,18500.0,0.0,IVECO ML180E32 5175 6728c.c. M9 2D,大貨車底盤,,0.0,0.0,IVECO ML180E32 5175 6728c.c. M9 2D 大貨車底盤
常榮機械股份有限公司,C0D672001I-1,進口,KFPT6728JA0,F4AFE611D＊N,IVECO ML180E32 5670  6728c.c. A12 2D  大貨車底盤,18500.0,0.0,IVECO ML180E32 5670 6728c.c. A12 2D,大貨車底盤,,0.0,0.0,IVECO ML180E32 5670 6728c.c. A12 2D 大貨車底盤
常榮機械股份有限公司,C0D672001I-1,進口,KFPT6728JA0,F4AFE611D＊N,IVECO ML180E32 5670  6728c.c. M9 2D  大貨車底盤,18500.0,0.0,IVECO ML180E32 5670 6728c.c. M9 2D,大貨車底盤,,0.0,0.0,IVECO ML180E32 5670 6728c.c. M9 2D 大貨車底盤
常榮機械股份有限公司,C0D672001I-1,進口,KFPT6728JA0,F4AFE611D＊N,IVECO ML180E32 6210  6728c.c. A12 2D  大貨車底盤,18500.0,0.0,IVECO ML180E32 6210 6728c.c. A12 2D,大貨車底盤,,0.0,0.0,IVECO ML180E32 6210 6728c.c. A12 2D 大貨車底盤
常榮機械股份有限公司,C0D672001I-1,進口,KFPT6728JA0,F4AFE611D＊N,IVECO ML180E32 6210  6728c.c. M9 2D  大貨車底盤,18500.0,0.0,IVECO ML180E32 6210 6728c.c. M9 2D,大貨車底盤,,0.0,0.0,IVECO ML180E32 6210 6728c.c. M9 2D 大貨車底盤
常榮機械股份有限公司,C0D672001I-1,進口,KFPT6728JA0,F4AFE611D＊N,IVECO ML180E32 6570  6728c.c. A12 2D  大貨車底盤,18500.0,0.0,IVECO ML180E32 6570 6728c.c. A12 2D,大貨車底盤,,0.0,0.0,IVECO ML180E32 6570 6728c.c. A12 2D 大貨車底盤
常榮機械股份有限公司,C0D672001I-1,進口,KFPT6728JA0,F4AFE611D＊N,IVECO ML180E32 6570  6728c.c. M9 2D  大貨車底盤,18500.0,0.0,IVECO ML180E32 6570 6728c.c. M9 2D,大貨車底盤,,0.0,0.0,IVECO ML180E32 6570 6728c.c. M9 2D 大貨車底盤
常榮機械股份有限公司,C0D672001I-4,進口,KFPT6728JA0,F4AFE611D＊N,IVECO ML180E32K 3690  6728c.c. A12 2D  大貨車底盤,18500.0,0.0,IVECO ML180E32K 3690 6728c.c. A12 2D,大貨車底盤,,0.0,0.0,IVECO ML180E32K 3690 6728c.c. A12 2D 大貨車底盤
常榮機械股份有限公司,C0D672001I-1,進口,KFPT6728JA0,F4AFE611D＊N,IVECO ML180E32K 3690  6728c.c. M9 2D  大貨車底盤,18500.0,0.0,IVECO ML180E32K 3690 6728c.c. M9 2D,大貨車底盤,,0.0,0.0,IVECO ML180E32K 3690 6728c.c. M9 2D 大貨車底盤
常榮機械股份有限公司,B8D672001I-1,進口,IFPT6728JA0,F4AFE611D＊J,IVECO ML180E32P 6570  6728c.c. A12 2D  大貨車底盤,18000.0,0.0,IVECO ML180E32P 6570 6728c.c. A12 2D,大貨車底盤,,0.0,0.0,IVECO ML180E32P 6570 6728c.c. A12 2D 大貨車底盤
德曼汽車股份有限公司,C1D675006G-2,進口,KMN06.8FZA0-C1,D0836LFLAQ,MAN TGL 12.250 4X2 BB  6871c.c. A12 4D  消防車底盤,12800.0,0.0,MAN TGL 12.250 4X2 BB 6871c.c. A12 4D,消防車底盤,,0.0,0.0,MAN TGL 12.250 4X2 BB 6871c.c. A12 4D 消防車底盤
德曼汽車股份有限公司,C3D675004G-1,進口,KMN06.8FZA0-C3,D0836LFLAQ,MAN TGL 12.250 4X2 BB  6871c.c. A12 4D (奧地利) 消防車底盤,12800.0,0.0,MAN TGL 12.250 4X2 BB 6871c.c. A12 4D (奧地利),消防車底盤,,0.0,0.0,MAN TGL 12.250 4X2 BB 6871c.c. A12 4D (奧地利) 消防車底盤
德曼汽車股份有限公司,C3D675004G-1,進口,KMN06.8FZA0-C3,D0836LFLAQ,MAN TGL 12.250 4X2 BB  6871c.c. A12 4D (德國) 消防車底盤,12800.0,0.0,MAN TGL 12.250 4X2 BB 6871c.c. A12 4D (德國),消防車底盤,,0.0,0.0,MAN TGL 12.250 4X2 BB 6871c.c. A12 4D (德國) 消防車底盤
德曼汽車股份有限公司,C3D675004G-1,進口,KMN06.8FZA0-C3,D0836LFLAQ,MAN TGL 12.250 4X2 BB  6871c.c. A12 4D (波蘭) 消防車底盤,12800.0,0.0,MAN TGL 12.250 4X2 BB 6871c.c. A12 4D (波蘭),消防車底盤,,0.0,0.0,MAN TGL 12.250 4X2 BB 6871c.c. A12 4D (波蘭) 消防車底盤
德曼汽車股份有限公司,C2D675003G-1,進口,KMN06.8FZA0-C2,D0836LFLAQ,MAN TGL 12.250 4x2 BB CH  6871c.c. A12 4D  消防車底盤,12800.0,0.0,MAN TGL 12.250 4x2 BB CH 6871c.c. A12 4D,消防車底盤,,0.0,0.0,MAN TGL 12.250 4x2 BB CH 6871c.c. A12 4D 消防車底盤
德曼汽車股份有限公司,C3D675004G-1,進口,KMN06.8FZA0-C3,D0836LFLAQ,MAN TGL 12.250 4x2 BB CH  6871c.c. A12 4D (奧地利) 消防車底盤,12800.0,0.0,MAN TGL 12.250 4x2 BB CH 6871c.c. A12 4D (奧地利),消防車底盤,,0.0,0.0,MAN TGL 12.250 4x2 BB CH 6871c.c. A12 4D (奧地利) 消防車底盤
德曼汽車股份有限公司,C3D675004G-1,進口,KMN06.8FZA0-C3,D0836LFLAQ,MAN TGL 12.250 4x2 BB CH  6871c.c. A12 4D (德國) 消防車底盤,12800.0,0.0,MAN TGL 12.250 4x2 BB CH 6871c.c. A12 4D (德國),消防車底盤,,0.0,0.0,MAN TGL 12.250 4x2 BB CH 6871c.c. A12 4D (德國) 消防車底盤
德曼汽車股份有限公司,C3D675004G-1,進口,KMN06.8FZA0-C3,D0836LFLAQ,MAN TGL 12.250 4x2 BB CH  6871c.c. A12 4D (波蘭) 消防車底盤,12800.0,2.0,MAN TGL 12.250 4x2 BB CH 6871c.c. A12 4D (波蘭),消防車底盤,,0.0,2.0,MAN TGL 12.250 4x2 BB CH 6871c.c. A12 4D (波蘭) 消防車底盤
德曼汽車股份有限公司,C4D675006H-1,進口,MMN06.8FZA9-C4,D0836LFLBN,MAN TGL 12.250 4x2 BB CH  6871c.c. A8 4D 軸距3900mm 消防車底盤,12800.0,6.0,MAN TGL 12.250 4x2 BB CH 6871c.c. A8 4D 軸距3900mm,消防車底盤,,0.0,6.0,MAN TGL 12.250 4x2 BB CH 6871c.c. A8 4D 軸距3900mm 消防車底盤
德曼汽車股份有限公司,C1D675005G-2,進口,LMN04.6FZA6,D0834LFLAJ,MAN TGL 8.190 4X2 BB  4580c.c. A6 4D  消防車底盤,8800.0,0.0,MAN TGL 8.190 4X2 BB 4580c.c. A6 4D,消防車底盤,,0.0,0.0,MAN TGL 8.190 4X2 BB 4580c.c. A6 4D 消防車底盤
德曼汽車股份有限公司,C1D675005G-1,進口,LMN04.6FZA6,D0834LFLAJ,MAN TGL 8.190 4X2 BB  4580c.c. M6 4D  消防車底盤,8800.0,0.0,MAN TGL 8.190 4X2 BB 4580c.c. M6 4D,消防車底盤,,0.0,0.0,MAN TGL 8.190 4X2 BB 4580c.c. M6 4D 消防車底盤
德曼汽車股份有限公司,C3D675005G-1,進口,LMN04.6FZA6-C3,D0834LFLAJ,MAN TGL 8.190 4X2 BB  4580c.c. M6 4D (奧地利) 消防車底盤,8800.0,0.0,MAN TGL 8.190 4X2 BB 4580c.c. M6 4D (奧地利),消防車底盤,,0.0,0.0,MAN TGL 8.190 4X2 BB 4580c.c. M6 4D (奧地利) 消防車底盤
德曼汽車股份有限公司,C3D675005G-1,進口,LMN04.6FZA6-C3,D0834LFLAJ,MAN TGL 8.190 4x2 BB CH  4580c.c. A6 2D 軸距3050mm (德國) 消防車底盤,8800.0,0.0,MAN TGL 8.190 4x2 BB CH 4580c.c. A6 2D 軸距3050mm (德國),消防車底盤,,0.0,0.0,MAN TGL 8.190 4x2 BB CH 4580c.c. A6 2D 軸距3050mm (德國) 消防車底盤
德曼汽車股份有限公司,C3D675005G-1,進口,LMN04.6FZA6-C3,D0834LFLAJ,MAN TGL 8.190 4x2 BB CH  4580c.c. A6 2D 軸距3050mm (波蘭) 消防車底盤,8800.0,0.0,MAN TGL 8.190 4x2 BB CH 4580c.c. A6 2D 軸距3050mm (波蘭),消防車底盤,,0.0,0.0,MAN TGL 8.190 4x2 BB CH 4580c.c. A6 2D 軸距3050mm (波蘭) 消防車底盤
德曼汽車股份有限公司,C2D675005G-1,進口,LMN04.6FZA6-C2,D0834LFLAJ,MAN TGL 8.190 4x2 BB CH  4580c.c. A6 4D  消防車底盤,8800.0,0.0,MAN TGL 8.190 4x2 BB CH 4580c.c. A6 4D,消防車底盤,,0.0,0.0,MAN TGL 8.190 4x2 BB CH 4580c.c. A6 4D 消防車底盤
德曼汽車股份有限公司,C3D675005G-1,進口,LMN04.6FZA6-C3,D0834LFLAJ,MAN TGL 8.190 4x2 BB CH  4580c.c. A6 4D (德國) 消防車底盤,8800.0,0.0,MAN TGL 8.190 4x2 BB CH 4580c.c. A6 4D (德國),消防車底盤,,0.0,0.0,MAN TGL 8.190 4x2 BB CH 4580c.c. A6 4D (德國) 消防車底盤
德曼汽車股份有限公司,C3D675005G-1,進口,LMN04.6FZA6-C3,D0834LFLAJ,MAN TGL 8.190 4x2 BB CH  4580c.c. A6 4D (波蘭) 消防車底盤,8800.0,0.0,MAN TGL 8.190 4x2 BB CH 4580c.c. A6 4D (波蘭),消防車底盤,,0.0,0.0,MAN TGL 8.190 4x2 BB CH 4580c.c. A6 4D (波蘭) 消防車底盤
德曼汽車股份有限公司,C4D675007H-1,進口,MMN04.6FZA5-C4,D0834LFLAU,MAN TGL 8.190 4x2 BB CH  4580c.c. A8 2D 軸距3050mm 消防車底盤,8800.0,1.0,MAN TGL 8.190 4x2 BB CH 4580c.c. A8 2D 軸距3050mm,消防車底盤,,0.0,1.0,MAN TGL 8.190 4x2 BB CH 4580c.c. A8 2D 軸距3050mm 消防車底盤
德曼汽車股份有限公司,C4D675004G-4,進口,KMN06.8FZA0-C4,D0836LFLAQ,MAN TGM 13.250 4x4 BB CH  6871c.c. A12 4D (德國) 消防車底盤,14100.0,0.0,MAN TGM 13.250 4x4 BB CH 6871c.c. A12 4D (德國),消防車底盤,,0.0,0.0,MAN TGM 13.250 4x4 BB CH 6871c.c. A12 4D (德國) 消防車底盤
德曼汽車股份有限公司,C4D675004G-4,進口,KMN06.8FZA0-C4,D0836LFLAQ,MAN TGM 13.250 4x4 BB CH  6871c.c. A12 4D (波蘭) 消防車底盤,14100.0,2.0,MAN TGM 13.250 4x4 BB CH 6871c.c. A12 4D (波蘭),消防車底盤,,0.0,2.0,MAN TGM 13.250 4x4 BB CH 6871c.c. A12 4D (波蘭) 消防車底盤
德曼汽車股份有限公司,C4D675004G-2,進口,KMN06.8FZA0-C4,D0836LFLAP,MAN TGM 13.320 4x4 BB CH  6871c.c. A12 2D 軸距3600 mm (德國) 大貨車底盤,14100.0,0.0,MAN TGM 13.320 4x4 BB CH 6871c.c. A12 2D 軸距3600 mm (德國),大貨車底盤,,0.0,0.0,MAN TGM 13.320 4x4 BB CH 6871c.c. A12 2D 軸距3600 mm (德國) 大貨車底盤
德曼汽車股份有限公司,C4D675004G-2,進口,KMN06.8FZA0-C4,D0836LFLAP,MAN TGM 13.320 4x4 BB CH  6871c.c. A12 2D 軸距3600 mm (波蘭) 大貨車底盤,14100.0,0.0,MAN TGM 13.320 4x4 BB CH 6871c.c. A12 2D 軸距3600 mm (波蘭),大貨車底盤,,0.0,0.0,MAN TGM 13.320 4x4 BB CH 6871c.c. A12 2D 軸距3600 mm (波蘭) 大貨車底盤
德曼汽車股份有限公司,C4D675004G-3,進口,KMN06.8FZA0-C4,D0836LFLAP,MAN TGM 13.320 4x4 BB CH  6871c.c. A12 2D 軸距3600mm (德國) 大貨車底盤,14100.0,0.0,MAN TGM 13.320 4x4 BB CH 6871c.c. A12 2D 軸距3600mm (德國),大貨車底盤,,0.0,0.0,MAN TGM 13.320 4x4 BB CH 6871c.c. A12 2D 軸距3600mm (德國) 大貨車底盤
德曼汽車股份有限公司,C4D675004G-3,進口,KMN06.8FZA0-C4,D0836LFLAP,MAN TGM 13.320 4x4 BB CH  6871c.c. A12 2D 軸距3600mm (波蘭) 大貨車底盤,14100.0,1.0,MAN TGM 13.320 4x4 BB CH 6871c.c. A12 2D 軸距3600mm (波蘭),大貨車底盤,,0.0,1.0,MAN TGM 13.320 4x4 BB CH 6871c.c. A12 2D 軸距3600mm (波蘭) 大貨車底盤
德曼汽車股份有限公司,C1D675006G-1,進口,KMN06.8FZA0-C1,D0836LFLAQ,MAN TGM 15.250 4X2 BB  6871c.c. A12 2D  消防車底盤,15000.0,0.0,MAN TGM 15.250 4X2 BB 6871c.c. A12 2D,消防車底盤,,0.0,0.0,MAN TGM 15.250 4X2 BB 6871c.c. A12 2D 消防車底盤
德曼汽車股份有限公司,C3D675004G-1,進口,KMN06.8FZA0-C3,D0836LFLAQ,MAN TGM 15.250 4X2 BB  6871c.c. A12 2D (奧地利) 消防車底盤,15000.0,0.0,MAN TGM 15.250 4X2 BB 6871c.c. A12 2D (奧地利),消防車底盤,,0.0,0.0,MAN TGM 15.250 4X2 BB 6871c.c. A12 2D (奧地利) 消防車底盤
德曼汽車股份有限公司,C3D675004G-1,進口,KMN06.8FZA0-C3,D0836LFLAQ,MAN TGM 15.250 4X2 BB  6871c.c. A12 2D (德國) 消防車底盤,15000.0,0.0,MAN TGM 15.250 4X2 BB 6871c.c. A12 2D (德國),消防車底盤,,0.0,0.0,MAN TGM 15.250 4X2 BB 6871c.c. A12 2D (德國) 消防車底盤
德曼汽車股份有限公司,C3D675004G-1,進口,KMN06.8FZA0-C3,D0836LFLAQ,MAN TGM 15.250 4X2 BB  6871c.c. A12 2D (波蘭) 消防車底盤,15000.0,0.0,MAN TGM 15.250 4X2 BB 6871c.c. A12 2D (波蘭),消防車底盤,,0.0,0.0,MAN TGM 15.250 4X2 BB 6871c.c. A12 2D (波蘭) 消防車底盤
德曼汽車股份有限公司,C2D675003G-5,進口,KMN06.8FZA0-C2,D0836LFLAQ,MAN TGM 15.250 4x2 BB CH  6871c.c. A12 2D  消防車底盤,16000.0,0.0,MAN TGM 15.250 4x2 BB CH 6871c.c. A12 2D,消防車底盤,,0.0,0.0,MAN TGM 15.250 4x2 BB CH 6871c.c. A12 2D 消防車底盤
德曼汽車股份有限公司,C3D675004G-1,進口,KMN06.8FZA0-C3,D0836LFLAQ,MAN TGM 15.250 4x2 BB CH  6871c.c. A12 2D (奧地利) 消防車底盤,16000.0,0.0,MAN TGM 15.250 4x2 BB CH 6871c.c. A12 2D (奧地利),消防車底盤,,0.0,0.0,MAN TGM 15.250 4x2 BB CH 6871c.c. A12 2D (奧地利) 消防車底盤
德曼汽車股份有限公司,C3D675004G-1,進口,KMN06.8FZA0-C3,D0836LFLAQ,MAN TGM 15.250 4x2 BB CH  6871c.c. A12 2D (德國) 消防車底盤,16000.0,0.0,MAN TGM 15.250 4x2 BB CH 6871c.c. A12 2D (德國),消防車底盤,,0.0,0.0,MAN TGM 15.250 4x2 BB CH 6871c.c. A12 2D (德國) 消防車底盤
德曼汽車股份有限公司,C3D675004G-1,進口,KMN06.8FZA0-C3,D0836LFLAQ,MAN TGM 15.250 4x2 BB CH  6871c.c. A12 2D (波蘭) 消防車底盤,16000.0,0.0,MAN TGM 15.250 4x2 BB CH 6871c.c. A12 2D (波蘭),消防車底盤,,0.0,0.0,MAN TGM 15.250 4x2 BB CH 6871c.c. A12 2D (波蘭) 消防車底盤
德曼汽車股份有限公司,C2D675003G-3,進口,KMN06.8FZA0-C2,D0836LFLAQ,MAN TGM 15.250 4x2 BB CH  6871c.c. A12 4D  消防車底盤,16000.0,0.0,MAN TGM 15.250 4x2 BB CH 6871c.c. A12 4D,消防車底盤,,0.0,0.0,MAN TGM 15.250 4x2 BB CH 6871c.c. A12 4D 消防車底盤
德曼汽車股份有限公司,C3D675004G-1,進口,KMN06.8FZA0-C3,D0836LFLAQ,MAN TGM 15.250 4x2 BB CH  6871c.c. A12 4D (奧地利) 消防車底盤,16000.0,0.0,MAN TGM 15.250 4x2 BB CH 6871c.c. A12 4D (奧地利),消防車底盤,,0.0,0.0,MAN TGM 15.250 4x2 BB CH 6871c.c. A12 4D (奧地利) 消防車底盤
德曼汽車股份有限公司,C3D675004G-1,進口,KMN06.8FZA0-C3,D0836LFLAQ,MAN TGM 15.250 4x2 BB CH  6871c.c. A12 4D (德國) 消防車底盤,16000.0,0.0,MAN TGM 15.250 4x2 BB CH 6871c.c. A12 4D (德國),消防車底盤,,0.0,0.0,MAN TGM 15.250 4x2 BB CH 6871c.c. A12 4D (德國) 消防車底盤
德曼汽車股份有限公司,C3D675004G-1,進口,KMN06.8FZA0-C3,D0836LFLAQ,MAN TGM 15.250 4x2 BB CH  6871c.c. A12 4D (波蘭) 消防車底盤,16000.0,0.0,MAN TGM 15.250 4x2 BB CH 6871c.c. A12 4D (波蘭),消防車底盤,,0.0,0.0,MAN TGM 15.250 4x2 BB CH 6871c.c. A12 4D (波蘭) 消防車底盤
德曼汽車股份有限公司,C3D675004G-5,進口,KMN06.8FZA0-C3,D0836LFLAR,MAN TGM 18.290 4x2 BL CH  6871c.c. A12 4D 軸距4425mm (德國) 消防車底盤,19500.0,0.0,MAN TGM 18.290 4x2 BL CH 6871c.c. A12 4D 軸距4425mm (德國),消防車底盤,,0.0,0.0,MAN TGM 18.290 4x2 BL CH 6871c.c. A12 4D 軸距4425mm (德國) 消防車底盤
德曼汽車股份有限公司,C3D675004G-5,進口,KMN06.8FZA0-C3,D0836LFLAR,MAN TGM 18.290 4x2 BL CH  6871c.c. A12 4D 軸距4425mm (波蘭) 消防車底盤,19500.0,0.0,MAN TGM 18.290 4x2 BL CH 6871c.c. A12 4D 軸距4425mm (波蘭),消防車底盤,,0.0,0.0,MAN TGM 18.290 4x2 BL CH 6871c.c. A12 4D 軸距4425mm (波蘭) 消防車底盤
德曼汽車股份有限公司,C2D675003G-5,進口,KMN06.8FZA0-C2,D0836LFLAR,MAN TGM 18.290 4x4 BB CH  6871c.c. A12 2D  消防車底盤,18000.0,0.0,MAN TGM 18.290 4x4 BB CH 6871c.c. A12 2D,消防車底盤,,0.0,0.0,MAN TGM 18.290 4x4 BB CH 6871c.c. A12 2D 消防車底盤
德曼汽車股份有限公司,C3D675004G-1,進口,KMN06.8FZA0-C3,D0836LFLAR,MAN TGM 18.290 4x4 BB CH  6871c.c. A12 2D (奧地利) 消防車底盤,18000.0,0.0,MAN TGM 18.290 4x4 BB CH 6871c.c. A12 2D (奧地利),消防車底盤,,0.0,0.0,MAN TGM 18.290 4x4 BB CH 6871c.c. A12 2D (奧地利) 消防車底盤
德曼汽車股份有限公司,C3D675004G-1,進口,KMN06.8FZA0-C3,D0836LFLAR,MAN TGM 18.290 4x4 BB CH  6871c.c. A12 2D (德國) 消防車底盤,18000.0,0.0,MAN TGM 18.290 4x4 BB CH 6871c.c. A12 2D (德國),消防車底盤,,0.0,0.0,MAN TGM 18.290 4x4 BB CH 6871c.c. A12 2D (德國) 消防車底盤
德曼汽車股份有限公司,C3D675004G-1,進口,KMN06.8FZA0-C3,D0836LFLAR,MAN TGM 18.290 4x4 BB CH  6871c.c. A12 2D (波蘭) 消防車底盤,18000.0,0.0,MAN TGM 18.290 4x4 BB CH 6871c.c. A12 2D (波蘭),消防車底盤,,0.0,0.0,MAN TGM 18.290 4x4 BB CH 6871c.c. A12 2D (波蘭) 消防車底盤
德曼汽車股份有限公司,C3D675004G-2,進口,KMN06.8FZA0-C3,D0836LFLAP,MAN TGM 18.320 4x2 BB CH  6871c.c. A12 2D 軸距3875mm (奧地利) 大貨車底盤,19000.0,0.0,MAN TGM 18.320 4x2 BB CH 6871c.c. A12 2D 軸距3875mm (奧地利),大貨車底盤,,0.0,0.0,MAN TGM 18.320 4x2 BB CH 6871c.c. A12 2D 軸距3875mm (奧地利) 大貨車底盤
德曼汽車股份有限公司,C3D675004G-2,進口,KMN06.8FZA0-C3,D0836LFLAP,MAN TGM 18.320 4x2 BB CH  6871c.c. A12 2D 軸距3875mm (德國) 大貨車底盤,19000.0,0.0,MAN TGM 18.320 4x2 BB CH 6871c.c. A12 2D 軸距3875mm (德國),大貨車底盤,,0.0,0.0,MAN TGM 18.320 4x2 BB CH 6871c.c. A12 2D 軸距3875mm (德國) 大貨車底盤
德曼汽車股份有限公司,C3D675004G-2,進口,KMN06.8FZA0-C3,D0836LFLAP,MAN TGM 18.320 4x2 BB CH  6871c.c. A12 2D 軸距3875mm (波蘭) 大貨車底盤,19000.0,0.0,MAN TGM 18.320 4x2 BB CH 6871c.c. A12 2D 軸距3875mm (波蘭),大貨車底盤,,0.0,0.0,MAN TGM 18.320 4x2 BB CH 6871c.c. A12 2D 軸距3875mm (波蘭) 大貨車底盤
德曼汽車股份有限公司,C3D675004G-5,進口,KMN06.8FZA0-C3,D0836LFLAP,MAN TGM 18.320 4x2 BB CH  6871c.c. A12 2D 軸距4125mm (德國) 大貨車底盤,19000.0,0.0,MAN TGM 18.320 4x2 BB CH 6871c.c. A12 2D 軸距4125mm (德國),大貨車底盤,,0.0,0.0,MAN TGM 18.320 4x2 BB CH 6871c.c. A12 2D 軸距4125mm (德國) 大貨車底盤
德曼汽車股份有限公司,C3D675004G-5,進口,KMN06.8FZA0-C3,D0836LFLAP,MAN TGM 18.320 4x2 BB CH  6871c.c. A12 2D 軸距4125mm (波蘭) 大貨車底盤,19000.0,0.0,MAN TGM 18.320 4x2 BB CH 6871c.c. A12 2D 軸距4125mm (波蘭),大貨車底盤,,0.0,0.0,MAN TGM 18.320 4x2 BB CH 6871c.c. A12 2D 軸距4125mm (波蘭) 大貨車底盤
德曼汽車股份有限公司,C3D675004G-5,進口,KMN06.8FZA0-C3,D0836LFLAP,MAN TGM 18.320 4x2 BB CH  6871c.c. A12 2D 軸距4425mm (德國) 大貨車底盤,19000.0,0.0,MAN TGM 18.320 4x2 BB CH 6871c.c. A12 2D 軸距4425mm (德國),大貨車底盤,,0.0,0.0,MAN TGM 18.320 4x2 BB CH 6871c.c. A12 2D 軸距4425mm (德國) 大貨車底盤
德曼汽車股份有限公司,C3D675004G-5,進口,KMN06.8FZA0-C3,D0836LFLAP,MAN TGM 18.320 4x2 BB CH  6871c.c. A12 2D 軸距4425mm (波蘭) 大貨車底盤,19000.0,0.0,MAN TGM 18.320 4x2 BB CH 6871c.c. A12 2D 軸距4425mm (波蘭),大貨車底盤,,0.0,0.0,MAN TGM 18.320 4x2 BB CH 6871c.c. A12 2D 軸距4425mm (波蘭) 大貨車底盤
德曼汽車股份有限公司,C2D675003G-4,進口,KMN06.8FZA0-C2,D0836LFLAP,MAN TGM 18.320 4x2 BB CH  6871c.c. A12 2D 軸距5075mm 大貨車底盤,18600.0,0.0,MAN TGM 18.320 4x2 BB CH 6871c.c. A12 2D 軸距5075mm,大貨車底盤,,0.0,0.0,MAN TGM 18.320 4x2 BB CH 6871c.c. A12 2D 軸距5075mm 大貨車底盤
德曼汽車股份有限公司,C3D675004G-1,進口,KMN06.8FZA0-C3,D0836LFLAP,MAN TGM 18.320 4x2 BB CH  6871c.c. A12 2D 軸距5075mm (奧地利) 大貨車底盤,18600.0,0.0,MAN TGM 18.320 4x2 BB CH 6871c.c. A12 2D 軸距5075mm (奧地利),大貨車底盤,,0.0,0.0,MAN TGM 18.320 4x2 BB CH 6871c.c. A12 2D 軸距5075mm (奧地利) 大貨車底盤
德曼汽車股份有限公司,C3D675004G-1,進口,KMN06.8FZA0-C3,D0836LFLAP,MAN TGM 18.320 4x2 BB CH  6871c.c. A12 2D 軸距5075mm (德國) 大貨車底盤,18600.0,0.0,MAN TGM 18.320 4x2 BB CH 6871c.c. A12 2D 軸距5075mm (德國),大貨車底盤,,0.0,0.0,MAN TGM 18.320 4x2 BB CH 6871c.c. A12 2D 軸距5075mm (德國) 大貨車底盤
德曼汽車股份有限公司,C3D675004G-1,進口,KMN06.8FZA0-C3,D0836LFLAP,MAN TGM 18.320 4x2 BB CH  6871c.c. A12 2D 軸距5075mm (波蘭) 大貨車底盤,18600.0,0.0,MAN TGM 18.320 4x2 BB CH 6871c.c. A12 2D 軸距5075mm (波蘭),大貨車底盤,,0.0,0.0,MAN TGM 18.320 4x2 BB CH 6871c.c. A12 2D 軸距5075mm (波蘭) 大貨車底盤
德曼汽車股份有限公司,C3D675004G-1,進口,KMN06.8FZA0-C3,D0836LFLAP,MAN TGM 18.320 4x2 BB CH  6871c.c. A12 2D 軸距5425mm (奧地利) 大貨車底盤,19000.0,0.0,MAN TGM 18.320 4x2 BB CH 6871c.c. A12 2D 軸距5425mm (奧地利),大貨車底盤,,0.0,0.0,MAN TGM 18.320 4x2 BB CH 6871c.c. A12 2D 軸距5425mm (奧地利) 大貨車底盤
德曼汽車股份有限公司,C3D675004G-1,進口,KMN06.8FZA0-C3,D0836LFLAP,MAN TGM 18.320 4x2 BB CH  6871c.c. A12 2D 軸距5425mm (德國) 大貨車底盤,19000.0,0.0,MAN TGM 18.320 4x2 BB CH 6871c.c. A12 2D 軸距5425mm (德國),大貨車底盤,,0.0,0.0,MAN TGM 18.320 4x2 BB CH 6871c.c. A12 2D 軸距5425mm (德國) 大貨車底盤
德曼汽車股份有限公司,C3D675004G-1,進口,KMN06.8FZA0-C3,D0836LFLAP,MAN TGM 18.320 4x2 BB CH  6871c.c. A12 2D 軸距5425mm (波蘭) 大貨車底盤,19000.0,0.0,MAN TGM 18.320 4x2 BB CH 6871c.c. A12 2D 軸距5425mm (波蘭),大貨車底盤,,0.0,0.0,MAN TGM 18.320 4x2 BB CH 6871c.c. A12 2D 軸距5425mm (波蘭) 大貨車底盤
德曼汽車股份有限公司,C2D675003G-5,進口,KMN06.8FZA0-C2,D0836LFLAP,MAN TGM 18.320 4x2 BB CH  6871c.c. A12 2D 軸距5775mm 大貨車底盤,18600.0,0.0,MAN TGM 18.320 4x2 BB CH 6871c.c. A12 2D 軸距5775mm,大貨車底盤,,0.0,0.0,MAN TGM 18.320 4x2 BB CH 6871c.c. A12 2D 軸距5775mm 大貨車底盤
德曼汽車股份有限公司,C3D675004G-1,進口,KMN06.8FZA0-C3,D0836LFLAP,MAN TGM 18.320 4x2 BB CH  6871c.c. A12 2D 軸距5775mm (奧地利) 大貨車底盤,18600.0,0.0,MAN TGM 18.320 4x2 BB CH 6871c.c. A12 2D 軸距5775mm (奧地利),大貨車底盤,,0.0,0.0,MAN TGM 18.320 4x2 BB CH 6871c.c. A12 2D 軸距5775mm (奧地利) 大貨車底盤
德曼汽車股份有限公司,C3D675004G-1,進口,KMN06.8FZA0-C3,D0836LFLAP,MAN TGM 18.320 4x2 BB CH  6871c.c. A12 2D 軸距5775mm (德國) 大貨車底盤,18600.0,0.0,MAN TGM 18.320 4x2 BB CH 6871c.c. A12 2D 軸距5775mm (德國),大貨車底盤,,0.0,0.0,MAN TGM 18.320 4x2 BB CH 6871c.c. A12 2D 軸距5775mm (德國) 大貨車底盤
德曼汽車股份有限公司,C3D675004G-1,進口,KMN06.8FZA0-C3,D0836LFLAP,MAN TGM 18.320 4x2 BB CH  6871c.c. A12 2D 軸距5775mm (波蘭) 大貨車底盤,18600.0,1.0,MAN TGM 18.320 4x2 BB CH 6871c.c. A12 2D 軸距5775mm (波蘭),大貨車底盤,,0.0,1.0,MAN TGM 18.320 4x2 BB CH 6871c.c. A12 2D 軸距5775mm (波蘭) 大貨車底盤
德曼汽車股份有限公司,C3D675004G-1,進口,KMN06.8FZA0-C3,D0836LFLAP,MAN TGM 18.320 4x2 BB CH  6871c.c. A12 2D 軸距6175mm (奧地利) 大貨車底盤,19000.0,0.0,MAN TGM 18.320 4x2 BB CH 6871c.c. A12 2D 軸距6175mm (奧地利),大貨車底盤,,0.0,0.0,MAN TGM 18.320 4x2 BB CH 6871c.c. A12 2D 軸距6175mm (奧地利) 大貨車底盤
德曼汽車股份有限公司,C3D675004G-1,進口,KMN06.8FZA0-C3,D0836LFLAP,MAN TGM 18.320 4x2 BB CH  6871c.c. A12 2D 軸距6175mm (德國) 大貨車底盤,19000.0,0.0,MAN TGM 18.320 4x2 BB CH 6871c.c. A12 2D 軸距6175mm (德國),大貨車底盤,,0.0,0.0,MAN TGM 18.320 4x2 BB CH 6871c.c. A12 2D 軸距6175mm (德國) 大貨車底盤
德曼汽車股份有限公司,C3D675004G-1,進口,KMN06.8FZA0-C3,D0836LFLAP,MAN TGM 18.320 4x2 BB CH  6871c.c. A12 2D 軸距6175mm (波蘭) 大貨車底盤,19000.0,0.0,MAN TGM 18.320 4x2 BB CH 6871c.c. A12 2D 軸距6175mm (波蘭),大貨車底盤,,0.0,0.0,MAN TGM 18.320 4x2 BB CH 6871c.c. A12 2D 軸距6175mm (波蘭) 大貨車底盤
德曼汽車股份有限公司,C2D675003G-2,進口,KMN06.8FZA0-C2,D0836LFLAP,MAN TGM 18.320 4x2 BB CH  6871c.c. M8 2D 軸距3875mm 大貨車底盤,18600.0,0.0,MAN TGM 18.320 4x2 BB CH 6871c.c. M8 2D 軸距3875mm,大貨車底盤,,0.0,0.0,MAN TGM 18.320 4x2 BB CH 6871c.c. M8 2D 軸距3875mm 大貨車底盤
德曼汽車股份有限公司,C3D675004G-1,進口,KMN06.8FZA0-C3,D0836LFLAP,MAN TGM 18.320 4x2 BB CH  6871c.c. M8 2D 軸距3875mm (奧地利) 大貨車底盤,18600.0,0.0,MAN TGM 18.320 4x2 BB CH 6871c.c. M8 2D 軸距3875mm (奧地利),大貨車底盤,,0.0,0.0,MAN TGM 18.320 4x2 BB CH 6871c.c. M8 2D 軸距3875mm (奧地利) 大貨車底盤
德曼汽車股份有限公司,C3D675004G-1,進口,KMN06.8FZA0-C3,D0836LFLAP,MAN TGM 18.320 4x2 BB CH  6871c.c. M8 2D 軸距3875mm (德國) 大貨車底盤,18600.0,0.0,MAN TGM 18.320 4x2 BB CH 6871c.c. M8 2D 軸距3875mm (德國),大貨車底盤,,0.0,0.0,MAN TGM 18.320 4x2 BB CH 6871c.c. M8 2D 軸距3875mm (德國) 大貨車底盤
德曼汽車股份有限公司,C3D675004G-1,進口,KMN06.8FZA0-C3,D0836LFLAP,MAN TGM 18.320 4x2 BB CH  6871c.c. M8 2D 軸距3875mm (波蘭) 大貨車底盤,18600.0,0.0,MAN TGM 18.320 4x2 BB CH 6871c.c. M8 2D 軸距3875mm (波蘭),大貨車底盤,,0.0,0.0,MAN TGM 18.320 4x2 BB CH 6871c.c. M8 2D 軸距3875mm (波蘭) 大貨車底盤
德曼汽車股份有限公司,C3D675004G-3,進口,KMN06.8FZA0-C3,D0836LFLAP,MAN TGM 18.320 4x2 BB CH  6871c.c. M8 2D 軸距4125mm (德國) 大貨車底盤,19000.0,0.0,MAN TGM 18.320 4x2 BB CH 6871c.c. M8 2D 軸距4125mm (德國),大貨車底盤,,0.0,0.0,MAN TGM 18.320 4x2 BB CH 6871c.c. M8 2D 軸距4125mm (德國) 大貨車底盤
德曼汽車股份有限公司,C3D675004G-3,進口,KMN06.8FZA0-C3,D0836LFLAP,MAN TGM 18.320 4x2 BB CH  6871c.c. M8 2D 軸距4125mm (波蘭) 大貨車底盤,19000.0,0.0,MAN TGM 18.320 4x2 BB CH 6871c.c. M8 2D 軸距4125mm (波蘭),大貨車底盤,,0.0,0.0,MAN TGM 18.320 4x2 BB CH 6871c.c. M8 2D 軸距4125mm (波蘭) 大貨車底盤
德曼汽車股份有限公司,C3D675004G-5,進口,KMN06.8FZA0-C3,D0836LFLAP,MAN TGM 18.320 4x2 BB CH  6871c.c. M8 2D 軸距5775mm (德國) 大貨車底盤,18600.0,0.0,MAN TGM 18.320 4x2 BB CH 6871c.c. M8 2D 軸距5775mm (德國),大貨車底盤,,0.0,0.0,MAN TGM 18.320 4x2 BB CH 6871c.c. M8 2D 軸距5775mm (德國) 大貨車底盤
德曼汽車股份有限公司,C3D675004G-5,進口,KMN06.8FZA0-C3,D0836LFLAP,MAN TGM 18.320 4x2 BB CH  6871c.c. M8 2D 軸距5775mm (波蘭) 大貨車底盤,18600.0,0.0,MAN TGM 18.320 4x2 BB CH 6871c.c. M8 2D 軸距5775mm (波蘭),大貨車底盤,,0.0,0.0,MAN TGM 18.320 4x2 BB CH 6871c.c. M8 2D 軸距5775mm (波蘭) 大貨車底盤
德曼汽車股份有限公司,C4D675004G-2,進口,KMN06.8FZA0-C4,D0836LFLAP,MAN TGM 18.320 4x2 BL CH  6871c.c. A12 2D 軸距5425 mm (德國) 大貨車底盤,19000.0,0.0,MAN TGM 18.320 4x2 BL CH 6871c.c. A12 2D 軸距5425 mm (德國),大貨車底盤,,0.0,0.0,MAN TGM 18.320 4x2 BL CH 6871c.c. A12 2D 軸距5425 mm (德國) 大貨車底盤
德曼汽車股份有限公司,C4D675004G-2,進口,KMN06.8FZA0-C4,D0836LFLAP,MAN TGM 18.320 4x2 BL CH  6871c.c. A12 2D 軸距5425 mm (波蘭) 大貨車底盤,19000.0,0.0,MAN TGM 18.320 4x2 BL CH 6871c.c. A12 2D 軸距5425 mm (波蘭),大貨車底盤,,0.0,0.0,MAN TGM 18.320 4x2 BL CH 6871c.c. A12 2D 軸距5425 mm (波蘭) 大貨車底盤
德曼汽車股份有限公司,C4D675004G-3,進口,KMN06.8FZA0-C4,D0836LFLAP,MAN TGM 18.320 4x2 BL CH  6871c.c. A12 2D 軸距5425mm (德國) 大貨車底盤,19000.0,0.0,MAN TGM 18.320 4x2 BL CH 6871c.c. A12 2D 軸距5425mm (德國),大貨車底盤,,0.0,0.0,MAN TGM 18.320 4x2 BL CH 6871c.c. A12 2D 軸距5425mm (德國) 大貨車底盤
德曼汽車股份有限公司,C4D675004G-3,進口,KMN06.8FZA0-C4,D0836LFLAP,MAN TGM 18.320 4x2 BL CH  6871c.c. A12 2D 軸距5425mm (波蘭) 大貨車底盤,19000.0,1.0,MAN TGM 18.320 4x2 BL CH 6871c.c. A12 2D 軸距5425mm (波蘭),大貨車底盤,,0.0,1.0,MAN TGM 18.320 4x2 BL CH 6871c.c. A12 2D 軸距5425mm (波蘭) 大貨車底盤
德曼汽車股份有限公司,C1D675006G-1,進口,KMN06.8FZA0-C1,D0836LFLAP,MAN TGM 18.320 4x2 BL CH  6871c.c. A12 2D 軸距6175mm 大貨車底盤,19000.0,0.0,MAN TGM 18.320 4x2 BL CH 6871c.c. A12 2D 軸距6175mm,大貨車底盤,,0.0,0.0,MAN TGM 18.320 4x2 BL CH 6871c.c. A12 2D 軸距6175mm 大貨車底盤
德曼汽車股份有限公司,C3D675004G-1,進口,KMN06.8FZA0-C3,D0836LFLAP,MAN TGM 18.320 4x2 BL CH  6871c.c. A12 2D 軸距6175mm (奧地利) 大貨車底盤,19000.0,0.0,MAN TGM 18.320 4x2 BL CH 6871c.c. A12 2D 軸距6175mm (奧地利),大貨車底盤,,0.0,0.0,MAN TGM 18.320 4x2 BL CH 6871c.c. A12 2D 軸距6175mm (奧地利) 大貨車底盤
德曼汽車股份有限公司,C3D675004G-1,進口,KMN06.8FZA0-C3,D0836LFLAP,MAN TGM 18.320 4x2 BL CH  6871c.c. A12 2D 軸距6175mm (德國) 大貨車底盤,19000.0,0.0,MAN TGM 18.320 4x2 BL CH 6871c.c. A12 2D 軸距6175mm (德國),大貨車底盤,,0.0,0.0,MAN TGM 18.320 4x2 BL CH 6871c.c. A12 2D 軸距6175mm (德國) 大貨車底盤
德曼汽車股份有限公司,C3D675004G-1,進口,KMN06.8FZA0-C3,D0836LFLAP,MAN TGM 18.320 4x2 BL CH  6871c.c. A12 2D 軸距6175mm (波蘭) 大貨車底盤,19000.0,0.0,MAN TGM 18.320 4x2 BL CH 6871c.c. A12 2D 軸距6175mm (波蘭),大貨車底盤,,0.0,0.0,MAN TGM 18.320 4x2 BL CH 6871c.c. A12 2D 軸距6175mm (波蘭) 大貨車底盤
德曼汽車股份有限公司,C3D675004G-2,進口,KMN06.8FZA0-C3,D0836LFLAP,MAN TGM 18.320 4x2 BL CH  6871c.c. A12 2D 軸距6575mm (奧地利) 大貨車底盤,19000.0,0.0,MAN TGM 18.320 4x2 BL CH 6871c.c. A12 2D 軸距6575mm (奧地利),大貨車底盤,,0.0,0.0,MAN TGM 18.320 4x2 BL CH 6871c.c. A12 2D 軸距6575mm (奧地利) 大貨車底盤
德曼汽車股份有限公司,C3D675004G-2,進口,KMN06.8FZA0-C3,D0836LFLAP,MAN TGM 18.320 4x2 BL CH  6871c.c. A12 2D 軸距6575mm (德國) 大貨車底盤,19000.0,0.0,MAN TGM 18.320 4x2 BL CH 6871c.c. A12 2D 軸距6575mm (德國),大貨車底盤,,0.0,0.0,MAN TGM 18.320 4x2 BL CH 6871c.c. A12 2D 軸距6575mm (德國) 大貨車底盤
德曼汽車股份有限公司,C3D675004G-2,進口,KMN06.8FZA0-C3,D0836LFLAP,MAN TGM 18.320 4x2 BL CH  6871c.c. A12 2D 軸距6575mm (波蘭) 大貨車底盤,19000.0,0.0,MAN TGM 18.320 4x2 BL CH 6871c.c. A12 2D 軸距6575mm (波蘭),大貨車底盤,,0.0,0.0,MAN TGM 18.320 4x2 BL CH 6871c.c. A12 2D 軸距6575mm (波蘭) 大貨車底盤
德曼汽車股份有限公司,C3D675004G-4,進口,KMN06.8FZA0-C3,D0836LFLAP,MAN TGM 18.320 4x2 LL CH  6871c.c. A12 2D 軸距4425mm (德國) 大貨車底盤,19000.0,0.0,MAN TGM 18.320 4x2 LL CH 6871c.c. A12 2D 軸距4425mm (德國),大貨車底盤,,0.0,0.0,MAN TGM 18.320 4x2 LL CH 6871c.c. A12 2D 軸距4425mm (德國) 大貨車底盤
德曼汽車股份有限公司,C3D675004G-4,進口,KMN06.8FZA0-C3,D0836LFLAP,MAN TGM 18.320 4x2 LL CH  6871c.c. A12 2D 軸距4425mm (波蘭) 大貨車底盤,19000.0,0.0,MAN TGM 18.320 4x2 LL CH 6871c.c. A12 2D 軸距4425mm (波蘭),大貨車底盤,,0.0,0.0,MAN TGM 18.320 4x2 LL CH 6871c.c. A12 2D 軸距4425mm (波蘭) 大貨車底盤
德曼汽車股份有限公司,C1D675003G-1,進口,LMN09.0FZS5,D1556LF07,MAN TGS 18.400 4x2 BL SA  9037c.c. A12 2D  曳引車,19000.0,0.0,MAN TGS 18.400 4x2 BL SA 9037c.c. A12 2D,曳引車,,0.0,0.0,MAN TGS 18.400 4x2 BL SA 9037c.c. A12 2D 曳引車
德曼汽車股份有限公司,C3D675003G-1,進口,LMN09.0FZS5-C3,D1556LF07,MAN TGS 18.400 4x2 BL SA  9037c.c. A12 2D (德國) 曳引車,19000.0,5.0,MAN TGS 18.400 4x2 BL SA 9037c.c. A12 2D (德國),曳引車,,0.0,5.0,MAN TGS 18.400 4x2 BL SA 9037c.c. A12 2D (德國) 曳引車
德曼汽車股份有限公司,C3D675003G-1,進口,LMN09.0FZS5-C3,D1556LF07,MAN TGS 18.400 4x2 BL SA  9037c.c. A12 2D (波蘭) 曳引車,19000.0,2.0,MAN TGS 18.400 4x2 BL SA 9037c.c. A12 2D (波蘭),曳引車,,0.0,2.0,MAN TGS 18.400 4x2 BL SA 9037c.c. A12 2D (波蘭) 曳引車
德曼汽車股份有限公司,C1D675004G-2,進口,KMN12.4FZA8-C1,D2676LF79,MAN TGS 18.470 4x2 BL SA  12419c.c. A12 2D  曳引車,19000.0,0.0,MAN TGS 18.470 4x2 BL SA 12419c.c. A12 2D,曳引車,,0.0,0.0,MAN TGS 18.470 4x2 BL SA 12419c.c. A12 2D 曳引車
德曼汽車股份有限公司,C3D675002G-1,進口,KMN12.4FZA8-C3,D2676LF79,MAN TGS 18.470 4x2 BL SA  12419c.c. A12 2D (德國) 曳引車,19000.0,2.0,MAN TGS 18.470 4x2 BL SA 12419c.c. A12 2D (德國),曳引車,進口,3.0,5.0,MAN TGS 18.470 4x2 BL SA 12419c.c. A12 2D (德國) 曳引車
德曼汽車股份有限公司,C3D675002G-1,進口,KMN12.4FZA8-C3,D2676LF79,MAN TGS 18.470 4x2 BL SA  12419c.c. A12 2D (波蘭) 曳引車,19000.0,1.0,MAN TGS 18.470 4x2 BL SA 12419c.c. A12 2D (波蘭),曳引車,,0.0,1.0,MAN TGS 18.470 4x2 BL SA 12419c.c. A12 2D (波蘭) 曳引車
德曼汽車股份有限公司,C1D675004G-1,進口,KMN12.4FZA8-C1,D2676LF79,MAN TGS 18.470 4x2 BL SA  12419c.c. A14 2D  曳引車,19000.0,0.0,MAN TGS 18.470 4x2 BL SA 12419c.c. A14 2D,曳引車,,0.0,0.0,MAN TGS 18.470 4x2 BL SA 12419c.c. A14 2D 曳引車
德曼汽車股份有限公司,C3D675002G-1,進口,KMN12.4FZA8-C3,D2676LF79,MAN TGS 18.470 4x2 BL SA  12419c.c. A14 2D (德國) 曳引車,19000.0,3.0,MAN TGS 18.470 4x2 BL SA 12419c.c. A14 2D (德國),曳引車,進口,1.0,4.0,MAN TGS 18.470 4x2 BL SA 12419c.c. A14 2D (德國) 曳引車
德曼汽車股份有限公司,C3D675002G-1,進口,KMN12.4FZA8-C3,D2676LF79,MAN TGS 18.470 4x2 BL SA  12419c.c. A14 2D (波蘭) 曳引車,19000.0,6.0,MAN TGS 18.470 4x2 BL SA 12419c.c. A14 2D (波蘭),曳引車,進口,2.0,8.0,MAN TGS 18.470 4x2 BL SA 12419c.c. A14 2D (波蘭) 曳引車
德曼汽車股份有限公司,C2D675001G-2,進口,LMN09.0FZS5-C2,D1556LF11,MAN TGS 26.360 6x4 BB CH  9037c.c. A12 2D 軸距5600mm 消防車底盤,28000.0,0.0,MAN TGS 26.360 6x4 BB CH 9037c.c. A12 2D 軸距5600mm,消防車底盤,,0.0,0.0,MAN TGS 26.360 6x4 BB CH 9037c.c. A12 2D 軸距5600mm 消防車底盤
德曼汽車股份有限公司,C3D675003G-1,進口,LMN09.0FZS5-C3,D1556LF11,MAN TGS 26.360 6x4 BB CH  9037c.c. A12 2D 軸距5600mm (德國) 消防車底盤,28000.0,0.0,MAN TGS 26.360 6x4 BB CH 9037c.c. A12 2D 軸距5600mm (德國),消防車底盤,,0.0,0.0,MAN TGS 26.360 6x4 BB CH 9037c.c. A12 2D 軸距5600mm (德國) 消防車底盤
德曼汽車股份有限公司,C3D675003G-1,進口,LMN09.0FZS5-C3,D1556LF11,MAN TGS 26.360 6x4 BB CH  9037c.c. A12 2D 軸距5600mm (波蘭) 消防車底盤,28000.0,0.0,MAN TGS 26.360 6x4 BB CH 9037c.c. A12 2D 軸距5600mm (波蘭),消防車底盤,進口,1.0,1.0,MAN TGS 26.360 6x4 BB CH 9037c.c. A12 2D 軸距5600mm (波蘭) 消防車底盤
德曼汽車股份有限公司,C2D675001G-2,進口,LMN09.0FZS5-C2,D1556LF11,MAN TGS 26.360 6x4 BB CH  9037c.c. A12 2D 軸距6500mm 消防車底盤,28000.0,0.0,MAN TGS 26.360 6x4 BB CH 9037c.c. A12 2D 軸距6500mm,消防車底盤,,0.0,0.0,MAN TGS 26.360 6x4 BB CH 9037c.c. A12 2D 軸距6500mm 消防車底盤
德曼汽車股份有限公司,C3D675003G-1,進口,LMN09.0FZS5-C3,D1556LF11,MAN TGS 26.360 6x4 BB CH  9037c.c. A12 2D 軸距6500mm (德國) 消防車底盤,28000.0,0.0,MAN TGS 26.360 6x4 BB CH 9037c.c. A12 2D 軸距6500mm (德國),消防車底盤,,0.0,0.0,MAN TGS 26.360 6x4 BB CH 9037c.c. A12 2D 軸距6500mm (德國) 消防車底盤
德曼汽車股份有限公司,C3D675003G-1,進口,LMN09.0FZS5-C3,D1556LF11,MAN TGS 26.360 6x4 BB CH  9037c.c. A12 2D 軸距6500mm (波蘭) 消防車底盤,28000.0,0.0,MAN TGS 26.360 6x4 BB CH 9037c.c. A12 2D 軸距6500mm (波蘭),消防車底盤,,0.0,0.0,MAN TGS 26.360 6x4 BB CH 9037c.c. A12 2D 軸距6500mm (波蘭) 消防車底盤
德曼汽車股份有限公司,C1D675004G-1,進口,KMN12.4FZA8-C1,D2676LF79,MAN TGS 26.470 6x2/2 BL SA  12419c.c. A12 2D  曳引車,26000.0,0.0,MAN TGS 26.470 6x2/2 BL SA 12419c.c. A12 2D,曳引車,,0.0,0.0,MAN TGS 26.470 6x2/2 BL SA 12419c.c. A12 2D 曳引車
德曼汽車股份有限公司,C3D675002G-1,進口,KMN12.4FZA8-C3,D2676LF79,MAN TGS 26.470 6x2/2 BL SA  12419c.c. A12 2D (德國) 曳引車,26000.0,1.0,MAN TGS 26.470 6x2/2 BL SA 12419c.c. A12 2D (德國),曳引車,,0.0,1.0,MAN TGS 26.470 6x2/2 BL SA 12419c.c. A12 2D (德國) 曳引車
德曼汽車股份有限公司,C3D675002G-1,進口,KMN12.4FZA8-C3,D2676LF79,MAN TGS 26.470 6x2/2 BL SA  12419c.c. A12 2D (波蘭) 曳引車,26000.0,9.0,MAN TGS 26.470 6x2/2 BL SA 12419c.c. A12 2D (波蘭),曳引車,進口,2.0,11.0,MAN TGS 26.470 6x2/2 BL SA 12419c.c. A12 2D (波蘭) 曳引車
德曼汽車股份有限公司,C5D675002H-1,進口,OMN12.4FZN3,D2676LFAX,MAN TGS 26.520 6x2/4 BL SA  12419c.c. A12 2D (德國) 曳引車,26000.0,0.0,MAN TGS 26.520 6x2/4 BL SA 12419c.c. A12 2D (德國),曳引車,,0.0,0.0,MAN TGS 26.520 6x2/4 BL SA 12419c.c. A12 2D (德國) 曳引車
德曼汽車股份有限公司,C5D675002H-1,進口,OMN12.4FZN3,D2676LFAX,MAN TGS 26.520 6x2/4 BL SA  12419c.c. A12 2D (波蘭) 曳引車,26000.0,0.0,MAN TGS 26.520 6x2/4 BL SA 12419c.c. A12 2D (波蘭),曳引車,進口,3.0,3.0,MAN TGS 26.520 6x2/4 BL SA 12419c.c. A12 2D (波蘭) 曳引車
德曼汽車股份有限公司,C2D675002G-4,進口,KMN12.4FZA8-C2,D2676LF79,MAN TGS 28.470 6x2=2 BL CH  12419c.c. A12 2D 軸距6500mm 兼供曳引大貨車底盤,28000.0,0.0,MAN TGS 28.470 6x2=2 BL CH 12419c.c. A12 2D 軸距6500mm,兼供曳引大貨車底盤,,0.0,0.0,MAN TGS 28.470 6x2=2 BL CH 12419c.c. A12 2D 軸距6500mm 兼供曳引大貨車底盤
德曼汽車股份有限公司,C3D675002G-1,進口,KMN12.4FZA8-C3,D2676LF79,MAN TGS 28.470 6x2=2 BL CH  12419c.c. A12 2D 軸距6500mm (德國) 兼供曳引大貨車底盤,28000.0,0.0,MAN TGS 28.470 6x2=2 BL CH 12419c.c. A12 2D 軸距6500mm (德國),兼供曳引大貨車底盤,,0.0,0.0,MAN TGS 28.470 6x2=2 BL CH 12419c.c. A12 2D 軸距6500mm (德國) 兼供曳引大貨車底盤
德曼汽車股份有限公司,C3D675002G-1,進口,KMN12.4FZA8-C3,D2676LF79,MAN TGS 28.470 6x2=2 BL CH  12419c.c. A12 2D 軸距6500mm (波蘭) 兼供曳引大貨車底盤,28000.0,0.0,MAN TGS 28.470 6x2=2 BL CH 12419c.c. A12 2D 軸距6500mm (波蘭),兼供曳引大貨車底盤,,0.0,0.0,MAN TGS 28.470 6x2=2 BL CH 12419c.c. A12 2D 軸距6500mm (波蘭) 兼供曳引大貨車底盤
德曼汽車股份有限公司,C1D675004G-2,進口,KMN12.4FZA8-C1,D2676LF79,MAN TGS 28.470 6x2=2 BL CH  12419c.c. A12 2D 軸距6850mm 兼供曳引大貨車底盤,28000.0,0.0,MAN TGS 28.470 6x2=2 BL CH 12419c.c. A12 2D 軸距6850mm,兼供曳引大貨車底盤,,0.0,0.0,MAN TGS 28.470 6x2=2 BL CH 12419c.c. A12 2D 軸距6850mm 兼供曳引大貨車底盤
德曼汽車股份有限公司,C3D675002G-1,進口,KMN12.4FZA8-C3,D2676LF79,MAN TGS 28.470 6x2=2 BL CH  12419c.c. A12 2D 軸距6850mm (德國) 兼供曳引大貨車底盤,28000.0,0.0,MAN TGS 28.470 6x2=2 BL CH 12419c.c. A12 2D 軸距6850mm (德國),兼供曳引大貨車底盤,,0.0,0.0,MAN TGS 28.470 6x2=2 BL CH 12419c.c. A12 2D 軸距6850mm (德國) 兼供曳引大貨車底盤
德曼汽車股份有限公司,C3D675002G-1,進口,KMN12.4FZA8-C3,D2676LF79,MAN TGS 28.470 6x2=2 BL CH  12419c.c. A12 2D 軸距6850mm (波蘭) 兼供曳引大貨車底盤,28000.0,8.0,MAN TGS 28.470 6x2=2 BL CH 12419c.c. A12 2D 軸距6850mm (波蘭),兼供曳引大貨車底盤,,0.0,8.0,MAN TGS 28.470 6x2=2 BL CH 12419c.c. A12 2D 軸距6850mm (波蘭) 兼供曳引大貨車底盤
德曼汽車股份有限公司,C1D675004G-1,進口,KMN12.4FZA8-C1,D2676LF79,MAN TGS 28.470 6x2=2 BL SA  12419c.c. A12 2D  曳引車,28000.0,0.0,MAN TGS 28.470 6x2=2 BL SA 12419c.c. A12 2D,曳引車,,0.0,0.0,MAN TGS 28.470 6x2=2 BL SA 12419c.c. A12 2D 曳引車
德曼汽車股份有限公司,C3D675002G-1,進口,KMN12.4FZA8-C3,D2676LF79,MAN TGS 28.470 6x2=2 BL SA  12419c.c. A12 2D (德國) 曳引車,28000.0,0.0,MAN TGS 28.470 6x2=2 BL SA 12419c.c. A12 2D (德國),曳引車,,0.0,0.0,MAN TGS 28.470 6x2=2 BL SA 12419c.c. A12 2D (德國) 曳引車
德曼汽車股份有限公司,C3D675002G-1,進口,KMN12.4FZA8-C3,D2676LF79,MAN TGS 28.470 6x2=2 BL SA  12419c.c. A12 2D (波蘭) 曳引車,28000.0,9.0,MAN TGS 28.470 6x2=2 BL SA 12419c.c. A12 2D (波蘭),曳引車,,0.0,9.0,MAN TGS 28.470 6x2=2 BL SA 12419c.c. A12 2D (波蘭) 曳引車
德曼汽車股份有限公司,C2D675002G-4,進口,KMN12.4FZA8-C2,D2676LF78,MAN TGS 28.510 6x2=2 BL SA  12419c.c. A12 2D  曳引車,28000.0,0.0,MAN TGS 28.510 6x2=2 BL SA 12419c.c. A12 2D,曳引車,,0.0,0.0,MAN TGS 28.510 6x2=2 BL SA 12419c.c. A12 2D 曳引車
德曼汽車股份有限公司,C3D675002G-1,進口,KMN12.4FZA8-C3,D2676LF78,MAN TGS 28.510 6x2=2 BL SA  12419c.c. A12 2D (德國) 曳引車,28000.0,0.0,MAN TGS 28.510 6x2=2 BL SA 12419c.c. A12 2D (德國),曳引車,,0.0,0.0,MAN TGS 28.510 6x2=2 BL SA 12419c.c. A12 2D (德國) 曳引車
德曼汽車股份有限公司,C3D675002G-1,進口,KMN12.4FZA8-C3,D2676LF78,MAN TGS 28.510 6x2=2 BL SA  12419c.c. A12 2D (波蘭) 曳引車,28000.0,2.0,MAN TGS 28.510 6x2=2 BL SA 12419c.c. A12 2D (波蘭),曳引車,進口,1.0,3.0,MAN TGS 28.510 6x2=2 BL SA 12419c.c. A12 2D (波蘭) 曳引車
德曼汽車股份有限公司,C4D675008H-1,進口,OMN12.4FZN3,D2676LFAX,MAN TGS 28.520 6x2=2 BL SA  12419c.c. A12 2D (德國) 曳引車,28000.0,0.0,MAN TGS 28.520 6x2=2 BL SA 12419c.c. A12 2D (德國),曳引車,,0.0,0.0,MAN TGS 28.520 6x2=2 BL SA 12419c.c. A12 2D (德國) 曳引車
德曼汽車股份有限公司,C4D675008H-1,進口,OMN12.4FZN3,D2676LFAX,MAN TGS 28.520 6x2=2 BL SA  12419c.c. A12 2D (波蘭) 曳引車,28000.0,1.0,MAN TGS 28.520 6x2=2 BL SA 12419c.c. A12 2D (波蘭),曳引車,,0.0,1.0,MAN TGS 28.520 6x2=2 BL SA 12419c.c. A12 2D (波蘭) 曳引車
德曼汽車股份有限公司,C2D675002G-5,進口,KMN12.4FZA8-C2,D2676LF79,MAN TGS 33.470 6x4 BB CH  12419c.c. A12 2D 軸距4700mm 大貨車底盤,33000.0,0.0,MAN TGS 33.470 6x4 BB CH 12419c.c. A12 2D 軸距4700mm,大貨車底盤,,0.0,0.0,MAN TGS 33.470 6x4 BB CH 12419c.c. A12 2D 軸距4700mm 大貨車底盤
德曼汽車股份有限公司,C3D675002G-1,進口,KMN12.4FZA8-C3,D2676LF79,MAN TGS 33.470 6x4 BB CH  12419c.c. A12 2D 軸距4700mm (德國) 大貨車底盤,33000.0,0.0,MAN TGS 33.470 6x4 BB CH 12419c.c. A12 2D 軸距4700mm (德國),大貨車底盤,,0.0,0.0,MAN TGS 33.470 6x4 BB CH 12419c.c. A12 2D 軸距4700mm (德國) 大貨車底盤
德曼汽車股份有限公司,C3D675002G-1,進口,KMN12.4FZA8-C3,D2676LF79,MAN TGS 33.470 6x4 BB CH  12419c.c. A12 2D 軸距4700mm (波蘭) 大貨車底盤,33000.0,0.0,MAN TGS 33.470 6x4 BB CH 12419c.c. A12 2D 軸距4700mm (波蘭),大貨車底盤,,0.0,0.0,MAN TGS 33.470 6x4 BB CH 12419c.c. A12 2D 軸距4700mm (波蘭) 大貨車底盤
德曼汽車股份有限公司,C4D675003G-1,進口,KMN12.4FZA8-C4,D2676LF79,MAN TGS 33.470 6x4 BB CH  12419c.c. A12 2D 軸距4700mm GCW (德國) 兼供曳引大貨車底盤,33000.0,0.0,MAN TGS 33.470 6x4 BB CH 12419c.c. A12 2D 軸距4700mm GCW (德國),兼供曳引大貨車底盤,,0.0,0.0,MAN TGS 33.470 6x4 BB CH 12419c.c. A12 2D 軸距4700mm GCW (德國) 兼供曳引大貨車底盤
德曼汽車股份有限公司,C4D675003G-1,進口,KMN12.4FZA8-C4,D2676LF79,MAN TGS 33.470 6x4 BB CH  12419c.c. A12 2D 軸距4700mm GCW (波蘭) 兼供曳引大貨車底盤,33000.0,0.0,MAN TGS 33.470 6x4 BB CH 12419c.c. A12 2D 軸距4700mm GCW (波蘭),兼供曳引大貨車底盤,,0.0,0.0,MAN TGS 33.470 6x4 BB CH 12419c.c. A12 2D 軸距4700mm GCW (波蘭) 兼供曳引大貨車底盤
德曼汽車股份有限公司,C4D675003G-4,進口,KMN12.4FZA8-C4,D2676LF79,MAN TGS 33.470 6x4 BB CH  12419c.c. A12 2D 軸距5000mm (德國) 兼供曳引大貨車底盤,33000.0,0.0,MAN TGS 33.470 6x4 BB CH 12419c.c. A12 2D 軸距5000mm (德國),兼供曳引大貨車底盤,,0.0,0.0,MAN TGS 33.470 6x4 BB CH 12419c.c. A12 2D 軸距5000mm (德國) 兼供曳引大貨車底盤
德曼汽車股份有限公司,C4D675003G-4,進口,KMN12.4FZA8-C4,D2676LF79,MAN TGS 33.470 6x4 BB CH  12419c.c. A12 2D 軸距5000mm (波蘭) 兼供曳引大貨車底盤,33000.0,1.0,MAN TGS 33.470 6x4 BB CH 12419c.c. A12 2D 軸距5000mm (波蘭),兼供曳引大貨車底盤,,0.0,1.0,MAN TGS 33.470 6x4 BB CH 12419c.c. A12 2D 軸距5000mm (波蘭) 兼供曳引大貨車底盤
德曼汽車股份有限公司,C2D675002G-4,進口,KMN12.4FZA8-C2,D2676LF79,MAN TGS 33.470 6x4 BB CH  12419c.c. A12 2D 軸距6500mm 兼供曳引大貨車底盤,33000.0,0.0,MAN TGS 33.470 6x4 BB CH 12419c.c. A12 2D 軸距6500mm,兼供曳引大貨車底盤,,0.0,0.0,MAN TGS 33.470 6x4 BB CH 12419c.c. A12 2D 軸距6500mm 兼供曳引大貨車底盤
德曼汽車股份有限公司,C3D675002G-1,進口,KMN12.4FZA8-C3,D2676LF79,MAN TGS 33.470 6x4 BB CH  12419c.c. A12 2D 軸距6500mm (德國) 兼供曳引大貨車底盤,33000.0,0.0,MAN TGS 33.470 6x4 BB CH 12419c.c. A12 2D 軸距6500mm (德國),兼供曳引大貨車底盤,,0.0,0.0,MAN TGS 33.470 6x4 BB CH 12419c.c. A12 2D 軸距6500mm (德國) 兼供曳引大貨車底盤
德曼汽車股份有限公司,C3D675002G-1,進口,KMN12.4FZA8-C3,D2676LF79,MAN TGS 33.470 6x4 BB CH  12419c.c. A12 2D 軸距6500mm (波蘭) 兼供曳引大貨車底盤,33000.0,0.0,MAN TGS 33.470 6x4 BB CH 12419c.c. A12 2D 軸距6500mm (波蘭),兼供曳引大貨車底盤,,0.0,0.0,MAN TGS 33.470 6x4 BB CH 12419c.c. A12 2D 軸距6500mm (波蘭) 兼供曳引大貨車底盤
德曼汽車股份有限公司,C3D675002G-4,進口,KMN12.4FZA8-C3,D2676LF79,MAN TGS 33.470 6x4 BB CH  12419c.c. M16 2D 軸距6500mm (德國) 兼供曳引大貨車底盤,33000.0,0.0,MAN TGS 33.470 6x4 BB CH 12419c.c. M16 2D 軸距6500mm (德國),兼供曳引大貨車底盤,,0.0,0.0,MAN TGS 33.470 6x4 BB CH 12419c.c. M16 2D 軸距6500mm (德國) 兼供曳引大貨車底盤
德曼汽車股份有限公司,C3D675002G-4,進口,KMN12.4FZA8-C3,D2676LF79,MAN TGS 33.470 6x4 BB CH  12419c.c. M16 2D 軸距6500mm (波蘭) 兼供曳引大貨車底盤,33000.0,0.0,MAN TGS 33.470 6x4 BB CH 12419c.c. M16 2D 軸距6500mm (波蘭),兼供曳引大貨車底盤,,0.0,0.0,MAN TGS 33.470 6x4 BB CH 12419c.c. M16 2D 軸距6500mm (波蘭) 兼供曳引大貨車底盤
德曼汽車股份有限公司,C3D675002G-4,進口,KMN12.4FZA8-C3,D2676LF78,MAN TGS 33.510 6x4 BB CH  12419c.c. A12 2D 軸距6500mm (德國) 兼供曳引大貨車底盤,33000.0,0.0,MAN TGS 33.510 6x4 BB CH 12419c.c. A12 2D 軸距6500mm (德國),兼供曳引大貨車底盤,,0.0,0.0,MAN TGS 33.510 6x4 BB CH 12419c.c. A12 2D 軸距6500mm (德國) 兼供曳引大貨車底盤
德曼汽車股份有限公司,C3D675002G-4,進口,KMN12.4FZA8-C3,D2676LF78,MAN TGS 33.510 6x4 BB CH  12419c.c. A12 2D 軸距6500mm (波蘭) 兼供曳引大貨車底盤,33000.0,0.0,MAN TGS 33.510 6x4 BB CH 12419c.c. A12 2D 軸距6500mm (波蘭),兼供曳引大貨車底盤,,0.0,0.0,MAN TGS 33.510 6x4 BB CH 12419c.c. A12 2D 軸距6500mm (波蘭) 兼供曳引大貨車底盤
德曼汽車股份有限公司,C2D675002G-1,進口,KMN12.4FZA8-C2,D2676LF78,MAN TGS 33.510 6x4 BB SA  12419c.c. A12 2D  曳引車,33000.0,0.0,MAN TGS 33.510 6x4 BB SA 12419c.c. A12 2D,曳引車,,0.0,0.0,MAN TGS 33.510 6x4 BB SA 12419c.c. A12 2D 曳引車
德曼汽車股份有限公司,C3D675002G-1,進口,KMN12.4FZA8-C3,D2676LF78,MAN TGS 33.510 6x4 BB SA  12419c.c. A12 2D (德國) 曳引車,33000.0,0.0,MAN TGS 33.510 6x4 BB SA 12419c.c. A12 2D (德國),曳引車,,0.0,0.0,MAN TGS 33.510 6x4 BB SA 12419c.c. A12 2D (德國) 曳引車
德曼汽車股份有限公司,C3D675002G-1,進口,KMN12.4FZA8-C3,D2676LF78,MAN TGS 33.510 6x4 BB SA  12419c.c. A12 2D (波蘭) 曳引車,33000.0,1.0,MAN TGS 33.510 6x4 BB SA 12419c.c. A12 2D (波蘭),曳引車,進口,1.0,2.0,MAN TGS 33.510 6x4 BB SA 12419c.c. A12 2D (波蘭) 曳引車
德曼汽車股份有限公司,C1D675004G-1,進口,KMN12.4FZA8-C1,D2676LF78,MAN TGS 33.510 6x4 BB SA  12419c.c. M16 2D  曳引車,33000.0,0.0,MAN TGS 33.510 6x4 BB SA 12419c.c. M16 2D,曳引車,,0.0,0.0,MAN TGS 33.510 6x4 BB SA 12419c.c. M16 2D 曳引車
德曼汽車股份有限公司,C3D675002G-1,進口,KMN12.4FZA8-C3,D2676LF78,MAN TGS 33.510 6x4 BB SA  12419c.c. M16 2D (德國) 曳引車,33000.0,0.0,MAN TGS 33.510 6x4 BB SA 12419c.c. M16 2D (德國),曳引車,,0.0,0.0,MAN TGS 33.510 6x4 BB SA 12419c.c. M16 2D (德國) 曳引車
德曼汽車股份有限公司,C3D675002G-1,進口,KMN12.4FZA8-C3,D2676LF78,MAN TGS 33.510 6x4 BB SA  12419c.c. M16 2D (波蘭) 曳引車,33000.0,0.0,MAN TGS 33.510 6x4 BB SA 12419c.c. M16 2D (波蘭),曳引車,,0.0,0.0,MAN TGS 33.510 6x4 BB SA 12419c.c. M16 2D (波蘭) 曳引車
德曼汽車股份有限公司,C5D675002H-1,進口,OMN12.4FZN3,D2676LFAX,MAN TGS 33.520 6x4 BB SA  12419c.c. M16 2D (德國) 曳引車,33000.0,0.0,MAN TGS 33.520 6x4 BB SA 12419c.c. M16 2D (德國),曳引車,,0.0,0.0,MAN TGS 33.520 6x4 BB SA 12419c.c. M16 2D (德國) 曳引車
德曼汽車股份有限公司,C5D675002H-1,進口,OMN12.4FZN3,D2676LFAX,MAN TGS 33.520 6x4 BB SA  12419c.c. M16 2D (波蘭) 曳引車,33000.0,3.0,MAN TGS 33.520 6x4 BB SA 12419c.c. M16 2D (波蘭),曳引車,,0.0,3.0,MAN TGS 33.520 6x4 BB SA 12419c.c. M16 2D (波蘭) 曳引車
德曼汽車股份有限公司,C2D675002G-5,進口,KMN12.4FZA8-C2,D2676LF79,MAN TGX 18.470 4x2 BL SA  12419c.c. A12 2D  曳引車,19000.0,0.0,MAN TGX 18.470 4x2 BL SA 12419c.c. A12 2D,曳引車,,0.0,0.0,MAN TGX 18.470 4x2 BL SA 12419c.c. A12 2D 曳引車
德曼汽車股份有限公司,C3D675002G-1,進口,KMN12.4FZA8-C3,D2676LF79,MAN TGX 18.470 4x2 BL SA  12419c.c. A12 2D (德國) 曳引車,19000.0,0.0,MAN TGX 18.470 4x2 BL SA 12419c.c. A12 2D (德國),曳引車,,0.0,0.0,MAN TGX 18.470 4x2 BL SA 12419c.c. A12 2D (德國) 曳引車
德曼汽車股份有限公司,C3D675002G-1,進口,KMN12.4FZA8-C3,D2676LF79,MAN TGX 18.470 4x2 BL SA  12419c.c. A12 2D (波蘭) 曳引車,19000.0,0.0,MAN TGX 18.470 4x2 BL SA 12419c.c. A12 2D (波蘭),曳引車,,0.0,0.0,MAN TGX 18.470 4x2 BL SA 12419c.c. A12 2D (波蘭) 曳引車
德曼汽車股份有限公司,C2D675002G-4,進口,KMN12.4FZA8-C2,D2676LF79,MAN TGX 18.470 4x2 BL SA  12419c.c. A14 2D  曳引車,19000.0,0.0,MAN TGX 18.470 4x2 BL SA 12419c.c. A14 2D,曳引車,,0.0,0.0,MAN TGX 18.470 4x2 BL SA 12419c.c. A14 2D 曳引車
德曼汽車股份有限公司,C3D675002G-1,進口,KMN12.4FZA8-C3,D2676LF79,MAN TGX 18.470 4x2 BL SA  12419c.c. A14 2D (德國) 曳引車,19000.0,0.0,MAN TGX 18.470 4x2 BL SA 12419c.c. A14 2D (德國),曳引車,,0.0,0.0,MAN TGX 18.470 4x2 BL SA 12419c.c. A14 2D (德國) 曳引車
德曼汽車股份有限公司,C3D675002G-1,進口,KMN12.4FZA8-C3,D2676LF79,MAN TGX 18.470 4x2 BL SA  12419c.c. A14 2D (波蘭) 曳引車,19000.0,0.0,MAN TGX 18.470 4x2 BL SA 12419c.c. A14 2D (波蘭),曳引車,,0.0,0.0,MAN TGX 18.470 4x2 BL SA 12419c.c. A14 2D (波蘭) 曳引車
德曼汽車股份有限公司,C2D675002G-4,進口,KMN12.4FZA8-C2,D2676LF78,MAN TGX 18.510 4x2 BL SA  12419c.c. A14 2D  曳引車,19000.0,0.0,MAN TGX 18.510 4x2 BL SA 12419c.c. A14 2D,曳引車,,0.0,0.0,MAN TGX 18.510 4x2 BL SA 12419c.c. A14 2D 曳引車
德曼汽車股份有限公司,C3D675002G-1,進口,KMN12.4FZA8-C3,D2676LF78,MAN TGX 18.510 4x2 BL SA  12419c.c. A14 2D (德國) 曳引車,19000.0,0.0,MAN TGX 18.510 4x2 BL SA 12419c.c. A14 2D (德國),曳引車,,0.0,0.0,MAN TGX 18.510 4x2 BL SA 12419c.c. A14 2D (德國) 曳引車
德曼汽車股份有限公司,C3D675002G-1,進口,KMN12.4FZA8-C3,D2676LF78,MAN TGX 18.510 4x2 BL SA  12419c.c. A14 2D (波蘭) 曳引車,19000.0,0.0,MAN TGX 18.510 4x2 BL SA 12419c.c. A14 2D (波蘭),曳引車,,0.0,0.0,MAN TGX 18.510 4x2 BL SA 12419c.c. A14 2D (波蘭) 曳引車
德曼汽車股份有限公司,C3D675002G-3,進口,KMN12.4FZA8-C3,D2676LF79,MAN TGX 26.470 6x2-4 BL CH  12419c.c. A12 2D 軸距6850mm (德國) 兼供曳引大貨車底盤,28000.0,0.0,MAN TGX 26.470 6x2-4 BL CH 12419c.c. A12 2D 軸距6850mm (德國),兼供曳引大貨車底盤,,0.0,0.0,MAN TGX 26.470 6x2-4 BL CH 12419c.c. A12 2D 軸距6850mm (德國) 兼供曳引大貨車底盤
德曼汽車股份有限公司,C3D675002G-3,進口,KMN12.4FZA8-C3,D2676LF79,MAN TGX 26.470 6x2-4 BL CH  12419c.c. A12 2D 軸距6850mm (波蘭) 兼供曳引大貨車底盤,28000.0,0.0,MAN TGX 26.470 6x2-4 BL CH 12419c.c. A12 2D 軸距6850mm (波蘭),兼供曳引大貨車底盤,,0.0,0.0,MAN TGX 26.470 6x2-4 BL CH 12419c.c. A12 2D 軸距6850mm (波蘭) 兼供曳引大貨車底盤
德曼汽車股份有限公司,C4D675003G-1,進口,KMN12.4FZA8-C4,D2676LF79,MAN TGX 26.470 6x2-4 LL CH  12419c.c. A12 2D 軸距6850mm (德國) 兼供曳引大貨車底盤,28000.0,0.0,MAN TGX 26.470 6x2-4 LL CH 12419c.c. A12 2D 軸距6850mm (德國),兼供曳引大貨車底盤,,0.0,0.0,MAN TGX 26.470 6x2-4 LL CH 12419c.c. A12 2D 軸距6850mm (德國) 兼供曳引大貨車底盤
德曼汽車股份有限公司,C4D675003G-1,進口,KMN12.4FZA8-C4,D2676LF79,MAN TGX 26.470 6x2-4 LL CH  12419c.c. A12 2D 軸距6850mm (波蘭) 兼供曳引大貨車底盤,28000.0,0.0,MAN TGX 26.470 6x2-4 LL CH 12419c.c. A12 2D 軸距6850mm (波蘭),兼供曳引大貨車底盤,,0.0,0.0,MAN TGX 26.470 6x2-4 LL CH 12419c.c. A12 2D 軸距6850mm (波蘭) 兼供曳引大貨車底盤
德曼汽車股份有限公司,C3D675002G-3,進口,KMN12.4FZA8-C3,D2676LF79,MAN TGX 26.470 6x2/2 BL SA  12419c.c. A12 2D (德國) 曳引車,28000.0,0.0,MAN TGX 26.470 6x2/2 BL SA 12419c.c. A12 2D (德國),曳引車,,0.0,0.0,MAN TGX 26.470 6x2/2 BL SA 12419c.c. A12 2D (德國) 曳引車
德曼汽車股份有限公司,C3D675002G-3,進口,KMN12.4FZA8-C3,D2676LF79,MAN TGX 26.470 6x2/2 BL SA  12419c.c. A12 2D (波蘭) 曳引車,28000.0,0.0,MAN TGX 26.470 6x2/2 BL SA 12419c.c. A12 2D (波蘭),曳引車,,0.0,0.0,MAN TGX 26.470 6x2/2 BL SA 12419c.c. A12 2D (波蘭) 曳引車
德曼汽車股份有限公司,C4D675003G-2,進口,KMN12.4FZA8-C4,D2676LF78,MAN TGX 26.510 6x2-4 LL CH  12419c.c. A12 2D 軸距6850mm (德國) 兼供曳引大貨車底盤,28000.0,0.0,MAN TGX 26.510 6x2-4 LL CH 12419c.c. A12 2D 軸距6850mm (德國),兼供曳引大貨車底盤,,0.0,0.0,MAN TGX 26.510 6x2-4 LL CH 12419c.c. A12 2D 軸距6850mm (德國) 兼供曳引大貨車底盤
德曼汽車股份有限公司,C4D675003G-2,進口,KMN12.4FZA8-C4,D2676LF78,MAN TGX 26.510 6x2-4 LL CH  12419c.c. A12 2D 軸距6850mm (波蘭) 兼供曳引大貨車底盤,28000.0,2.0,MAN TGX 26.510 6x2-4 LL CH 12419c.c. A12 2D 軸距6850mm (波蘭),兼供曳引大貨車底盤,,0.0,2.0,MAN TGX 26.510 6x2-4 LL CH 12419c.c. A12 2D 軸距6850mm (波蘭) 兼供曳引大貨車底盤
德曼汽車股份有限公司,C4D675003G-5,進口,KMN12.4FZA8-C4,D2676LF78,MAN TGX 26.510 6x2-4 LL CH  12419c.c. A12 2D 軸距7250mm (德國) 兼供曳引大貨車底盤,28000.0,0.0,MAN TGX 26.510 6x2-4 LL CH 12419c.c. A12 2D 軸距7250mm (德國),兼供曳引大貨車底盤,,0.0,0.0,MAN TGX 26.510 6x2-4 LL CH 12419c.c. A12 2D 軸距7250mm (德國) 兼供曳引大貨車底盤
德曼汽車股份有限公司,C4D675003G-5,進口,KMN12.4FZA8-C4,D2676LF78,MAN TGX 26.510 6x2-4 LL CH  12419c.c. A12 2D 軸距7250mm (波蘭) 兼供曳引大貨車底盤,28000.0,1.0,MAN TGX 26.510 6x2-4 LL CH 12419c.c. A12 2D 軸距7250mm (波蘭),兼供曳引大貨車底盤,,0.0,1.0,MAN TGX 26.510 6x2-4 LL CH 12419c.c. A12 2D 軸距7250mm (波蘭) 兼供曳引大貨車底盤
德曼汽車股份有限公司,C2D675002G-4,進口,KMN12.4FZA8-C2,D2676LF78,MAN TGX 26.510 6x2/2 BL SA  12419c.c. A12 2D  曳引車,26000.0,0.0,MAN TGX 26.510 6x2/2 BL SA 12419c.c. A12 2D,曳引車,,0.0,0.0,MAN TGX 26.510 6x2/2 BL SA 12419c.c. A12 2D 曳引車
德曼汽車股份有限公司,C3D675002G-1,進口,KMN12.4FZA8-C3,D2676LF78,MAN TGX 26.510 6x2/2 BL SA  12419c.c. A12 2D (德國) 曳引車,26000.0,0.0,MAN TGX 26.510 6x2/2 BL SA 12419c.c. A12 2D (德國),曳引車,,0.0,0.0,MAN TGX 26.510 6x2/2 BL SA 12419c.c. A12 2D (德國) 曳引車
德曼汽車股份有限公司,C3D675002G-1,進口,KMN12.4FZA8-C3,D2676LF78,MAN TGX 26.510 6x2/2 BL SA  12419c.c. A12 2D (波蘭) 曳引車,26000.0,0.0,MAN TGX 26.510 6x2/2 BL SA 12419c.c. A12 2D (波蘭),曳引車,,0.0,0.0,MAN TGX 26.510 6x2/2 BL SA 12419c.c. A12 2D (波蘭) 曳引車
德曼汽車股份有限公司,C2D675002G-4,進口,KMN12.4FZA8-C2,D2676LF78,MAN TGX 26.510 6x2/4 BL SA  12419c.c. A12 2D  曳引車,26000.0,0.0,MAN TGX 26.510 6x2/4 BL SA 12419c.c. A12 2D,曳引車,,0.0,0.0,MAN TGX 26.510 6x2/4 BL SA 12419c.c. A12 2D 曳引車
德曼汽車股份有限公司,C3D675002G-1,進口,KMN12.4FZA8-C3,D2676LF78,MAN TGX 26.510 6x2/4 BL SA  12419c.c. A12 2D (德國) 曳引車,26000.0,0.0,MAN TGX 26.510 6x2/4 BL SA 12419c.c. A12 2D (德國),曳引車,,0.0,0.0,MAN TGX 26.510 6x2/4 BL SA 12419c.c. A12 2D (德國) 曳引車
德曼汽車股份有限公司,C3D675002G-1,進口,KMN12.4FZA8-C3,D2676LF78,MAN TGX 26.510 6x2/4 BL SA  12419c.c. A12 2D (波蘭) 曳引車,26000.0,0.0,MAN TGX 26.510 6x2/4 BL SA 12419c.c. A12 2D (波蘭),曳引車,,0.0,0.0,MAN TGX 26.510 6x2/4 BL SA 12419c.c. A12 2D (波蘭) 曳引車
德曼汽車股份有限公司,C5D675002H-2,進口,OMN12.4FZN3,D2676LFAX,MAN TGX 26.520 6x2/4 BL SA  12419c.c. A12 2D (德國) 曳引車,26000.0,0.0,MAN TGX 26.520 6x2/4 BL SA 12419c.c. A12 2D (德國),曳引車,,0.0,0.0,MAN TGX 26.520 6x2/4 BL SA 12419c.c. A12 2D (德國) 曳引車
德曼汽車股份有限公司,C5D675002H-2,進口,OMN12.4FZN3,D2676LFAX,MAN TGX 26.520 6x2/4 BL SA  12419c.c. A12 2D (波蘭) 曳引車,26000.0,0.0,MAN TGX 26.520 6x2/4 BL SA 12419c.c. A12 2D (波蘭),曳引車,進口,1.0,1.0,MAN TGX 26.520 6x2/4 BL SA 12419c.c. A12 2D (波蘭) 曳引車
德曼汽車股份有限公司,C4D675002G-3,進口,LMN15.3FZS8-C4,D3876LF10,MAN TGX 26.640 6x2-4 LL CH  15256c.c. A12 2D 軸距6500mm (德國) 兼供曳引大貨車底盤,28000.0,1.0,MAN TGX 26.640 6x2-4 LL CH 15256c.c. A12 2D 軸距6500mm (德國),兼供曳引大貨車底盤,,0.0,1.0,MAN TGX 26.640 6x2-4 LL CH 15256c.c. A12 2D 軸距6500mm (德國) 兼供曳引大貨車底盤
德曼汽車股份有限公司,C4D675002G-3,進口,LMN15.3FZS8-C4,D3876LF10,MAN TGX 26.640 6x2-4 LL CH  15256c.c. A12 2D 軸距6500mm (波蘭) 兼供曳引大貨車底盤,28000.0,0.0,MAN TGX 26.640 6x2-4 LL CH 15256c.c. A12 2D 軸距6500mm (波蘭),兼供曳引大貨車底盤,,0.0,0.0,MAN TGX 26.640 6x2-4 LL CH 15256c.c. A12 2D 軸距6500mm (波蘭) 兼供曳引大貨車底盤
德曼汽車股份有限公司,C2D675004G-4,進口,LMN15.3FZS8-C2,D3876LF10,MAN TGX 26.640 6x2/4 BL SA  15256c.c. A12 2D  曳引車,26000.0,0.0,MAN TGX 26.640 6x2/4 BL SA 15256c.c. A12 2D,曳引車,,0.0,0.0,MAN TGX 26.640 6x2/4 BL SA 15256c.c. A12 2D 曳引車
德曼汽車股份有限公司,C3D675001G-1,進口,LMN15.3FZS8-C3,D3876LF10,MAN TGX 26.640 6x2/4 BL SA  15256c.c. A12 2D (德國) 曳引車,26000.0,0.0,MAN TGX 26.640 6x2/4 BL SA 15256c.c. A12 2D (德國),曳引車,,0.0,0.0,MAN TGX 26.640 6x2/4 BL SA 15256c.c. A12 2D (德國) 曳引車
德曼汽車股份有限公司,C3D675001G-1,進口,LMN15.3FZS8-C3,D3876LF10,MAN TGX 26.640 6x2/4 BL SA  15256c.c. A12 2D (波蘭) 曳引車,26000.0,0.0,MAN TGX 26.640 6x2/4 BL SA 15256c.c. A12 2D (波蘭),曳引車,,0.0,0.0,MAN TGX 26.640 6x2/4 BL SA 15256c.c. A12 2D (波蘭) 曳引車
德曼汽車股份有限公司,C2D675002G-1,進口,KMN12.4FZA8-C2,D2676LF79,MAN TGX 28.470 6x2=2 BL CH  12419c.c. A12 2D 軸距6850mm 兼供曳引大貨車底盤,28000.0,0.0,MAN TGX 28.470 6x2=2 BL CH 12419c.c. A12 2D 軸距6850mm,兼供曳引大貨車底盤,,0.0,0.0,MAN TGX 28.470 6x2=2 BL CH 12419c.c. A12 2D 軸距6850mm 兼供曳引大貨車底盤
德曼汽車股份有限公司,C3D675002G-1,進口,KMN12.4FZA8-C3,D2676LF79,MAN TGX 28.470 6x2=2 BL CH  12419c.c. A12 2D 軸距6850mm (德國) 兼供曳引大貨車底盤,28000.0,0.0,MAN TGX 28.470 6x2=2 BL CH 12419c.c. A12 2D 軸距6850mm (德國),兼供曳引大貨車底盤,,0.0,0.0,MAN TGX 28.470 6x2=2 BL CH 12419c.c. A12 2D 軸距6850mm (德國) 兼供曳引大貨車底盤
德曼汽車股份有限公司,C3D675002G-1,進口,KMN12.4FZA8-C3,D2676LF79,MAN TGX 28.470 6x2=2 BL CH  12419c.c. A12 2D 軸距6850mm (波蘭) 兼供曳引大貨車底盤,28000.0,6.0,MAN TGX 28.470 6x2=2 BL CH 12419c.c. A12 2D 軸距6850mm (波蘭),兼供曳引大貨車底盤,進口,1.0,7.0,MAN TGX 28.470 6x2=2 BL CH 12419c.c. A12 2D 軸距6850mm (波蘭) 兼供曳引大貨車底盤
德曼汽車股份有限公司,C3D675002G-4,進口,KMN12.4FZA8-C3,D2676LF79,MAN TGX 28.470 6x2=2 BL SA  12419c.c. A12 2D (德國) 曳引車,28000.0,0.0,MAN TGX 28.470 6x2=2 BL SA 12419c.c. A12 2D (德國),曳引車,,0.0,0.0,MAN TGX 28.470 6x2=2 BL SA 12419c.c. A12 2D (德國) 曳引車
德曼汽車股份有限公司,C3D675002G-4,進口,KMN12.4FZA8-C3,D2676LF79,MAN TGX 28.470 6x2=2 BL SA  12419c.c. A12 2D (波蘭) 曳引車,28000.0,0.0,MAN TGX 28.470 6x2=2 BL SA 12419c.c. A12 2D (波蘭),曳引車,,0.0,0.0,MAN TGX 28.470 6x2=2 BL SA 12419c.c. A12 2D (波蘭) 曳引車
德曼汽車股份有限公司,C5D675002H-2,進口,OMN12.4FZN3,D2676LFAY,MAN TGX 28.480 6x2=2 BL CH  12419c.c. A12 2D 軸距6850mm (德國) 兼供曳引大貨車底盤,28000.0,0.0,MAN TGX 28.480 6x2=2 BL CH 12419c.c. A12 2D 軸距6850mm (德國),兼供曳引大貨車底盤,,0.0,0.0,MAN TGX 28.480 6x2=2 BL CH 12419c.c. A12 2D 軸距6850mm (德國) 兼供曳引大貨車底盤
德曼汽車股份有限公司,C5D675002H-2,進口,OMN12.4FZN3,D2676LFAY,MAN TGX 28.480 6x2=2 BL CH  12419c.c. A12 2D 軸距6850mm (波蘭) 兼供曳引大貨車底盤,28000.0,0.0,MAN TGX 28.480 6x2=2 BL CH 12419c.c. A12 2D 軸距6850mm (波蘭),兼供曳引大貨車底盤,進口,1.0,1.0,MAN TGX 28.480 6x2=2 BL CH 12419c.c. A12 2D 軸距6850mm (波蘭) 兼供曳引大貨車底盤
德曼汽車股份有限公司,C2D675002G-2,進口,KMN12.4FZA8-C2,D2676LF78,MAN TGX 28.510 6x2=2 BL CH  12419c.c. A12 2D 軸距6850mm 兼供曳引大貨車底盤,28000.0,0.0,MAN TGX 28.510 6x2=2 BL CH 12419c.c. A12 2D 軸距6850mm,兼供曳引大貨車底盤,,0.0,0.0,MAN TGX 28.510 6x2=2 BL CH 12419c.c. A12 2D 軸距6850mm 兼供曳引大貨車底盤
德曼汽車股份有限公司,C3D675002G-1,進口,KMN12.4FZA8-C3,D2676LF78,MAN TGX 28.510 6x2=2 BL CH  12419c.c. A12 2D 軸距6850mm (德國) 兼供曳引大貨車底盤,28000.0,0.0,MAN TGX 28.510 6x2=2 BL CH 12419c.c. A12 2D 軸距6850mm (德國),兼供曳引大貨車底盤,,0.0,0.0,MAN TGX 28.510 6x2=2 BL CH 12419c.c. A12 2D 軸距6850mm (德國) 兼供曳引大貨車底盤
德曼汽車股份有限公司,C3D675002G-1,進口,KMN12.4FZA8-C3,D2676LF78,MAN TGX 28.510 6x2=2 BL CH  12419c.c. A12 2D 軸距6850mm (波蘭) 兼供曳引大貨車底盤,28000.0,0.0,MAN TGX 28.510 6x2=2 BL CH 12419c.c. A12 2D 軸距6850mm (波蘭),兼供曳引大貨車底盤,,0.0,0.0,MAN TGX 28.510 6x2=2 BL CH 12419c.c. A12 2D 軸距6850mm (波蘭) 兼供曳引大貨車底盤
德曼汽車股份有限公司,C4D675003G-3,進口,KMN12.4FZA8-C4,D2676LF78,MAN TGX 28.510 6x2=2 BL CH  12419c.c. M16 2D 軸距6850mm (德國) 兼供曳引大貨車底盤,28000.0,0.0,MAN TGX 28.510 6x2=2 BL CH 12419c.c. M16 2D 軸距6850mm (德國),兼供曳引大貨車底盤,,0.0,0.0,MAN TGX 28.510 6x2=2 BL CH 12419c.c. M16 2D 軸距6850mm (德國) 兼供曳引大貨車底盤
德曼汽車股份有限公司,C4D675003G-3,進口,KMN12.4FZA8-C4,D2676LF78,MAN TGX 28.510 6x2=2 BL CH  12419c.c. M16 2D 軸距6850mm (波蘭) 兼供曳引大貨車底盤,28000.0,1.0,MAN TGX 28.510 6x2=2 BL CH 12419c.c. M16 2D 軸距6850mm (波蘭),兼供曳引大貨車底盤,,0.0,1.0,MAN TGX 28.510 6x2=2 BL CH 12419c.c. M16 2D 軸距6850mm (波蘭) 兼供曳引大貨車底盤
德曼汽車股份有限公司,C2D675002G-3,進口,KMN12.4FZA8-C2,D2676LF78,MAN TGX 28.510 6x2=2 BL SA  12419c.c. A12 2D  曳引車,28000.0,0.0,MAN TGX 28.510 6x2=2 BL SA 12419c.c. A12 2D,曳引車,,0.0,0.0,MAN TGX 28.510 6x2=2 BL SA 12419c.c. A12 2D 曳引車
德曼汽車股份有限公司,C3D675002G-1,進口,KMN12.4FZA8-C3,D2676LF78,MAN TGX 28.510 6x2=2 BL SA  12419c.c. A12 2D (德國) 曳引車,28000.0,0.0,MAN TGX 28.510 6x2=2 BL SA 12419c.c. A12 2D (德國),曳引車,,0.0,0.0,MAN TGX 28.510 6x2=2 BL SA 12419c.c. A12 2D (德國) 曳引車
德曼汽車股份有限公司,C3D675002G-1,進口,KMN12.4FZA8-C3,D2676LF78,MAN TGX 28.510 6x2=2 BL SA  12419c.c. A12 2D (波蘭) 曳引車,28000.0,4.0,MAN TGX 28.510 6x2=2 BL SA 12419c.c. A12 2D (波蘭),曳引車,進口,1.0,5.0,MAN TGX 28.510 6x2=2 BL SA 12419c.c. A12 2D (波蘭) 曳引車
德曼汽車股份有限公司,C5D675002H-1,進口,OMN12.4FZN3,D2676LFAX,MAN TGX 28.520 6x2=2 BL CH  12419c.c. A12 2D 軸距6850mm (德國) 兼供曳引大貨車底盤,28000.0,0.0,MAN TGX 28.520 6x2=2 BL CH 12419c.c. A12 2D 軸距6850mm (德國),兼供曳引大貨車底盤,,0.0,0.0,MAN TGX 28.520 6x2=2 BL CH 12419c.c. A12 2D 軸距6850mm (德國) 兼供曳引大貨車底盤
德曼汽車股份有限公司,C5D675002H-1,進口,OMN12.4FZN3,D2676LFAX,MAN TGX 28.520 6x2=2 BL CH  12419c.c. A12 2D 軸距6850mm (波蘭) 兼供曳引大貨車底盤,28000.0,0.0,MAN TGX 28.520 6x2=2 BL CH 12419c.c. A12 2D 軸距6850mm (波蘭),兼供曳引大貨車底盤,進口,1.0,1.0,MAN TGX 28.520 6x2=2 BL CH 12419c.c. A12 2D 軸距6850mm (波蘭) 兼供曳引大貨車底盤
德曼汽車股份有限公司,C5D675002H-1,進口,OMN12.4FZN3,D2676LFAX,MAN TGX 28.520 6x2=2 BL SA  12419c.c. A12 2D (德國) 曳引車,28000.0,0.0,MAN TGX 28.520 6x2=2 BL SA 12419c.c. A12 2D (德國),曳引車,,0.0,0.0,MAN TGX 28.520 6x2=2 BL SA 12419c.c. A12 2D (德國) 曳引車
德曼汽車股份有限公司,C5D675002H-1,進口,OMN12.4FZN3,D2676LFAX,MAN TGX 28.520 6x2=2 BL SA  12419c.c. A12 2D (波蘭) 曳引車,28000.0,0.0,MAN TGX 28.520 6x2=2 BL SA 12419c.c. A12 2D (波蘭),曳引車,進口,1.0,1.0,MAN TGX 28.520 6x2=2 BL SA 12419c.c. A12 2D (波蘭) 曳引車
德曼汽車股份有限公司,C2D675004G-2,進口,LMN15.3FZS8-C2,D3876LF11,MAN TGX 28.580 6x2=2 BL SA  15256c.c. A12 2D  曳引車,28000.0,0.0,MAN TGX 28.580 6x2=2 BL SA 15256c.c. A12 2D,曳引車,,0.0,0.0,MAN TGX 28.580 6x2=2 BL SA 15256c.c. A12 2D 曳引車
德曼汽車股份有限公司,C3D675001G-1,進口,LMN15.3FZS8-C3,D3876LF11,MAN TGX 28.580 6x2=2 BL SA  15256c.c. A12 2D (德國) 曳引車,28000.0,0.0,MAN TGX 28.580 6x2=2 BL SA 15256c.c. A12 2D (德國),曳引車,,0.0,0.0,MAN TGX 28.580 6x2=2 BL SA 15256c.c. A12 2D (德國) 曳引車
德曼汽車股份有限公司,C3D675001G-1,進口,LMN15.3FZS8-C3,D3876LF11,MAN TGX 28.580 6x2=2 BL SA  15256c.c. A12 2D (波蘭) 曳引車,28000.0,0.0,MAN TGX 28.580 6x2=2 BL SA 15256c.c. A12 2D (波蘭),曳引車,,0.0,0.0,MAN TGX 28.580 6x2=2 BL SA 15256c.c. A12 2D (波蘭) 曳引車
德曼汽車股份有限公司,C2D675004G-4,進口,LMN15.3FZS8-C2,D3876LF10,MAN TGX 28.640 6x2=2 BL CH  15256c.c. A12 2D 軸距6500mm 兼供曳引大貨車底盤,28000.0,0.0,MAN TGX 28.640 6x2=2 BL CH 15256c.c. A12 2D 軸距6500mm,兼供曳引大貨車底盤,,0.0,0.0,MAN TGX 28.640 6x2=2 BL CH 15256c.c. A12 2D 軸距6500mm 兼供曳引大貨車底盤
德曼汽車股份有限公司,C3D675001G-1,進口,LMN15.3FZS8-C3,D3876LF10,MAN TGX 28.640 6x2=2 BL CH  15256c.c. A12 2D 軸距6500mm (德國) 兼供曳引大貨車底盤,28000.0,0.0,MAN TGX 28.640 6x2=2 BL CH 15256c.c. A12 2D 軸距6500mm (德國),兼供曳引大貨車底盤,,0.0,0.0,MAN TGX 28.640 6x2=2 BL CH 15256c.c. A12 2D 軸距6500mm (德國) 兼供曳引大貨車底盤
德曼汽車股份有限公司,C3D675001G-1,進口,LMN15.3FZS8-C3,D3876LF10,MAN TGX 28.640 6x2=2 BL CH  15256c.c. A12 2D 軸距6500mm (波蘭) 兼供曳引大貨車底盤,28000.0,0.0,MAN TGX 28.640 6x2=2 BL CH 15256c.c. A12 2D 軸距6500mm (波蘭),兼供曳引大貨車底盤,,0.0,0.0,MAN TGX 28.640 6x2=2 BL CH 15256c.c. A12 2D 軸距6500mm (波蘭) 兼供曳引大貨車底盤
德曼汽車股份有限公司,C2D675004G-1,進口,LMN15.3FZS8-C2,D3876LF10,MAN TGX 28.640 6x2=2 BL SA  15256c.c. A12 2D  曳引車,28000.0,0.0,MAN TGX 28.640 6x2=2 BL SA 15256c.c. A12 2D,曳引車,,0.0,0.0,MAN TGX 28.640 6x2=2 BL SA 15256c.c. A12 2D 曳引車
德曼汽車股份有限公司,C3D675001G-1,進口,LMN15.3FZS8-C3,D3876LF10,MAN TGX 28.640 6x2=2 BL SA  15256c.c. A12 2D (德國) 曳引車,28000.0,0.0,MAN TGX 28.640 6x2=2 BL SA 15256c.c. A12 2D (德國),曳引車,,0.0,0.0,MAN TGX 28.640 6x2=2 BL SA 15256c.c. A12 2D (德國) 曳引車
德曼汽車股份有限公司,C3D675001G-1,進口,LMN15.3FZS8-C3,D3876LF10,MAN TGX 28.640 6x2=2 BL SA  15256c.c. A12 2D (波蘭) 曳引車,28000.0,0.0,MAN TGX 28.640 6x2=2 BL SA 15256c.c. A12 2D (波蘭),曳引車,進口,1.0,1.0,MAN TGX 28.640 6x2=2 BL SA 15256c.c. A12 2D (波蘭) 曳引車
德曼汽車股份有限公司,C3D675002G-4,進口,KMN12.4FZA8-C3,D2676LF79,MAN TGX 33.470 6x4 BB CH  12419c.c. A12 2D 軸距6500mm (德國) 兼供曳引大貨車底盤,33000.0,0.0,MAN TGX 33.470 6x4 BB CH 12419c.c. A12 2D 軸距6500mm (德國),兼供曳引大貨車底盤,,0.0,0.0,MAN TGX 33.470 6x4 BB CH 12419c.c. A12 2D 軸距6500mm (德國) 兼供曳引大貨車底盤
德曼汽車股份有限公司,C3D675002G-4,進口,KMN12.4FZA8-C3,D2676LF79,MAN TGX 33.470 6x4 BB CH  12419c.c. A12 2D 軸距6500mm (波蘭) 兼供曳引大貨車底盤,33000.0,0.0,MAN TGX 33.470 6x4 BB CH 12419c.c. A12 2D 軸距6500mm (波蘭),兼供曳引大貨車底盤,,0.0,0.0,MAN TGX 33.470 6x4 BB CH 12419c.c. A12 2D 軸距6500mm (波蘭) 兼供曳引大貨車底盤
德曼汽車股份有限公司,C4D675003G-4,進口,KMN12.4FZA8-C4,D2676LF79,MAN TGX 33.470 6x4 BB CH  12419c.c. M16 2D 軸距5900mm (德國) 兼供曳引大貨車底盤,33000.0,0.0,MAN TGX 33.470 6x4 BB CH 12419c.c. M16 2D 軸距5900mm (德國),兼供曳引大貨車底盤,,0.0,0.0,MAN TGX 33.470 6x4 BB CH 12419c.c. M16 2D 軸距5900mm (德國) 兼供曳引大貨車底盤
德曼汽車股份有限公司,C4D675003G-4,進口,KMN12.4FZA8-C4,D2676LF79,MAN TGX 33.470 6x4 BB CH  12419c.c. M16 2D 軸距5900mm (波蘭) 兼供曳引大貨車底盤,33000.0,1.0,MAN TGX 33.470 6x4 BB CH 12419c.c. M16 2D 軸距5900mm (波蘭),兼供曳引大貨車底盤,,0.0,1.0,MAN TGX 33.470 6x4 BB CH 12419c.c. M16 2D 軸距5900mm (波蘭) 兼供曳引大貨車底盤
德曼汽車股份有限公司,C2D675002G-2,進口,KMN12.4FZA8-C2,D2676LF78,MAN TGX 33.510 6x4 BB CH  12419c.c. A12 2D 軸距6500mm 兼供曳引大貨車底盤,33000.0,0.0,MAN TGX 33.510 6x4 BB CH 12419c.c. A12 2D 軸距6500mm,兼供曳引大貨車底盤,,0.0,0.0,MAN TGX 33.510 6x4 BB CH 12419c.c. A12 2D 軸距6500mm 兼供曳引大貨車底盤
德曼汽車股份有限公司,C3D675002G-1,進口,KMN12.4FZA8-C3,D2676LF78,MAN TGX 33.510 6x4 BB CH  12419c.c. A12 2D 軸距6500mm (德國) 兼供曳引大貨車底盤,33000.0,0.0,MAN TGX 33.510 6x4 BB CH 12419c.c. A12 2D 軸距6500mm (德國),兼供曳引大貨車底盤,,0.0,0.0,MAN TGX 33.510 6x4 BB CH 12419c.c. A12 2D 軸距6500mm (德國) 兼供曳引大貨車底盤
德曼汽車股份有限公司,C3D675002G-1,進口,KMN12.4FZA8-C3,D2676LF78,MAN TGX 33.510 6x4 BB CH  12419c.c. A12 2D 軸距6500mm (波蘭) 兼供曳引大貨車底盤,33000.0,0.0,MAN TGX 33.510 6x4 BB CH 12419c.c. A12 2D 軸距6500mm (波蘭),兼供曳引大貨車底盤,,0.0,0.0,MAN TGX 33.510 6x4 BB CH 12419c.c. A12 2D 軸距6500mm (波蘭) 兼供曳引大貨車底盤
德曼汽車股份有限公司,C1D675004G-1,進口,KMN12.4FZA8-C1,D2676LF78,MAN TGX 33.510 6x4 BB SA  12419c.c. A12 2D  曳引車,33000.0,0.0,MAN TGX 33.510 6x4 BB SA 12419c.c. A12 2D,曳引車,,0.0,0.0,MAN TGX 33.510 6x4 BB SA 12419c.c. A12 2D 曳引車
德曼汽車股份有限公司,C3D675002G-1,進口,KMN12.4FZA8-C3,D2676LF78,MAN TGX 33.510 6x4 BB SA  12419c.c. A12 2D (德國) 曳引車,33000.0,1.0,MAN TGX 33.510 6x4 BB SA 12419c.c. A12 2D (德國),曳引車,進口,1.0,2.0,MAN TGX 33.510 6x4 BB SA 12419c.c. A12 2D (德國) 曳引車
德曼汽車股份有限公司,C3D675002G-1,進口,KMN12.4FZA8-C3,D2676LF78,MAN TGX 33.510 6x4 BB SA  12419c.c. A12 2D (波蘭) 曳引車,33000.0,0.0,MAN TGX 33.510 6x4 BB SA 12419c.c. A12 2D (波蘭),曳引車,進口,1.0,1.0,MAN TGX 33.510 6x4 BB SA 12419c.c. A12 2D (波蘭) 曳引車
德曼汽車股份有限公司,C2D675002G-4,進口,KMN12.4FZA8-C2,D2676LF78,MAN TGX 33.510 6x4 BB SA  12419c.c. M16 2D  曳引車,33000.0,0.0,MAN TGX 33.510 6x4 BB SA 12419c.c. M16 2D,曳引車,,0.0,0.0,MAN TGX 33.510 6x4 BB SA 12419c.c. M16 2D 曳引車
德曼汽車股份有限公司,C3D675002G-1,進口,KMN12.4FZA8-C3,D2676LF78,MAN TGX 33.510 6x4 BB SA  12419c.c. M16 2D (德國) 曳引車,33000.0,0.0,MAN TGX 33.510 6x4 BB SA 12419c.c. M16 2D (德國),曳引車,,0.0,0.0,MAN TGX 33.510 6x4 BB SA 12419c.c. M16 2D (德國) 曳引車
德曼汽車股份有限公司,C3D675002G-1,進口,KMN12.4FZA8-C3,D2676LF78,MAN TGX 33.510 6x4 BB SA  12419c.c. M16 2D (波蘭) 曳引車,33000.0,0.0,MAN TGX 33.510 6x4 BB SA 12419c.c. M16 2D (波蘭),曳引車,,0.0,0.0,MAN TGX 33.510 6x4 BB SA 12419c.c. M16 2D (波蘭) 曳引車
德曼汽車股份有限公司,C2D675004G-3,進口,LMN15.3FZS8-C2,D3876LF11,MAN TGX 33.580 6x4 BB SA  15256c.c. A12 2D  曳引車,33000.0,0.0,MAN TGX 33.580 6x4 BB SA 15256c.c. A12 2D,曳引車,,0.0,0.0,MAN TGX 33.580 6x4 BB SA 15256c.c. A12 2D 曳引車
德曼汽車股份有限公司,C3D675001G-1,進口,LMN15.3FZS8-C3,D3876LF11,MAN TGX 33.580 6x4 BB SA  15256c.c. A12 2D (德國) 曳引車,33000.0,0.0,MAN TGX 33.580 6x4 BB SA 15256c.c. A12 2D (德國),曳引車,,0.0,0.0,MAN TGX 33.580 6x4 BB SA 15256c.c. A12 2D (德國) 曳引車
德曼汽車股份有限公司,C3D675001G-1,進口,LMN15.3FZS8-C3,D3876LF11,MAN TGX 33.580 6x4 BB SA  15256c.c. A12 2D (波蘭) 曳引車,33000.0,0.0,MAN TGX 33.580 6x4 BB SA 15256c.c. A12 2D (波蘭),曳引車,,0.0,0.0,MAN TGX 33.580 6x4 BB SA 15256c.c. A12 2D (波蘭) 曳引車
德曼汽車股份有限公司,C3D675001G-2,進口,LMN15.3FZS8-C3,D3876LF10,MAN TGX 33.640 6x4 BB CH  15256c.c. A12 2D 軸距4700mm (德國) 兼供曳引大貨車底盤,33000.0,0.0,MAN TGX 33.640 6x4 BB CH 15256c.c. A12 2D 軸距4700mm (德國),兼供曳引大貨車底盤,,0.0,0.0,MAN TGX 33.640 6x4 BB CH 15256c.c. A12 2D 軸距4700mm (德國) 兼供曳引大貨車底盤
德曼汽車股份有限公司,C3D675001G-2,進口,LMN15.3FZS8-C3,D3876LF10,MAN TGX 33.640 6x4 BB CH  15256c.c. A12 2D 軸距4700mm (波蘭) 兼供曳引大貨車底盤,33000.0,0.0,MAN TGX 33.640 6x4 BB CH 15256c.c. A12 2D 軸距4700mm (波蘭),兼供曳引大貨車底盤,,0.0,0.0,MAN TGX 33.640 6x4 BB CH 15256c.c. A12 2D 軸距4700mm (波蘭) 兼供曳引大貨車底盤
德曼汽車股份有限公司,C2D675004G-4,進口,LMN15.3FZS8-C2,D3876LF10,MAN TGX 33.640 6x4 BB SA  15256c.c. A12 2D  曳引車,33000.0,0.0,MAN TGX 33.640 6x4 BB SA 15256c.c. A12 2D,曳引車,,0.0,0.0,MAN TGX 33.640 6x4 BB SA 15256c.c. A12 2D 曳引車
德曼汽車股份有限公司,C3D675001G-1,進口,LMN15.3FZS8-C3,D3876LF10,MAN TGX 33.640 6x4 BB SA  15256c.c. A12 2D (德國) 曳引車,33000.0,0.0,MAN TGX 33.640 6x4 BB SA 15256c.c. A12 2D (德國),曳引車,,0.0,0.0,MAN TGX 33.640 6x4 BB SA 15256c.c. A12 2D (德國) 曳引車
德曼汽車股份有限公司,C3D675001G-1,進口,LMN15.3FZS8-C3,D3876LF10,MAN TGX 33.640 6x4 BB SA  15256c.c. A12 2D (波蘭) 曳引車,33000.0,0.0,MAN TGX 33.640 6x4 BB SA 15256c.c. A12 2D (波蘭),曳引車,進口,1.0,1.0,MAN TGX 33.640 6x4 BB SA 15256c.c. A12 2D (波蘭) 曳引車
台灣戴姆勒亞洲商車股份有限公司,C3D668005G-1,進口,MMB12.8FZE8-C3,OM471LA.6GE-01,MERCEDES-BENZ ACTROS 3353S  12809c.c. A16 2D  曳引車,33000.0,1.0,MERCEDES-BENZ ACTROS 3353S 12809c.c. A16 2D,曳引車,,0.0,1.0,MERCEDES-BENZ ACTROS 3353S 12809c.c. A16 2D 曳引車
台灣戴姆勒亞洲商車股份有限公司,C4D668008G-1,進口,NMB12.8FZM6-C4,OM471LA.6GE-14,MERCEDES-BENZ ACTROS F 1845 LS  12809c.c. A12 2D  曳引車,18000.0,0.0,MERCEDES-BENZ ACTROS F 1845 LS 12809c.c. A12 2D,曳引車,進口,1.0,1.0,MERCEDES-BENZ ACTROS F 1845 LS 12809c.c. A12 2D 曳引車
台灣戴姆勒亞洲商車股份有限公司,C4D668008G-1,進口,NMB12.8FZM6-C4,OM471LA.6GE-10,MERCEDES-BENZ ACTROS F 1851 LS  12809c.c. A12 2D  曳引車,18000.0,0.0,MERCEDES-BENZ ACTROS F 1851 LS 12809c.c. A12 2D,曳引車,進口,1.0,1.0,MERCEDES-BENZ ACTROS F 1851 LS 12809c.c. A12 2D 曳引車
台灣戴姆勒亞洲商車股份有限公司,C4D668008G-1,進口,NMB12.8FZM6-C4,OM471LA.6GE-10,MERCEDES-BENZ ACTROS F 2651 L  12809c.c. A12 2D  大貨車底盤,28000.0,6.0,MERCEDES-BENZ ACTROS F 2651 L 12809c.c. A12 2D,大貨車底盤,,0.0,6.0,MERCEDES-BENZ ACTROS F 2651 L 12809c.c. A12 2D 大貨車底盤
台灣戴姆勒亞洲商車股份有限公司,C2D668004G-1,進口,MMB10.6FZEX,OM470LA.6GE-04,MERCEDES-BENZ AROCS 2036  10677c.c. A12 2D  消防車底盤,21000.0,0.0,MERCEDES-BENZ AROCS 2036 10677c.c. A12 2D,消防車底盤,,0.0,0.0,MERCEDES-BENZ AROCS 2036 10677c.c. A12 2D 消防車底盤
台灣戴姆勒亞洲商車股份有限公司,C2D668004G-1,進口,MMB10.6FZEX,OM470LA.6GE-04,MERCEDES-BENZ AROCS 2636  10677c.c. A12 2D  大貨車底盤,28000.0,0.0,MERCEDES-BENZ AROCS 2636 10677c.c. A12 2D,大貨車底盤,,0.0,0.0,MERCEDES-BENZ AROCS 2636 10677c.c. A12 2D 大貨車底盤
台灣戴姆勒亞洲商車股份有限公司,C3D668004G-2,進口,MMB10.6FZEX-C3,OM470LA.6GE-02,MERCEDES-BENZ AROCS 2643  10677c.c. A12 2D  大貨車底盤,26000.0,2.0,MERCEDES-BENZ AROCS 2643 10677c.c. A12 2D,大貨車底盤,,0.0,2.0,MERCEDES-BENZ AROCS 2643 10677c.c. A12 2D 大貨車底盤
台灣戴姆勒亞洲商車股份有限公司,C4D668005G-1,進口,MMB10.6FZEX-C4,OM470LA.6GE-02,MERCEDES-BENZ AROCS 2643  10677c.c. A12 2D (FIRE FIGHTING) 消防車底盤,28000.0,3.0,MERCEDES-BENZ AROCS 2643 10677c.c. A12 2D (FIRE FIGHTING),消防車底盤,,0.0,3.0,MERCEDES-BENZ AROCS 2643 10677c.c. A12 2D (FIRE FIGHTING) 消防車底盤
台灣戴姆勒亞洲商車股份有限公司,C2D668006G-1,進口,MMB5132FZEX,OM934LA.6GE-02,MERCEDES-BENZ ATEGO 1021  5132c.c. A6 4D  消防車底盤,10500.0,0.0,MERCEDES-BENZ ATEGO 1021 5132c.c. A6 4D,消防車底盤,,0.0,0.0,MERCEDES-BENZ ATEGO 1021 5132c.c. A6 4D 消防車底盤
台灣戴姆勒亞洲商車股份有限公司,C2D668005G-2,進口,MMB7698FZE9,OM936LA.6GE-05,MERCEDES-BENZ ATEGO 1524  7698c.c. A6 2D  大貨車底盤,15000.0,0.0,MERCEDES-BENZ ATEGO 1524 7698c.c. A6 2D,大貨車底盤,,0.0,0.0,MERCEDES-BENZ ATEGO 1524 7698c.c. A6 2D 大貨車底盤
台灣戴姆勒亞洲商車股份有限公司,C2D668005G-3,進口,MMB7698FZE9,OM936LA.6GE-05,MERCEDES-BENZ ATEGO 1524  7698c.c. A6 4D  消防車底盤,15000.0,0.0,MERCEDES-BENZ ATEGO 1524 7698c.c. A6 4D,消防車底盤,,0.0,0.0,MERCEDES-BENZ ATEGO 1524 7698c.c. A6 4D 消防車底盤
台灣戴姆勒亞洲商車股份有限公司,C2D668005G-1,進口,MMB7698FZE9,OM936LA.6GE-04,MERCEDES-BENZ ATEGO 1527  7698c.c. A8 2D  消防車底盤,15000.0,0.0,MERCEDES-BENZ ATEGO 1527 7698c.c. A8 2D,消防車底盤,,0.0,0.0,MERCEDES-BENZ ATEGO 1527 7698c.c. A8 2D 消防車底盤
台灣戴姆勒亞洲商車股份有限公司,C3D668007G-2,進口,MMB7698FZE9-C3,OM936LA.6GE-04,MERCEDES-BENZ ATEGO 1527  7698c.c. A8 4D  消防車底盤,15000.0,0.0,MERCEDES-BENZ ATEGO 1527 7698c.c. A8 4D,消防車底盤,,0.0,0.0,MERCEDES-BENZ ATEGO 1527 7698c.c. A8 4D 消防車底盤
台灣戴姆勒亞洲商車股份有限公司,C4D668004G-1,進口,MMB7698FZE9-C4,OM936LA.6GE-04,MERCEDES-BENZ ATEGO 1527 AF  7698c.c. A6 2D  消防車底盤,16000.0,3.0,MERCEDES-BENZ ATEGO 1527 AF 7698c.c. A6 2D,消防車底盤,,0.0,3.0,MERCEDES-BENZ ATEGO 1527 AF 7698c.c. A6 2D 消防車底盤
台灣戴姆勒亞洲商車股份有限公司,C4D668004G-2,進口,MMB7698FZE9-C4,OM936LA.6GE-04,MERCEDES-BENZ ATEGO 1527 AF  7698c.c. A6 4D  消防車底盤,16000.0,8.0,MERCEDES-BENZ ATEGO 1527 AF 7698c.c. A6 4D,消防車底盤,,0.0,8.0,MERCEDES-BENZ ATEGO 1527 AF 7698c.c. A6 4D 消防車底盤
台灣戴姆勒亞洲商車股份有限公司,C4D668004G-2,進口,MMB7698FZE9-C4,OM936LA.6GE-03,MERCEDES-BENZ ATEGO 1530 AK  7698c.c. A8 2D  消防車底盤,16000.0,1.0,MERCEDES-BENZ ATEGO 1530 AK 7698c.c. A8 2D,消防車底盤,,0.0,1.0,MERCEDES-BENZ ATEGO 1530 AK 7698c.c. A8 2D 消防車底盤
台灣戴姆勒亞洲商車股份有限公司,C3D668007G-1,進口,MMB7698FZE9-C3,OM936LA.6GE-03,MERCEDES-BENZ ATEGO 1530AF  7698c.c. A8 2D  大貨車底盤,15000.0,0.0,MERCEDES-BENZ ATEGO 1530AF 7698c.c. A8 2D,大貨車底盤,,0.0,0.0,MERCEDES-BENZ ATEGO 1530AF 7698c.c. A8 2D 大貨車底盤
台灣戴姆勒亞洲商車股份有限公司,C2D668006G-2,進口,MMB5132FZEX,OM934LA.6GE-02,MERCEDES-BENZ ATEGO 921  5132c.c. A6 2D  消防車底盤,9500.0,0.0,MERCEDES-BENZ ATEGO 921 5132c.c. A6 2D,消防車底盤,,0.0,0.0,MERCEDES-BENZ ATEGO 921 5132c.c. A6 2D 消防車底盤
台灣戴姆勒亞洲商車股份有限公司,C3D668002S-1,進口,JVE03.0FZS0-C3,4P10-NA T2,MITSUBISHI FUSO FEA01BL1  2998c.c. A6 2D  小貨車底盤,3500.0,0.0,MITSUBISHI FUSO FEA01BL1 2998c.c. A6 2D,小貨車底盤,,0.0,0.0,MITSUBISHI FUSO FEA01BL1 2998c.c. A6 2D 小貨車底盤
台灣戴姆勒亞洲商車股份有限公司,C3D668002S-1,進口,JVE03.0FZS0-C3,4P10-NA T4,MITSUBISHI FUSO FEA51BL3  2998c.c. A6 2D  大貨車底盤,5000.0,0.0,MITSUBISHI FUSO FEA51BL3 2998c.c. A6 2D,大貨車底盤,,0.0,0.0,MITSUBISHI FUSO FEA51BL3 2998c.c. A6 2D 大貨車底盤
台灣戴姆勒亞洲商車股份有限公司,C3D668002S-1,進口,JVE03.0FZS0-C3,4P10-NA T4,MITSUBISHI FUSO FEA51CL3  2998c.c. A6 2D  大貨車底盤,5000.0,0.0,MITSUBISHI FUSO FEA51CL3 2998c.c. A6 2D,大貨車底盤,,0.0,0.0,MITSUBISHI FUSO FEA51CL3 2998c.c. A6 2D 大貨車底盤
台灣戴姆勒亞洲商車股份有限公司,C3D668002S-1,進口,JVE03.0FZS0-C3,4P10-NA T4,MITSUBISHI FUSO FEA51EL3  2998c.c. A6 2D  大貨車底盤,5000.0,0.0,MITSUBISHI FUSO FEA51EL3 2998c.c. A6 2D,大貨車底盤,,0.0,0.0,MITSUBISHI FUSO FEA51EL3 2998c.c. A6 2D 大貨車底盤
台灣戴姆勒亞洲商車股份有限公司,C3D668002S-1,進口,JVE03.0FZS0-C3,4P10-NA T4,MITSUBISHI FUSO FEAY1CL3  2998c.c. A6 2D  大貨車底盤,6500.0,0.0,MITSUBISHI FUSO FEAY1CL3 2998c.c. A6 2D,大貨車底盤,,0.0,0.0,MITSUBISHI FUSO FEAY1CL3 2998c.c. A6 2D 大貨車底盤
台灣戴姆勒亞洲商車股份有限公司,C4D668007I-1,進口,OVE03.0FZS0,4P10-VAT4,MITSUBISHI FUSO FEAY1CL3C  2998c.c. A6 2D  大貨車底盤,6500.0,0.0,MITSUBISHI FUSO FEAY1CL3C 2998c.c. A6 2D,大貨車底盤,,0.0,0.0,MITSUBISHI FUSO FEAY1CL3C 2998c.c. A6 2D 大貨車底盤
台灣戴姆勒亞洲商車股份有限公司,C3D668002S-1,進口,JVE03.0FZS0-C3,4P10-NA T4,MITSUBISHI FUSO FEAY1CL4  2998c.c. M5 2D  大貨車底盤,6500.0,0.0,MITSUBISHI FUSO FEAY1CL4 2998c.c. M5 2D,大貨車底盤,,0.0,0.0,MITSUBISHI FUSO FEAY1CL4 2998c.c. M5 2D 大貨車底盤
台灣戴姆勒亞洲商車股份有限公司,C3D668002S-1,進口,JVE03.0FZS0-C3,4P10-NA T4,MITSUBISHI FUSO FEAY1EL3  2998c.c. A6 2D  大貨車底盤,6500.0,0.0,MITSUBISHI FUSO FEAY1EL3 2998c.c. A6 2D,大貨車底盤,,0.0,0.0,MITSUBISHI FUSO FEAY1EL3 2998c.c. A6 2D 大貨車底盤
台灣戴姆勒亞洲商車股份有限公司,C4D668007I-1,進口,OVE03.0FZS0,4P10-VAT4,MITSUBISHI FUSO FEAY1EL3C  2998c.c. A6 2D  大貨車底盤,6500.0,0.0,MITSUBISHI FUSO FEAY1EL3C 2998c.c. A6 2D,大貨車底盤,進口,1.0,1.0,MITSUBISHI FUSO FEAY1EL3C 2998c.c. A6 2D 大貨車底盤
台灣戴姆勒亞洲商車股份有限公司,C3D668002S-1,進口,JVE03.0FZS0-C3,4P10-NA T6,MITSUBISHI FUSO FEB91CL3  2998c.c. A6 2D  大貨車底盤,7900.0,0.0,MITSUBISHI FUSO FEB91CL3 2998c.c. A6 2D,大貨車底盤,,0.0,0.0,MITSUBISHI FUSO FEB91CL3 2998c.c. A6 2D 大貨車底盤
台灣戴姆勒亞洲商車股份有限公司,C5D668001I-1,進口,OVE03.0FZS0,4P10-VAT6,MITSUBISHI FUSO FEB91CL3C  2998c.c. A6 2D  大貨車底盤,7900.0,0.0,MITSUBISHI FUSO FEB91CL3C 2998c.c. A6 2D,大貨車底盤,,0.0,0.0,MITSUBISHI FUSO FEB91CL3C 2998c.c. A6 2D 大貨車底盤
台灣戴姆勒亞洲商車股份有限公司,C3D668002S-1,進口,JVE03.0FZS0-C3,4P10-NA T6,MITSUBISHI FUSO FEB91CL4  2998c.c. M5 2D  大貨車底盤,7900.0,0.0,MITSUBISHI FUSO FEB91CL4 2998c.c. M5 2D,大貨車底盤,,0.0,0.0,MITSUBISHI FUSO FEB91CL4 2998c.c. M5 2D 大貨車底盤
台灣戴姆勒亞洲商車股份有限公司,C5D668001I-1,進口,OVE03.0FZS0,4P10-VAT6,MITSUBISHI FUSO FEB91CL4C  2998c.c. M5 2D  大貨車底盤,7900.0,0.0,MITSUBISHI FUSO FEB91CL4C 2998c.c. M5 2D,大貨車底盤,,0.0,0.0,MITSUBISHI FUSO FEB91CL4C 2998c.c. M5 2D 大貨車底盤
台灣戴姆勒亞洲商車股份有限公司,C3D668002S-1,進口,JVE03.0FZS0-C3,4P10-NA T6,MITSUBISHI FUSO FEBY1EL4  2998c.c. M5 2D  大貨車底盤,6500.0,0.0,MITSUBISHI FUSO FEBY1EL4 2998c.c. M5 2D,大貨車底盤,,0.0,0.0,MITSUBISHI FUSO FEBY1EL4 2998c.c. M5 2D 大貨車底盤
台灣戴姆勒亞洲商車股份有限公司,C4D668007I-1,進口,OVE03.0FZS0,4P10-VAT6,MITSUBISHI FUSO FEBY1EL4C  2998c.c. M5 2D  大貨車底盤,6500.0,1.0,MITSUBISHI FUSO FEBY1EL4C 2998c.c. M5 2D,大貨車底盤,,0.0,1.0,MITSUBISHI FUSO FEBY1EL4C 2998c.c. M5 2D 大貨車底盤
台灣戴姆勒亞洲商車股份有限公司,C3D668002S-1,進口,JVE03.0FZS0-C3,4P10-NA T6,MITSUBISHI FUSO FECX1EL3  2998c.c. A6 2D  大貨車底盤,8550.0,0.0,MITSUBISHI FUSO FECX1EL3 2998c.c. A6 2D,大貨車底盤,,0.0,0.0,MITSUBISHI FUSO FECX1EL3 2998c.c. A6 2D 大貨車底盤
台灣戴姆勒亞洲商車股份有限公司,C5D668001I-1,進口,OVE03.0FZS0,4P10-VAT6,MITSUBISHI FUSO FECX1EL3C  2998c.c. A6 2D  大貨車底盤,8550.0,0.0,MITSUBISHI FUSO FECX1EL3C 2998c.c. A6 2D,大貨車底盤,,0.0,0.0,MITSUBISHI FUSO FECX1EL3C 2998c.c. A6 2D 大貨車底盤
台灣戴姆勒亞洲商車股份有限公司,C3D668002S-1,進口,JVE03.0FZS0-C3,4P10-NA T6,MITSUBISHI FUSO FECX1GL3  2998c.c. A6 2D  大貨車底盤,8550.0,0.0,MITSUBISHI FUSO FECX1GL3 2998c.c. A6 2D,大貨車底盤,進口,4.0,4.0,MITSUBISHI FUSO FECX1GL3 2998c.c. A6 2D 大貨車底盤
台灣戴姆勒亞洲商車股份有限公司,C4D668007I-1,進口,OVE03.0FZS0,4P10-VAT6,MITSUBISHI FUSO FECX1GL3C  2998c.c. A6 2D  大貨車底盤,8550.0,0.0,MITSUBISHI FUSO FECX1GL3C 2998c.c. A6 2D,大貨車底盤,,0.0,0.0,MITSUBISHI FUSO FECX1GL3C 2998c.c. A6 2D 大貨車底盤
台灣戴姆勒亞洲商車股份有限公司,C3D668002S-1,進口,JVE03.0FZS0-C3,4P10-NA T6,MITSUBISHI FUSO FGB71EL6  2998c.c. M5 2D  大貨車底盤,6500.0,0.0,MITSUBISHI FUSO FGB71EL6 2998c.c. M5 2D,大貨車底盤,,0.0,0.0,MITSUBISHI FUSO FGB71EL6 2998c.c. M5 2D 大貨車底盤
台灣戴姆勒亞洲商車股份有限公司,C5D668001I-1,進口,OVE03.0FZS0,4P10-VAT6,MITSUBISHI FUSO FGB71EL6C  2998c.c. M5 2D  大貨車底盤,6500.0,0.0,MITSUBISHI FUSO FGB71EL6C 2998c.c. M5 2D,大貨車底盤,,0.0,0.0,MITSUBISHI FUSO FGB71EL6C 2998c.c. M5 2D 大貨車底盤
台灣戴姆勒亞洲商車股份有限公司,C3D668003M-1,進口,JMF07.5FZS0-C3,6M60-CAT5,MITSUBISHI FUSO FK62FGY5  7545c.c. M6 2D  大貨車底盤,11000.0,0.0,MITSUBISHI FUSO FK62FGY5 7545c.c. M6 2D,大貨車底盤,進口,4.0,4.0,MITSUBISHI FUSO FK62FGY5 7545c.c. M6 2D 大貨車底盤
台灣戴姆勒亞洲商車股份有限公司,C3D668003M-1,進口,JMF07.5FZS0-C3,6M60-CAT5,MITSUBISHI FUSO FK62FGZ5  7545c.c. M6 2D  大貨車底盤,13500.0,0.0,MITSUBISHI FUSO FK62FGZ5 7545c.c. M6 2D,大貨車底盤,進口,5.0,5.0,MITSUBISHI FUSO FK62FGZ5 7545c.c. M6 2D 大貨車底盤
台灣戴姆勒亞洲商車股份有限公司,C3D668003M-1,進口,JMF07.5FZS0-C3,6M60-CAT5,MITSUBISHI FUSO FK62FJ5  7545c.c. M6 2D  大貨車底盤,10400.0,0.0,MITSUBISHI FUSO FK62FJ5 7545c.c. M6 2D,大貨車底盤,,0.0,0.0,MITSUBISHI FUSO FK62FJ5 7545c.c. M6 2D 大貨車底盤
台灣戴姆勒亞洲商車股份有限公司,C4D668002M-2,進口,JMF07.5FZS0-C4,6M60-CAT5,MITSUBISHI FUSO FK62FJY5  7545c.c. M6 2D  大貨車底盤,11000.0,14.0,MITSUBISHI FUSO FK62FJY5 7545c.c. M6 2D,大貨車底盤,進口,7.0,21.0,MITSUBISHI FUSO FK62FJY5 7545c.c. M6 2D 大貨車底盤
台灣戴姆勒亞洲商車股份有限公司,C3D668003M-1,進口,JMF07.5FZS0-C3,6M60-CAT5,MITSUBISHI FUSO FK62FKY5  7545c.c. M6 2D  大貨車底盤,11000.0,0.0,MITSUBISHI FUSO FK62FKY5 7545c.c. M6 2D,大貨車底盤,進口,2.0,2.0,MITSUBISHI FUSO FK62FKY5 7545c.c. M6 2D 大貨車底盤
台灣戴姆勒亞洲商車股份有限公司,C3D668003M-1,進口,JMF07.5FZS0-C3,6M60-CAT5,MITSUBISHI FUSO FK62FMY5  7545c.c. M6 2D  大貨車底盤,11000.0,0.0,MITSUBISHI FUSO FK62FMY5 7545c.c. M6 2D,大貨車底盤,,0.0,0.0,MITSUBISHI FUSO FK62FMY5 7545c.c. M6 2D 大貨車底盤
台灣戴姆勒亞洲商車股份有限公司,C3D668003M-1,進口,JMF07.5FZS0-C3,6M60-CAT6,MITSUBISHI FUSO FM65FH6  7545c.c. M6 2D  大貨車底盤,15600.0,0.0,MITSUBISHI FUSO FM65FH6 7545c.c. M6 2D,大貨車底盤,進口,4.0,4.0,MITSUBISHI FUSO FM65FH6 7545c.c. M6 2D 大貨車底盤
台灣戴姆勒亞洲商車股份有限公司,C3D668003M-1,進口,JMF07.5FZS0-C3,6M60-CAT5,MITSUBISHI FUSO FM65FHF5  7545c.c. M6 2D  大貨車底盤,15100.0,0.0,MITSUBISHI FUSO FM65FHF5 7545c.c. M6 2D,大貨車底盤,,0.0,0.0,MITSUBISHI FUSO FM65FHF5 7545c.c. M6 2D 大貨車底盤
台灣戴姆勒亞洲商車股份有限公司,C3D668003M-1,進口,JMF07.5FZS0-C3,6M60-CAT6,MITSUBISHI FUSO FM65FL6  7545c.c. M6 2D  大貨車底盤,15600.0,0.0,MITSUBISHI FUSO FM65FL6 7545c.c. M6 2D,大貨車底盤,進口,2.0,2.0,MITSUBISHI FUSO FM65FL6 7545c.c. M6 2D 大貨車底盤
台灣戴姆勒亞洲商車股份有限公司,C3D668003M-1,進口,JMF07.5FZS0-C3,6M60-CAT6,MITSUBISHI FUSO FM65FN6  7545c.c. M9 2D  大貨車底盤,16300.0,0.0,MITSUBISHI FUSO FM65FN6 7545c.c. M9 2D,大貨車底盤,,0.0,0.0,MITSUBISHI FUSO FM65FN6 7545c.c. M9 2D 大貨車底盤
台灣戴姆勒亞洲商車股份有限公司,C3D668003M-1,進口,JMF07.5FZS0-C3,6M60-CAT6,MITSUBISHI FUSO FM65FN8  7545c.c. M6 2D  大貨車底盤,18000.0,0.0,MITSUBISHI FUSO FM65FN8 7545c.c. M6 2D,大貨車底盤,,0.0,0.0,MITSUBISHI FUSO FM65FN8 7545c.c. M6 2D 大貨車底盤
台灣戴姆勒亞洲商車股份有限公司,C3D668003M-2,進口,JMF07.5FZS0-C3,6M60-CAT6,MITSUBISHI FUSO FM65FN8  7545c.c. M9 2D  大貨車底盤,18000.0,0.0,MITSUBISHI FUSO FM65FN8 7545c.c. M9 2D,大貨車底盤,,0.0,0.0,MITSUBISHI FUSO FM65FN8 7545c.c. M9 2D 大貨車底盤
台灣戴姆勒亞洲商車股份有限公司,C3D668003M-1,進口,JMF07.5FZS0-C3,6M60-CAT6,MITSUBISHI FUSO FM65FP6  7545c.c. M9 2D  大貨車底盤,16300.0,0.0,MITSUBISHI FUSO FM65FP6 7545c.c. M9 2D,大貨車底盤,,0.0,0.0,MITSUBISHI FUSO FM65FP6 7545c.c. M9 2D 大貨車底盤
台灣戴姆勒亞洲商車股份有限公司,C3D668003M-1,進口,JMF07.5FZS0-C3,6M60-CAT6,MITSUBISHI FUSO FM65FP8  7545c.c. M6 2D  大貨車底盤,18000.0,0.0,MITSUBISHI FUSO FM65FP8 7545c.c. M6 2D,大貨車底盤,,0.0,0.0,MITSUBISHI FUSO FM65FP8 7545c.c. M6 2D 大貨車底盤
台灣戴姆勒亞洲商車股份有限公司,C3D668003M-2,進口,JMF07.5FZS0-C3,6M60-CAT6,MITSUBISHI FUSO FM65FP8  7545c.c. M9 2D  大貨車底盤,18000.0,0.0,MITSUBISHI FUSO FM65FP8 7545c.c. M9 2D,大貨車底盤,,0.0,0.0,MITSUBISHI FUSO FM65FP8 7545c.c. M9 2D 大貨車底盤
台灣戴姆勒亞洲商車股份有限公司,C3D668001G-1,進口,LMB1068FZL3-C3,OM 470 LA.6-12,MITSUBISHI FUSO FV70HMM2  10677c.c. A12 2D  大貨車底盤,24800.0,0.0,MITSUBISHI FUSO FV70HMM2 10677c.c. A12 2D,大貨車底盤,進口,51.0,51.0,MITSUBISHI FUSO FV70HMM2 10677c.c. A12 2D 大貨車底盤
華洲汽車工業有限公司,C2D597001R-1,進口,MCECH120GM6,X12EVIE470,SHACMOTO SX41895X321C  11820c.c. A12 2D  曳引車,18000.0,0.0,SHACMOTO SX41895X321C 11820c.c. A12 2D,曳引車,,0.0,0.0,SHACMOTO SX41895X321C 11820c.c. A12 2D 曳引車
華洲汽車工業有限公司,C2D597001R-1,進口,MCECH120GM6,X12EVIE490,SHACMOTO SX42595Y323C  11820c.c. A12 2D  曳引車,25000.0,0.0,SHACMOTO SX42595Y323C 11820c.c. A12 2D,曳引車,,0.0,0.0,SHACMOTO SX42595Y323C 11820c.c. A12 2D 曳引車
大益興業股份有限公司,C2D653002S-2,進口,MST10.5FZAX,MC11.40-61,SITRAK C7H6A4X2ALAFJ  10518c.c. A16 2D  曳引車,20000.0,0.0,SITRAK C7H6A4X2ALAFJ 10518c.c. A16 2D,曳引車,,0.0,0.0,SITRAK C7H6A4X2ALAFJ 10518c.c. A16 2D 曳引車
大益興業股份有限公司,C2D653002S-1,進口,MST10.5FZAX,MC11.40-61,SITRAK C7H6A4X2ALSFJ  10518c.c. A16 2D  曳引車,20000.0,0.0,SITRAK C7H6A4X2ALSFJ 10518c.c. A16 2D,曳引車,,0.0,0.0,SITRAK C7H6A4X2ALSFJ 10518c.c. A16 2D 曳引車
大益興業股份有限公司,C2D653001S-2,進口,MST12.4FZAX,MC13.50-61,SITRAK C7H6D4X2AFSFJ  12419c.c. A12 2D  曳引車,20000.0,0.0,SITRAK C7H6D4X2AFSFJ 12419c.c. A12 2D,曳引車,,0.0,0.0,SITRAK C7H6D4X2AFSFJ 12419c.c. A12 2D 曳引車
大益興業股份有限公司,C2D653002S-4,進口,MST10.5FZAX,MC11.46-61,SITRAK C7H6D4X2ALAFJ  10518c.c. A12 2D  曳引車,20000.0,0.0,SITRAK C7H6D4X2ALAFJ 10518c.c. A12 2D,曳引車,,0.0,0.0,SITRAK C7H6D4X2ALAFJ 10518c.c. A12 2D 曳引車
大益興業股份有限公司,C2D653002S-4,進口,MST10.5FZAX,MC11.46-61,SITRAK C7H6D4X2ALSFJ  10518c.c. A12 2D  曳引車,20000.0,0.0,SITRAK C7H6D4X2ALSFJ 10518c.c. A12 2D,曳引車,,0.0,0.0,SITRAK C7H6D4X2ALSFJ 10518c.c. A12 2D 曳引車
大益興業股份有限公司,C2D653001S-4,進口,MST12.4FZAX,MC13.54-61,SITRAK C7H6D6X2BFAF5AJ  12419c.c. A12 2D  曳引車,43000.0,0.0,SITRAK C7H6D6X2BFAF5AJ 12419c.c. A12 2D,曳引車,,0.0,0.0,SITRAK C7H6D6X2BFAF5AJ 12419c.c. A12 2D 曳引車
大益興業股份有限公司,C2D653001S-2,進口,MST12.4FZAX,MC13.54-61,SITRAK C7H6D6X2BFAF5BJ  12419c.c. A12 2D  曳引車,20000.0,0.0,SITRAK C7H6D6X2BFAF5BJ 12419c.c. A12 2D,曳引車,,0.0,0.0,SITRAK C7H6D6X2BFAF5BJ 12419c.c. A12 2D 曳引車
大益興業股份有限公司,C2D653002S-4,進口,MST10.5FZAX,MC11.46-61,SITRAK C7H6D6X2BLAF3BJ  10518c.c. A12 2D  曳引車,20000.0,0.0,SITRAK C7H6D6X2BLAF3BJ 10518c.c. A12 2D,曳引車,,0.0,0.0,SITRAK C7H6D6X2BLAF3BJ 10518c.c. A12 2D 曳引車
大益興業股份有限公司,C2D653001S-4,進口,MST12.4FZAX,MC13.50-61,SITRAK C7H6D6X2CFAF4AJ  12419c.c. A12 2D  曳引車,43000.0,0.0,SITRAK C7H6D6X2CFAF4AJ 12419c.c. A12 2D,曳引車,,0.0,0.0,SITRAK C7H6D6X2CFAF4AJ 12419c.c. A12 2D 曳引車
大益興業股份有限公司,C2D653002S-3,進口,MST10.5FZAX,MC11.40-61,SITRAK C7H6F4X2ALAFJ  10518c.c. M16 2D  曳引車,20000.0,0.0,SITRAK C7H6F4X2ALAFJ 10518c.c. M16 2D,曳引車,,0.0,0.0,SITRAK C7H6F4X2ALAFJ 10518c.c. M16 2D 曳引車
大益興業股份有限公司,C2D653002S-3,進口,MST10.5FZAX,MC11.40-61,SITRAK C7H6F4X2ALSFJ  10518c.c. M16 2D  曳引車,20000.0,0.0,SITRAK C7H6F4X2ALSFJ 10518c.c. M16 2D,曳引車,,0.0,0.0,SITRAK C7H6F4X2ALSFJ 10518c.c. M16 2D 曳引車
大益興業股份有限公司,C3D653002S-3,進口,MST10.5FZAX-C3,MC11.46-61,SITRAK C7H6H4X2ALSFJ  10518c.c. M16 2D  曳引車,20000.0,0.0,SITRAK C7H6H4X2ALSFJ 10518c.c. M16 2D,曳引車,進口,1.0,1.0,SITRAK C7H6H4X2ALSFJ 10518c.c. M16 2D 曳引車
大益興業股份有限公司,C2D653001S-3,進口,MST12.4FZAX,MC13.50-61,SITRAK C7H6J4X2AFSFJ  12419c.c. M16 2D  曳引車,20000.0,0.0,SITRAK C7H6J4X2AFSFJ 12419c.c. M16 2D,曳引車,,0.0,0.0,SITRAK C7H6J4X2AFSFJ 12419c.c. M16 2D 曳引車
大益興業股份有限公司,C2D653001S-5,進口,MST12.4FZAX,MC13.54-61,SITRAK C7H6J6X4BFSS5BJ  12419c.c. M16 2D  曳引車,43000.0,0.0,SITRAK C7H6J6X4BFSS5BJ 12419c.c. M16 2D,曳引車,,0.0,0.0,SITRAK C7H6J6X4BFSS5BJ 12419c.c. M16 2D 曳引車
大益興業股份有限公司,C2D653001S-1,進口,MST12.4FZAX,MC13.54-61,SITRAK C7H6K4X2AFSFJ  12419c.c. A12 2D  曳引車,35000.0,0.0,SITRAK C7H6K4X2AFSFJ 12419c.c. A12 2D,曳引車,,0.0,0.0,SITRAK C7H6K4X2AFSFJ 12419c.c. A12 2D 曳引車
大益興業股份有限公司,C3D653001S-3,進口,MST12.4FZAX-C3,MC13.54-61,SITRAK C7H6K4X2AHAFJ  12419c.c. A12 2D  曳引車,20000.0,0.0,SITRAK C7H6K4X2AHAFJ 12419c.c. A12 2D,曳引車,,0.0,0.0,SITRAK C7H6K4X2AHAFJ 12419c.c. A12 2D 曳引車
大益興業股份有限公司,C3D653002S-2,進口,MST10.5FZAX-C3,MC11.46-61,SITRAK C7H6K4X2ALAFJ  10518c.c. A12 2D  曳引車,20000.0,1.0,SITRAK C7H6K4X2ALAFJ 10518c.c. A12 2D,曳引車,,0.0,1.0,SITRAK C7H6K4X2ALAFJ 10518c.c. A12 2D 曳引車
大益興業股份有限公司,C3D653001S-4,進口,MST12.4FZAX-C3,MC13.54-61,SITRAK C7H6K6X2BFAF5AJ  12419c.c. A12 2D  曳引車,43000.0,0.0,SITRAK C7H6K6X2BFAF5AJ 12419c.c. A12 2D,曳引車,進口,1.0,1.0,SITRAK C7H6K6X2BFAF5AJ 12419c.c. A12 2D 曳引車
大益興業股份有限公司,C2D653001S-1,進口,MST12.4FZAX,MC13.54-61,SITRAK C7H6K6X2BFAF5BJ  12419c.c. A12 2D  曳引車,43000.0,0.0,SITRAK C7H6K6X2BFAF5BJ 12419c.c. A12 2D,曳引車,,0.0,0.0,SITRAK C7H6K6X2BFAF5BJ 12419c.c. A12 2D 曳引車
大益興業股份有限公司,C3D653001S-3,進口,MST12.4FZAX-C3,MC13.54-61,SITRAK C7H6K6X2BHAF5BJ  12419c.c. A12 2D  曳引車,43000.0,0.0,SITRAK C7H6K6X2BHAF5BJ 12419c.c. A12 2D,曳引車,,0.0,0.0,SITRAK C7H6K6X2BHAF5BJ 12419c.c. A12 2D 曳引車
大益興業股份有限公司,C4D653005S-2,進口,MST10.5FZAX-C4,MC11.46-61,SITRAK C7H6K6X2BLAF3BJ  10518c.c. A12 2D  曳引車,20000.0,1.0,SITRAK C7H6K6X2BLAF3BJ 10518c.c. A12 2D,曳引車,,0.0,1.0,SITRAK C7H6K6X2BLAF3BJ 10518c.c. A12 2D 曳引車
大益興業股份有限公司,C3D653001S-2,進口,MST12.4FZAX-C3,MC13.50-61,SITRAK C7H6K6X2CFAF4AJ  12419c.c. A12 2D  曳引車,20000.0,0.0,SITRAK C7H6K6X2CFAF4AJ 12419c.c. A12 2D,曳引車,,0.0,0.0,SITRAK C7H6K6X2CFAF4AJ 12419c.c. A12 2D 曳引車
和泰汽車股份有限公司,C4D702001M-1,進口,MTY02.7FLA0-C4,1GD-FTV,TOYOTA GDB70L-ZETSYR  2755c.c. A6 2D  大客車,5235.0,291.0,TOYOTA GDB70L-ZETSYR 2755c.c. A6 2D,大客車,,0.0,291.0,TOYOTA GDB70L-ZETSYR 2755c.c. A6 2D 大客車
三陽工業股份有限公司,C5D594001R-1,國產,OCE2776EFE0,F2.8EVIE150,三陽 QT500 QTcD01-A  2776c.c. M6 2D  大貨車底盤,5000.0,0.0,三陽 QT500 QTcD01-A 2776c.c. M6 2D,大貨車底盤,,0.0,0.0,三陽 QT500 QTcD01-A 2776c.c. M6 2D 大貨車底盤
三陽工業股份有限公司,C5D594001R-1,國產,OCE2776EFE0,F2.8EVIE150,三陽 QT500 QTcD01-B  2776c.c. M6 2D  大貨車底盤,5000.0,0.0,三陽 QT500 QTcD01-B 2776c.c. M6 2D,大貨車底盤,國產,1.0,1.0,三陽 QT500 QTcD01-B 2776c.c. M6 2D 大貨車底盤
三陽工業股份有限公司,C5D594001R-1,國產,OCE2776EFE0,F2.8EVIE150,三陽 QT500 QTcD01-C  2776c.c. A6 2D  大貨車底盤,5000.0,0.0,三陽 QT500 QTcD01-C 2776c.c. A6 2D,大貨車底盤,,0.0,0.0,三陽 QT500 QTcD01-C 2776c.c. A6 2D 大貨車底盤
三陽工業股份有限公司,C4D594001R-1,國產,OCE2776EFE0,F2.8EVIE150,三陽 QT500 QTcD01-D  2776c.c. A6 2D  大貨車底盤,5000.0,60.0,三陽 QT500 QTcD01-D 2776c.c. A6 2D,大貨車底盤,國產,3.0,63.0,三陽 QT500 QTcD01-D 2776c.c. A6 2D 大貨車底盤
中華汽車工業股份有限公司,C4D721001S-1,國產,JVE03.0FZS0-C4,4P10-NA T4,中華 CANTER FKCB1  2998c.c. A6 2D  大貨車底盤,5000.0,24.0,中華 CANTER FKCB1 2998c.c. A6 2D,大貨車底盤,,0.0,24.0,中華 CANTER FKCB1 2998c.c. A6 2D 大貨車底盤
中華汽車工業股份有限公司,C4D721001S-1,國產,JVE03.0FZS0-C4,4P10-NA T4,中華 CANTER FKCBA  2998c.c. M5 2D  大貨車底盤,5000.0,49.0,中華 CANTER FKCBA 2998c.c. M5 2D,大貨車底盤,,0.0,49.0,中華 CANTER FKCBA 2998c.c. M5 2D 大貨車底盤
中華汽車工業股份有限公司,C4D721001S-1,國產,JVE03.0FZS0-C4,4P10-NA T4,中華 CANTER FKCBT  2998c.c. A6 2D  框式小貨車,5000.0,29.0,中華 CANTER FKCBT 2998c.c. A6 2D,框式小貨車,,0.0,29.0,中華 CANTER FKCBT 2998c.c. A6 2D 框式小貨車
中華汽車工業股份有限公司,C4D721001S-1,國產,JVE03.0FZS0-C4,4P10-NA T4,中華 CANTER FKCBW  2998c.c. M5 2D  框式小貨車,5000.0,111.0,中華 CANTER FKCBW 2998c.c. M5 2D,框式小貨車,,0.0,111.0,中華 CANTER FKCBW 2998c.c. M5 2D 框式小貨車
中華汽車工業股份有限公司,C4D721001S-1,國產,JVE03.0FZS0-C4,4P10-NA T4,中華 CANTER FKCC1  2998c.c. A6 2D  大貨車底盤,5000.0,184.0,中華 CANTER FKCC1 2998c.c. A6 2D,大貨車底盤,,0.0,184.0,中華 CANTER FKCC1 2998c.c. A6 2D 大貨車底盤
中華汽車工業股份有限公司,C4D721001S-1,國產,JVE03.0FZS0-C4,4P10-NA T4,中華 CANTER FKCCA  2998c.c. M5 2D  大貨車底盤,5000.0,247.0,中華 CANTER FKCCA 2998c.c. M5 2D,大貨車底盤,,0.0,247.0,中華 CANTER FKCCA 2998c.c. M5 2D 大貨車底盤
中華汽車工業股份有限公司,C4D721001S-1,國產,JVE03.0FZS0-C4,4P10-NA T4,中華 CANTER FKCCT  2998c.c. A6 2D  框式小貨車,5000.0,252.0,中華 CANTER FKCCT 2998c.c. A6 2D,框式小貨車,,0.0,252.0,中華 CANTER FKCCT 2998c.c. A6 2D 框式小貨車
中華汽車工業股份有限公司,C4D721001S-1,國產,JVE03.0FZS0-C4,4P10-NA T4,中華 CANTER FKCCW  2998c.c. M5 2D  框式小貨車,5000.0,505.0,中華 CANTER FKCCW 2998c.c. M5 2D,框式小貨車,,0.0,505.0,中華 CANTER FKCCW 2998c.c. M5 2D 框式小貨車
中華汽車工業股份有限公司,C4D721001S-1,國產,JVE03.0FZS0-C4,4P10-NA T4,中華 CANTER FKCE1  2998c.c. A6 2D  大貨車底盤,5000.0,107.0,中華 CANTER FKCE1 2998c.c. A6 2D,大貨車底盤,,0.0,107.0,中華 CANTER FKCE1 2998c.c. A6 2D 大貨車底盤
中華汽車工業股份有限公司,C4D721001S-1,國產,JVE03.0FZS0-C4,4P10-NA T4,中華 CANTER FKCEA  2998c.c. M5 2D  大貨車底盤,5000.0,135.0,中華 CANTER FKCEA 2998c.c. M5 2D,大貨車底盤,,0.0,135.0,中華 CANTER FKCEA 2998c.c. M5 2D 大貨車底盤
中華汽車工業股份有限公司,C4D721001S-1,國產,JVE03.0FZS0-C4,4P10-NA T4,中華 CANTER FKCET  2998c.c. A6 2D  框式小貨車,5000.0,225.0,中華 CANTER FKCET 2998c.c. A6 2D,框式小貨車,,0.0,225.0,中華 CANTER FKCET 2998c.c. A6 2D 框式小貨車
中華汽車工業股份有限公司,C4D721001S-1,國產,JVE03.0FZS0-C4,4P10-NA T4,中華 CANTER FKCEW  2998c.c. M5 2D  框式小貨車,5000.0,339.0,中華 CANTER FKCEW 2998c.c. M5 2D,框式小貨車,,0.0,339.0,中華 CANTER FKCEW 2998c.c. M5 2D 框式小貨車
中華汽車工業股份有限公司,C4D721001S-1,國產,JVE03.0FZS0-C4,4P10-NA T6,中華 CANTER FKEE2  2998c.c. A6 2D  大貨車底盤,6500.0,66.0,中華 CANTER FKEE2 2998c.c. A6 2D,大貨車底盤,,0.0,66.0,中華 CANTER FKEE2 2998c.c. A6 2D 大貨車底盤
中華汽車工業股份有限公司,C4D721001S-1,國產,JVE03.0FZS0-C4,4P10-NA T6,中華 CANTER FKHE2  2998c.c. A6 2D  大貨車底盤,7900.0,0.0,中華 CANTER FKHE2 2998c.c. A6 2D,大貨車底盤,,0.0,0.0,中華 CANTER FKHE2 2998c.c. A6 2D 大貨車底盤
中華汽車工業股份有限公司,C4D721001S-1,國產,JVE03.0FZS0-C4,4P10-NA T6,中華 CANTER FKHGB  2998c.c. M5 2D  大貨車底盤,7900.0,12.0,中華 CANTER FKHGB 2998c.c. M5 2D,大貨車底盤,,0.0,12.0,中華 CANTER FKHGB 2998c.c. M5 2D 大貨車底盤
中華汽車工業股份有限公司,C4D721001S-1,國產,JVE03.0FZS0-C4,4P10-NA T6,中華 CANTER FKJEC  2998c.c. M5 2D  大貨車底盤,8550.0,30.0,中華 CANTER FKJEC 2998c.c. M5 2D,大貨車底盤,,0.0,30.0,中華 CANTER FKJEC 2998c.c. M5 2D 大貨車底盤
中華汽車工業股份有限公司,C4D721001S-1,國產,JVE03.0FZS0-C4,4P10-NA T6,中華 CANTER FKJG3  2998c.c. A6 2D  大貨車底盤,8550.0,12.0,中華 CANTER FKJG3 2998c.c. A6 2D,大貨車底盤,,0.0,12.0,中華 CANTER FKJG3 2998c.c. A6 2D 大貨車底盤
中華汽車工業股份有限公司,C4D721001S-1,國產,JVE03.0FZS0-C4,4P10-NA T6,中華 CANTER FKJGC  2998c.c. M5 2D  大貨車底盤,8550.0,42.0,中華 CANTER FKJGC 2998c.c. M5 2D,大貨車底盤,,0.0,42.0,中華 CANTER FKJGC 2998c.c. M5 2D 大貨車底盤
中華汽車工業股份有限公司,C4D721001S-1,國產,JVE03.0FZS0-C4,4P10-NA T6,中華 CANTER FKJH3  2998c.c. A6 2D  大貨車底盤,8550.0,12.0,中華 CANTER FKJH3 2998c.c. A6 2D,大貨車底盤,,0.0,12.0,中華 CANTER FKJH3 2998c.c. A6 2D 大貨車底盤
中華汽車工業股份有限公司,C4D721001S-1,國產,JVE03.0FZS0-C4,4P10-NA T6,中華 CANTER FKJHC  2998c.c. M5 2D  大貨車底盤,8550.0,42.0,中華 CANTER FKJHC 2998c.c. M5 2D,大貨車底盤,,0.0,42.0,中華 CANTER FKJHC 2998c.c. M5 2D 大貨車底盤
中華汽車工業股份有限公司,,進口國產別,,,,5.0,0.0,中華 CANTER FLCB5 2998c.c. A6 2D,大貨車底盤,國產,1.0,1.0,中華 CANTER FLCB5 2998c.c. A6 2D 大貨車底盤
中華汽車工業股份有限公司,C5D721002I-1,國產,OVE03.0FZS0,4P10-VAT4,中華 CANTER FLCBF  2998c.c. M5 2D  大貨車底盤,5000.0,1.0,中華 CANTER FLCBF 2998c.c. M5 2D,大貨車底盤,國產,5.0,6.0,中華 CANTER FLCBF 2998c.c. M5 2D 大貨車底盤
中華汽車工業股份有限公司,,進口國產別,,,,5.0,0.0,中華 CANTER FLCBX 2998c.c. M5 2D,大貨車底盤,國產,2.0,2.0,中華 CANTER FLCBX 2998c.c. M5 2D 大貨車底盤
中華汽車工業股份有限公司,C4D721003I-2,國產,OVE03.0FZS0,4P10-VAT4,中華 CANTER FLCBY  2998c.c. A6 2D  框式小貨車,5000.0,0.0,中華 CANTER FLCBY 2998c.c. A6 2D,框式小貨車,國產,1.0,1.0,中華 CANTER FLCBY 2998c.c. A6 2D 框式小貨車
中華汽車工業股份有限公司,C5D721002I-1,國產,OVE03.0FZS0,4P10-VAT4,中華 CANTER FLCC5  2998c.c. A6 2D  大貨車底盤,5000.0,16.0,中華 CANTER FLCC5 2998c.c. A6 2D,大貨車底盤,國產,68.0,84.0,中華 CANTER FLCC5 2998c.c. A6 2D 大貨車底盤
中華汽車工業股份有限公司,C4D721003I-1,國產,OVE03.0FZS0,4P10-VAT4,中華 CANTER FLCCF  2998c.c. M5 2D  大貨車底盤,5000.0,0.0,中華 CANTER FLCCF 2998c.c. M5 2D,大貨車底盤,國產,24.0,24.0,中華 CANTER FLCCF 2998c.c. M5 2D 大貨車底盤
中華汽車工業股份有限公司,,進口國產別,,,,5.0,0.0,中華 CANTER FLCCX 2998c.c. M5 2D,大貨車底盤,國產,1.0,1.0,中華 CANTER FLCCX 2998c.c. M5 2D 大貨車底盤
中華汽車工業股份有限公司,C5D721002I-1,國產,OVE03.0FZS0,4P10-VAT4,中華 CANTER FLCCY  2998c.c. A6 2D  框式小貨車,5000.0,0.0,中華 CANTER FLCCY 2998c.c. A6 2D,框式小貨車,國產,68.0,68.0,中華 CANTER FLCCY 2998c.c. A6 2D 框式小貨車
中華汽車工業股份有限公司,C4D721003I-1,國產,OVE03.0FZS0,4P10-VAT4,中華 CANTER FLCE5  2998c.c. A6 2D  大貨車底盤,5000.0,24.0,中華 CANTER FLCE5 2998c.c. A6 2D,大貨車底盤,國產,65.0,89.0,中華 CANTER FLCE5 2998c.c. A6 2D 大貨車底盤
中華汽車工業股份有限公司,,進口國產別,,,,5.0,0.0,中華 CANTER FLCEF 2998c.c. M5 2D,大貨車底盤,國產,21.0,21.0,中華 CANTER FLCEF 2998c.c. M5 2D 大貨車底盤
中華汽車工業股份有限公司,C4D721003I-2,國產,OVE03.0FZS0,4P10-VAT4,中華 CANTER FLCEX  2998c.c. M5 2D  框式小貨車,5000.0,0.0,中華 CANTER FLCEX 2998c.c. M5 2D,框式小貨車,,0.0,0.0,中華 CANTER FLCEX 2998c.c. M5 2D 框式小貨車
中華汽車工業股份有限公司,C4D721003I-2,國產,OVE03.0FZS0,4P10-VAT4,中華 CANTER FLCEY  2998c.c. A6 2D  框式小貨車,5000.0,0.0,中華 CANTER FLCEY 2998c.c. A6 2D,框式小貨車,國產,68.0,68.0,中華 CANTER FLCEY 2998c.c. A6 2D 框式小貨車
中華汽車工業股份有限公司,C4D721003I-1,國產,OVE03.0FZS0,4P10-VAT6,中華 CANTER FLEE6  2998c.c. A6 2D  大貨車底盤,6500.0,6.0,中華 CANTER FLEE6 2998c.c. A6 2D,大貨車底盤,,0.0,6.0,中華 CANTER FLEE6 2998c.c. A6 2D 大貨車底盤
中華汽車工業股份有限公司,C5D721002I-1,國產,OVE03.0FZS0,4P10-VAT6,中華 CANTER FLHGG  2998c.c. M5 2D  大貨車底盤,7900.0,6.0,中華 CANTER FLHGG 2998c.c. M5 2D,大貨車底盤,,0.0,6.0,中華 CANTER FLHGG 2998c.c. M5 2D 大貨車底盤
中華汽車工業股份有限公司,C5D721002I-1,國產,OVE03.0FZS0,4P10-VAT6,中華 CANTER FLJEH  2998c.c. M5 2D  大貨車底盤,8550.0,6.0,中華 CANTER FLJEH 2998c.c. M5 2D,大貨車底盤,,0.0,6.0,中華 CANTER FLJEH 2998c.c. M5 2D 大貨車底盤
中華汽車工業股份有限公司,,進口國產別,,,,5.0,0.0,中華 CANTER FLJG7 2998c.c. A6 2D,大貨車底盤,國產,1.0,1.0,中華 CANTER FLJG7 2998c.c. A6 2D 大貨車底盤
中華汽車工業股份有限公司,C5D721002I-1,國產,OVE03.0FZS0,4P10-VAT6,中華 CANTER FLJGH  2998c.c. M5 2D  大貨車底盤,8550.0,7.0,中華 CANTER FLJGH 2998c.c. M5 2D,大貨車底盤,,0.0,7.0,中華 CANTER FLJGH 2998c.c. M5 2D 大貨車底盤
中華汽車工業股份有限公司,C5D721002I-1,國產,OVE03.0FZS0,4P10-VAT6,中華 CANTER FLJH7  2998c.c. A6 2D  大貨車底盤,8550.0,6.0,中華 CANTER FLJH7 2998c.c. A6 2D,大貨車底盤,國產,3.0,9.0,中華 CANTER FLJH7 2998c.c. A6 2D 大貨車底盤
中華汽車工業股份有限公司,C4D721002M-1,國產,JMF07.5FZS0-C4,6M60-CAT5,中華 FUSO FKKJ1  7545c.c. M6 2D  大貨車底盤,10400.0,6.0,中華 FUSO FKKJ1 7545c.c. M6 2D,大貨車底盤,,0.0,6.0,中華 FUSO FKKJ1 7545c.c. M6 2D 大貨車底盤
中華汽車工業股份有限公司,C4D721002M-1,國產,JMF07.5FZS0-C4,6M60-CAT5,中華 FUSO FKLG1  7545c.c. M6 2D  大貨車底盤,11000.0,18.0,中華 FUSO FKLG1 7545c.c. M6 2D,大貨車底盤,國產,1.0,19.0,中華 FUSO FKLG1 7545c.c. M6 2D 大貨車底盤
中華汽車工業股份有限公司,C4D721002M-1,國產,JMF07.5FZS0-C4,6M60-CAT5,中華 FUSO FKLK1  7545c.c. M6 2D  大貨車底盤,11000.0,18.0,中華 FUSO FKLK1 7545c.c. M6 2D,大貨車底盤,,0.0,18.0,中華 FUSO FKLK1 7545c.c. M6 2D 大貨車底盤
中華汽車工業股份有限公司,C4D721002M-1,國產,JMF07.5FZS0-C4,6M60-CAT5,中華 FUSO FKLM1  7545c.c. M6 2D  大貨車底盤,11000.0,30.0,中華 FUSO FKLM1 7545c.c. M6 2D,大貨車底盤,,0.0,30.0,中華 FUSO FKLM1 7545c.c. M6 2D 大貨車底盤
中華汽車工業股份有限公司,C4D721002M-1,國產,JMF07.5FZS0-C4,6M60-CAT5,中華 FUSO FKMG1  7545c.c. M6 2D  大貨車底盤,13500.0,60.0,中華 FUSO FKMG1 7545c.c. M6 2D,大貨車底盤,國產,3.0,63.0,中華 FUSO FKMG1 7545c.c. M6 2D 大貨車底盤
中華汽車工業股份有限公司,C4D721002M-1,國產,JMF07.5FZS0-C4,6M60-CAT5,中華 FUSO FKMK1  7545c.c. M6 2D  大貨車底盤,13500.0,72.0,中華 FUSO FKMK1 7545c.c. M6 2D,大貨車底盤,國產,1.0,73.0,中華 FUSO FKMK1 7545c.c. M6 2D 大貨車底盤
中華汽車工業股份有限公司,C4D721002M-1,國產,JMF07.5FZS0-C4,6M60-CAT5,中華 FUSO FKMM1  7545c.c. M6 2D  大貨車底盤,13500.0,18.0,中華 FUSO FKMM1 7545c.c. M6 2D,大貨車底盤,國產,2.0,20.0,中華 FUSO FKMM1 7545c.c. M6 2D 大貨車底盤
中華汽車工業股份有限公司,C4D721002M-1,國產,JMF07.5FZS0-C4,6M60-CAT6,中華 FUSO FKNH1  7545c.c. M6 2D  大貨車底盤,15600.0,24.0,中華 FUSO FKNH1 7545c.c. M6 2D,大貨車底盤,,0.0,24.0,中華 FUSO FKNH1 7545c.c. M6 2D 大貨車底盤
中華汽車工業股份有限公司,C4D721002M-1,國產,JMF07.5FZS0-C4,6M60-CAT6,中華 FUSO FKSL9  7545c.c. M6 2D  大貨車底盤,18000.0,46.0,中華 FUSO FKSL9 7545c.c. M6 2D,大貨車底盤,,0.0,46.0,中華 FUSO FKSL9 7545c.c. M6 2D 大貨車底盤
中華汽車工業股份有限公司,C4D721002M-1,國產,JMF07.5FZS0-C4,6M60-CAT6,中華 FUSO FKSN1  7545c.c. M9 2D  大貨車底盤,18000.0,0.0,中華 FUSO FKSN1 7545c.c. M9 2D,大貨車底盤,,0.0,0.0,中華 FUSO FKSN1 7545c.c. M9 2D 大貨車底盤
中華汽車工業股份有限公司,C4D721002M-1,國產,JMF07.5FZS0-C4,6M60-CAT6,中華 FUSO FKSN9  7545c.c. M6 2D  大貨車底盤,18000.0,73.0,中華 FUSO FKSN9 7545c.c. M6 2D,大貨車底盤,國產,3.0,76.0,中華 FUSO FKSN9 7545c.c. M6 2D 大貨車底盤
中華汽車工業股份有限公司,C4D721002M-1,國產,JMF07.5FZS0-C4,6M60-CAT6,中華 FUSO FKSP1  7545c.c. M9 2D  大貨車底盤,18000.0,0.0,中華 FUSO FKSP1 7545c.c. M9 2D,大貨車底盤,,0.0,0.0,中華 FUSO FKSP1 7545c.c. M9 2D 大貨車底盤
中華汽車工業股份有限公司,C4D721002M-1,國產,JMF07.5FZS0-C4,6M60-CAT6,中華 FUSO FKSP9  7545c.c. M6 2D  大貨車底盤,18000.0,42.0,中華 FUSO FKSP9 7545c.c. M6 2D,大貨車底盤,,0.0,42.0,中華 FUSO FKSP9 7545c.c. M6 2D 大貨車底盤
中華汽車工業股份有限公司,C4D721002M-1,國產,JMF07.5FZS0-C4,6M60-CAT6,中華 FUSO FKSS9  7545c.c. M6 2D  大貨車底盤,18000.0,12.0,中華 FUSO FKSS9 7545c.c. M6 2D,大貨車底盤,,0.0,12.0,中華 FUSO FKSS9 7545c.c. M6 2D 大貨車底盤
中華汽車工業股份有限公司,C4D721002M-2,國產,JMF07.5FZS0-C4,6M60-CAT5,中華 FUSO FLLJ1  7545c.c. M6 2D  大貨車底盤,11000.0,12.0,中華 FUSO FLLJ1 7545c.c. M6 2D,大貨車底盤,國產,2.0,14.0,中華 FUSO FLLJ1 7545c.c. M6 2D 大貨車底盤
台中眾鈴汽車股份有限公司,C3D658002H-1,國產,JSZ05.2FZA4-C3,4HK1E6H-C,五十鈴 FRR90JAC6  5193c.c. A6 2D  大貨車底盤,11000.0,0.0,五十鈴 FRR90JAC6 5193c.c. A6 2D,大貨車底盤,,0.0,0.0,五十鈴 FRR90JAC6 5193c.c. A6 2D 大貨車底盤
台中眾鈴汽車股份有限公司,C3D658002H-1,國產,JSZ05.2FZA4-C3,4HK1E6H-C,五十鈴 FRR90JMC6  5193c.c. M6 2D  大貨車底盤,11000.0,0.0,五十鈴 FRR90JMC6 5193c.c. M6 2D,大貨車底盤,,0.0,0.0,五十鈴 FRR90JMC6 5193c.c. M6 2D 大貨車底盤
台中眾鈴汽車股份有限公司,C3D658002H-1,國產,JSZ05.2FZA4-C3,4HK1E6H-C,五十鈴 FRR90LAC6  5193c.c. A6 2D  大貨車底盤,11000.0,0.0,五十鈴 FRR90LAC6 5193c.c. A6 2D,大貨車底盤,,0.0,0.0,五十鈴 FRR90LAC6 5193c.c. A6 2D 大貨車底盤
台中眾鈴汽車股份有限公司,C3D658002H-1,國產,JSZ05.2FZA4-C3,4HK1E6H-C,五十鈴 FRR90LMC6  5193c.c. M6 2D  大貨車底盤,11000.0,0.0,五十鈴 FRR90LMC6 5193c.c. M6 2D,大貨車底盤,,0.0,0.0,五十鈴 FRR90LMC6 5193c.c. M6 2D 大貨車底盤
台中眾鈴汽車股份有限公司,C3D658002H-1,國產,JSZ05.2FZA4-C3,4HK1E6H-C,五十鈴 FRR90NAC6  5193c.c. A6 2D  大貨車底盤,11000.0,0.0,五十鈴 FRR90NAC6 5193c.c. A6 2D,大貨車底盤,,0.0,0.0,五十鈴 FRR90NAC6 5193c.c. A6 2D 大貨車底盤
台中眾鈴汽車股份有限公司,C3D658002H-1,國產,JSZ05.2FZA4-C3,4HK1E6H-C,五十鈴 FRR90NMC6  5193c.c. M6 2D  大貨車底盤,11000.0,0.0,五十鈴 FRR90NMC6 5193c.c. M6 2D,大貨車底盤,,0.0,0.0,五十鈴 FRR90NMC6 5193c.c. M6 2D 大貨車底盤
台中眾鈴汽車股份有限公司,C3D658002H-1,國產,JSZ05.2FZA4-C3,4HK1E6H-C,五十鈴 FRR90QAC6  5193c.c. A6 2D  大貨車底盤,11000.0,0.0,五十鈴 FRR90QAC6 5193c.c. A6 2D,大貨車底盤,,0.0,0.0,五十鈴 FRR90QAC6 5193c.c. A6 2D 大貨車底盤
台中眾鈴汽車股份有限公司,C3D658002H-1,國產,JSZ05.2FZA4-C3,4HK1E6H-C,五十鈴 FRR90QMC6  5193c.c. M6 2D  大貨車底盤,11000.0,0.0,五十鈴 FRR90QMC6 5193c.c. M6 2D,大貨車底盤,,0.0,0.0,五十鈴 FRR90QMC6 5193c.c. M6 2D 大貨車底盤
台中眾鈴汽車股份有限公司,C3D658003H-1,國產,JSZ07.8FZA7-C3,6HK1E6S,五十鈴 FVR34PAC6  7790c.c. A6 2D  大貨車底盤,18500.0,0.0,五十鈴 FVR34PAC6 7790c.c. A6 2D,大貨車底盤,,0.0,0.0,五十鈴 FVR34PAC6 7790c.c. A6 2D 大貨車底盤
台中眾鈴汽車股份有限公司,C3D658003H-1,國產,JSZ07.8FZA7-C3,6HK1E6S,五十鈴 FVR34PMC6  7790c.c. M6 2D  大貨車底盤,18500.0,0.0,五十鈴 FVR34PMC6 7790c.c. M6 2D,大貨車底盤,,0.0,0.0,五十鈴 FVR34PMC6 7790c.c. M6 2D 大貨車底盤
台中眾鈴汽車股份有限公司,C3D658003H-1,國產,JSZ07.8FZA7-C3,6HK1E6S,五十鈴 FVR34QAC6  7790c.c. A6 2D  大貨車底盤,18500.0,0.0,五十鈴 FVR34QAC6 7790c.c. A6 2D,大貨車底盤,,0.0,0.0,五十鈴 FVR34QAC6 7790c.c. A6 2D 大貨車底盤
台中眾鈴汽車股份有限公司,C3D658003H-1,國產,JSZ07.8FZA7-C3,6HK1E6S,五十鈴 FVR34QMC6  7790c.c. M6 2D  大貨車底盤,18500.0,0.0,五十鈴 FVR34QMC6 7790c.c. M6 2D,大貨車底盤,,0.0,0.0,五十鈴 FVR34QMC6 7790c.c. M6 2D 大貨車底盤
台中眾鈴汽車股份有限公司,C3D658003H-1,國產,JSZ07.8FZA7-C3,6HK1E6S,五十鈴 FVR34SAC6  7790c.c. A6 2D  大貨車底盤,18500.0,0.0,五十鈴 FVR34SAC6 7790c.c. A6 2D,大貨車底盤,,0.0,0.0,五十鈴 FVR34SAC6 7790c.c. A6 2D 大貨車底盤
台中眾鈴汽車股份有限公司,C3D658003H-1,國產,JSZ07.8FZA7-C3,6HK1E6S,五十鈴 FVR34SMC6  7790c.c. M6 2D  大貨車底盤,18500.0,0.0,五十鈴 FVR34SMC6 7790c.c. M6 2D,大貨車底盤,,0.0,0.0,五十鈴 FVR34SMC6 7790c.c. M6 2D 大貨車底盤
台中眾鈴汽車股份有限公司,C3D658003H-1,國產,JSZ07.8FZA7-C3,6HK1E6S,五十鈴 FVR34TAC6  7790c.c. A6 2D  大貨車底盤,18500.0,0.0,五十鈴 FVR34TAC6 7790c.c. A6 2D,大貨車底盤,,0.0,0.0,五十鈴 FVR34TAC6 7790c.c. A6 2D 大貨車底盤
台中眾鈴汽車股份有限公司,C3D658003H-1,國產,JSZ07.8FZA7-C3,6HK1E6S,五十鈴 FVR34TMC6  7790c.c. M6 2D  大貨車底盤,18500.0,0.0,五十鈴 FVR34TMC6 7790c.c. M6 2D,大貨車底盤,,0.0,0.0,五十鈴 FVR34TMC6 7790c.c. M6 2D 大貨車底盤
台中眾鈴汽車股份有限公司,C2D658003H-1,國產,JSZ05.2FZA4-C2,4HK1E6C-C,五十鈴 LR490KMB6  5193c.c. M6  大客車底盤,10500.0,2.0,五十鈴 LR490KMB6 5193c.c. M6,大客車底盤,,0.0,2.0,五十鈴 LR490KMB6 5193c.c. M6 大客車底盤
台中眾鈴汽車股份有限公司,C3D658001H-1,國產,JSZ03.0FZA6-C3,4JJ1E6N-C,五十鈴 NLR85FAD6  2999c.c. A5 2D  貨車底盤,5000.0,0.0,五十鈴 NLR85FAD6 2999c.c. A5 2D,貨車底盤,,0.0,0.0,五十鈴 NLR85FAD6 2999c.c. A5 2D 貨車底盤
台中眾鈴汽車股份有限公司,C3D658001H-1,國產,JSZ03.0FZA6-C3,4JJ1E6N-C,五十鈴 NLR85FMD6  2999c.c. M5 2D  貨車底盤,5000.0,0.0,五十鈴 NLR85FMD6 2999c.c. M5 2D,貨車底盤,,0.0,0.0,五十鈴 NLR85FMD6 2999c.c. M5 2D 貨車底盤
台中眾鈴汽車股份有限公司,C3D658001H-1,國產,JSZ03.0FZA6-C3,4JJ1E6N-C,五十鈴 NLR85HAD6  2999c.c. A5 2D  貨車底盤,5000.0,0.0,五十鈴 NLR85HAD6 2999c.c. A5 2D,貨車底盤,國產,1.0,1.0,五十鈴 NLR85HAD6 2999c.c. A5 2D 貨車底盤
台中眾鈴汽車股份有限公司,C3D658001H-1,國產,JSZ03.0FZA6-C3,4JJ1E6N-C,五十鈴 NLR85HMD6  2999c.c. M5 2D  貨車底盤,5000.0,0.0,五十鈴 NLR85HMD6 2999c.c. M5 2D,貨車底盤,,0.0,0.0,五十鈴 NLR85HMD6 2999c.c. M5 2D 貨車底盤
台中眾鈴汽車股份有限公司,C3D658001H-1,國產,JSZ03.0FZA6-C3,4JJ1E6N-C,五十鈴 NMR85FAD6  2999c.c. A6 2D  大貨車底盤,6500.0,0.0,五十鈴 NMR85FAD6 2999c.c. A6 2D,大貨車底盤,,0.0,0.0,五十鈴 NMR85FAD6 2999c.c. A6 2D 大貨車底盤
台中眾鈴汽車股份有限公司,C3D658001H-1,國產,JSZ03.0FZA6-C3,4JJ1E6N-C,五十鈴 NMR85FMD6  2999c.c. M5 2D  大貨車底盤,6500.0,0.0,五十鈴 NMR85FMD6 2999c.c. M5 2D,大貨車底盤,,0.0,0.0,五十鈴 NMR85FMD6 2999c.c. M5 2D 大貨車底盤
台中眾鈴汽車股份有限公司,C3D658001H-1,國產,JSZ03.0FZA6-C3,4JJ1E6N-C,五十鈴 NMR85HAD6  2999c.c. A6 2D  大貨車底盤,6500.0,0.0,五十鈴 NMR85HAD6 2999c.c. A6 2D,大貨車底盤,國產,1.0,1.0,五十鈴 NMR85HAD6 2999c.c. A6 2D 大貨車底盤
台中眾鈴汽車股份有限公司,C3D658001H-1,國產,JSZ03.0FZA6-C3,4JJ1E6N-C,五十鈴 NMR85HMD6  2999c.c. M5 2D  大貨車底盤,6500.0,0.0,五十鈴 NMR85HMD6 2999c.c. M5 2D,大貨車底盤,,0.0,0.0,五十鈴 NMR85HMD6 2999c.c. M5 2D 大貨車底盤
台中眾鈴汽車股份有限公司,C3D658002H-1,國產,JSZ05.2FZA4-C3,4HK1E6C-C,五十鈴 NPR75FAD6  5193c.c. A6 2D  大貨車底盤,7500.0,0.0,五十鈴 NPR75FAD6 5193c.c. A6 2D,大貨車底盤,,0.0,0.0,五十鈴 NPR75FAD6 5193c.c. A6 2D 大貨車底盤
台中眾鈴汽車股份有限公司,C3D658002H-1,國產,JSZ05.2FZA4-C3,4HK1E6C-C,五十鈴 NPR75FMD6  5193c.c. M6 2D  大貨車底盤,7500.0,0.0,五十鈴 NPR75FMD6 5193c.c. M6 2D,大貨車底盤,,0.0,0.0,五十鈴 NPR75FMD6 5193c.c. M6 2D 大貨車底盤
台中眾鈴汽車股份有限公司,C3D658002H-1,國產,JSZ05.2FZA4-C3,4HK1E6C-C,五十鈴 NPR75HAD6  5193c.c. A6 2D  大貨車底盤,7500.0,0.0,五十鈴 NPR75HAD6 5193c.c. A6 2D,大貨車底盤,,0.0,0.0,五十鈴 NPR75HAD6 5193c.c. A6 2D 大貨車底盤
台中眾鈴汽車股份有限公司,C3D658002H-1,國產,JSZ05.2FZA4-C3,4HK1E6C-C,五十鈴 NPR75HMD6  5193c.c. M6 2D  大貨車底盤,7500.0,0.0,五十鈴 NPR75HMD6 5193c.c. M6 2D,大貨車底盤,,0.0,0.0,五十鈴 NPR75HMD6 5193c.c. M6 2D 大貨車底盤
台中眾鈴汽車股份有限公司,C3D658002H-1,國產,JSZ05.2FZA4-C3,4HK1E6C-C,五十鈴 NPR75KAD6  5193c.c. A6 2D  大貨車底盤,7500.0,0.0,五十鈴 NPR75KAD6 5193c.c. A6 2D,大貨車底盤,,0.0,0.0,五十鈴 NPR75KAD6 5193c.c. A6 2D 大貨車底盤
台中眾鈴汽車股份有限公司,C3D658002H-1,國產,JSZ05.2FZA4-C3,4HK1E6C-C,五十鈴 NPR75KAW6  5193c.c. A6 4D  大貨車底盤,7500.0,0.0,五十鈴 NPR75KAW6 5193c.c. A6 4D,大貨車底盤,,0.0,0.0,五十鈴 NPR75KAW6 5193c.c. A6 4D 大貨車底盤
台中眾鈴汽車股份有限公司,C3D658002H-1,國產,JSZ05.2FZA4-C3,4HK1E6C-C,五十鈴 NPR75KMD6  5193c.c. M6 2D  大貨車底盤,7500.0,0.0,五十鈴 NPR75KMD6 5193c.c. M6 2D,大貨車底盤,,0.0,0.0,五十鈴 NPR75KMD6 5193c.c. M6 2D 大貨車底盤
台中眾鈴汽車股份有限公司,C3D658002H-1,國產,JSZ05.2FZA4-C3,4HK1E6C-C,五十鈴 NPR75KMW6  5193c.c. M6 4D  大貨車底盤,7500.0,0.0,五十鈴 NPR75KMW6 5193c.c. M6 4D,大貨車底盤,,0.0,0.0,五十鈴 NPR75KMW6 5193c.c. M6 4D 大貨車底盤
台中眾鈴汽車股份有限公司,C3D658001H-1,國產,JSZ03.0FZA6-C3,4JJ1E6N-C,五十鈴 NPR85FAD6  2999c.c. A6 2D  大貨車底盤,7500.0,0.0,五十鈴 NPR85FAD6 2999c.c. A6 2D,大貨車底盤,,0.0,0.0,五十鈴 NPR85FAD6 2999c.c. A6 2D 大貨車底盤
台中眾鈴汽車股份有限公司,C3D658001H-1,國產,JSZ03.0FZA6-C3,4JJ1E6N-C,五十鈴 NPR85FMD6  2999c.c. M6 2D  大貨車底盤,7500.0,0.0,五十鈴 NPR85FMD6 2999c.c. M6 2D,大貨車底盤,,0.0,0.0,五十鈴 NPR85FMD6 2999c.c. M6 2D 大貨車底盤
台中眾鈴汽車股份有限公司,C3D658001H-1,國產,JSZ03.0FZA6-C3,4JJ1E6N-C,五十鈴 NPR85HAD6  2999c.c. A6 2D  大貨車底盤,7500.0,0.0,五十鈴 NPR85HAD6 2999c.c. A6 2D,大貨車底盤,,0.0,0.0,五十鈴 NPR85HAD6 2999c.c. A6 2D 大貨車底盤
台中眾鈴汽車股份有限公司,C3D658001H-1,國產,JSZ03.0FZA6-C3,4JJ1E6N-C,五十鈴 NPR85HMD6  2999c.c. M6 2D  大貨車底盤,7500.0,0.0,五十鈴 NPR85HMD6 2999c.c. M6 2D,大貨車底盤,,0.0,0.0,五十鈴 NPR85HMD6 2999c.c. M6 2D 大貨車底盤
台中眾鈴汽車股份有限公司,C3D658001H-1,國產,JSZ03.0FZA6-C3,4JJ1E6N-C,五十鈴 NPR85KAD6  2999c.c. A6 2D  大貨車底盤,7500.0,0.0,五十鈴 NPR85KAD6 2999c.c. A6 2D,大貨車底盤,國產,1.0,1.0,五十鈴 NPR85KAD6 2999c.c. A6 2D 大貨車底盤
台中眾鈴汽車股份有限公司,C3D658001H-1,國產,JSZ03.0FZA6-C3,4JJ1E6N-C,五十鈴 NPR85KMD6  2999c.c. M6 2D  大貨車底盤,7500.0,0.0,五十鈴 NPR85KMD6 2999c.c. M6 2D,大貨車底盤,,0.0,0.0,五十鈴 NPR85KMD6 2999c.c. M6 2D 大貨車底盤
台中眾鈴汽車股份有限公司,C3D658002H-1,國產,JSZ05.2FZA4-C3,4HK1E6C-C,五十鈴 NQR90HAD6  5193c.c. A6 2D  大貨車底盤,9500.0,0.0,五十鈴 NQR90HAD6 5193c.c. A6 2D,大貨車底盤,,0.0,0.0,五十鈴 NQR90HAD6 5193c.c. A6 2D 大貨車底盤
台中眾鈴汽車股份有限公司,C3D658002H-1,國產,JSZ05.2FZA4-C3,4HK1E6C-C,五十鈴 NQR90HMD6  5193c.c. M6 2D  大貨車底盤,9500.0,0.0,五十鈴 NQR90HMD6 5193c.c. M6 2D,大貨車底盤,,0.0,0.0,五十鈴 NQR90HMD6 5193c.c. M6 2D 大貨車底盤
台中眾鈴汽車股份有限公司,C3D658002H-1,國產,JSZ05.2FZA4-C3,4HK1E6C-C,五十鈴 NQR90KAD6  5193c.c. A6 2D  大貨車底盤,9500.0,0.0,五十鈴 NQR90KAD6 5193c.c. A6 2D,大貨車底盤,,0.0,0.0,五十鈴 NQR90KAD6 5193c.c. A6 2D 大貨車底盤
台中眾鈴汽車股份有限公司,C3D658002H-1,國產,JSZ05.2FZA4-C3,4HK1E6C-C,五十鈴 NQR90KMD6  5193c.c. M6 2D  大貨車底盤,9500.0,0.0,五十鈴 NQR90KMD6 5193c.c. M6 2D,大貨車底盤,,0.0,0.0,五十鈴 NQR90KMD6 5193c.c. M6 2D 大貨車底盤
台中眾鈴汽車股份有限公司,C3D658002H-1,國產,JSZ05.2FZA4-C3,4HK1E6C-C,五十鈴 NQR90LAD6  5193c.c. A6 2D  大貨車底盤,9500.0,0.0,五十鈴 NQR90LAD6 5193c.c. A6 2D,大貨車底盤,,0.0,0.0,五十鈴 NQR90LAD6 5193c.c. A6 2D 大貨車底盤
台中眾鈴汽車股份有限公司,C3D658002H-1,國產,JSZ05.2FZA4-C3,4HK1E6C-C,五十鈴 NQR90LMD6  5193c.c. M6 2D  大貨車底盤,9500.0,0.0,五十鈴 NQR90LMD6 5193c.c. M6 2D,大貨車底盤,,0.0,0.0,五十鈴 NQR90LMD6 5193c.c. M6 2D 大貨車底盤
國瑞汽車股份有限公司,C4D720003M-1,國產,LHM05.1FZA1-C4,A05C-TM,國瑞 FC2AD7D-DBAPF  5123c.c. M6 2D  大貨車底盤,10400.0,70.0,國瑞 FC2AD7D-DBAPF 5123c.c. M6 2D,大貨車底盤,,0.0,70.0,國瑞 FC2AD7D-DBAPF 5123c.c. M6 2D 大貨車底盤
國瑞汽車股份有限公司,C4D720003M-1,國產,LHM05.1FZA1-C4,A05C-TM,國瑞 FC2AG7A-DBAPF  5123c.c. M6 2D  大貨車底盤,10400.0,35.0,國瑞 FC2AG7A-DBAPF 5123c.c. M6 2D,大貨車底盤,,0.0,35.0,國瑞 FC2AG7A-DBAPF 5123c.c. M6 2D 大貨車底盤
國瑞汽車股份有限公司,C4D720003M-1,國產,LHM05.1FZA1-C4,A05C-TM,國瑞 FC2AG7A-DMAPF  5123c.c. A6 2D  大貨車底盤,10400.0,9.0,國瑞 FC2AG7A-DMAPF 5123c.c. A6 2D,大貨車底盤,,0.0,9.0,國瑞 FC2AG7A-DMAPF 5123c.c. A6 2D 大貨車底盤
國瑞汽車股份有限公司,C4D720003M-1,國產,LHM05.1FZA1-C4,A05C-TM,國瑞 FC2AJ7A-DBAPF  5123c.c. M6 2D  大貨車底盤,10400.0,23.0,國瑞 FC2AJ7A-DBAPF 5123c.c. M6 2D,大貨車底盤,,0.0,23.0,國瑞 FC2AJ7A-DBAPF 5123c.c. M6 2D 大貨車底盤
國瑞汽車股份有限公司,C4D720003M-1,國產,LHM05.1FZA1-C4,A05C-TM,國瑞 FC2AJ7A-DMAPF  5123c.c. A6 2D  大貨車底盤,10400.0,8.0,國瑞 FC2AJ7A-DMAPF 5123c.c. A6 2D,大貨車底盤,,0.0,8.0,國瑞 FC2AJ7A-DMAPF 5123c.c. A6 2D 大貨車底盤
國瑞汽車股份有限公司,C4D720003M-1,國產,LHM05.1FZA1-C4,A05C-TM,國瑞 FC2AL7A-DBAPF  5123c.c. M6 2D  大貨車底盤,10400.0,6.0,國瑞 FC2AL7A-DBAPF 5123c.c. M6 2D,大貨車底盤,,0.0,6.0,國瑞 FC2AL7A-DBAPF 5123c.c. M6 2D 大貨車底盤
國瑞汽車股份有限公司,C4D720003M-1,國產,LHM05.1FZA1-C4,A05C-TM,國瑞 FC2AL7A-DMAPF  5123c.c. A6 2D  大貨車底盤,10400.0,6.0,國瑞 FC2AL7A-DMAPF 5123c.c. A6 2D,大貨車底盤,,0.0,6.0,國瑞 FC2AL7A-DMAPF 5123c.c. A6 2D 大貨車底盤
國瑞汽車股份有限公司,C4D720003M-1,國產,LHM05.1FZA1-C4,A05C-TM,國瑞 FD2AG7A-DBCPF  5123c.c. M6 2D  大貨車底盤,11000.0,58.0,國瑞 FD2AG7A-DBCPF 5123c.c. M6 2D,大貨車底盤,,0.0,58.0,國瑞 FD2AG7A-DBCPF 5123c.c. M6 2D 大貨車底盤
國瑞汽車股份有限公司,C4D720003M-1,國產,LHM05.1FZA1-C4,A05C-TM,國瑞 FD2AG7A-DMCPF  5123c.c. A6 2D  大貨車底盤,11000.0,44.0,國瑞 FD2AG7A-DMCPF 5123c.c. A6 2D,大貨車底盤,,0.0,44.0,國瑞 FD2AG7A-DMCPF 5123c.c. A6 2D 大貨車底盤
國瑞汽車股份有限公司,C4D720003M-1,國產,LHM05.1FZA1-C4,A05C-TM,國瑞 FD2AJ7A-DBCPF  5123c.c. M6 2D  大貨車底盤,11000.0,87.0,國瑞 FD2AJ7A-DBCPF 5123c.c. M6 2D,大貨車底盤,,0.0,87.0,國瑞 FD2AJ7A-DBCPF 5123c.c. M6 2D 大貨車底盤
國瑞汽車股份有限公司,C4D720003M-1,國產,LHM05.1FZA1-C4,A05C-TM,國瑞 FD2AJ7A-DMCPF  5123c.c. A6 2D  大貨車底盤,11000.0,75.0,國瑞 FD2AJ7A-DMCPF 5123c.c. A6 2D,大貨車底盤,,0.0,75.0,國瑞 FD2AJ7A-DMCPF 5123c.c. A6 2D 大貨車底盤
國瑞汽車股份有限公司,C4D720003M-1,國產,LHM05.1FZA1-C4,A05C-TM,國瑞 FD2AL7A-DBCPF  5123c.c. M6 2D  大貨車底盤,11000.0,162.0,國瑞 FD2AL7A-DBCPF 5123c.c. M6 2D,大貨車底盤,,0.0,162.0,國瑞 FD2AL7A-DBCPF 5123c.c. M6 2D 大貨車底盤
國瑞汽車股份有限公司,C4D720003M-1,國產,LHM05.1FZA1-C4,A05C-TM,國瑞 FD2AL7A-DMCPF  5123c.c. A6 2D  大貨車底盤,11000.0,119.0,國瑞 FD2AL7A-DMCPF 5123c.c. A6 2D,大貨車底盤,,0.0,119.0,國瑞 FD2AL7A-DMCPF 5123c.c. A6 2D 大貨車底盤
國瑞汽車股份有限公司,C4D720003M-1,國產,LHM05.1FZA1-C4,A05C-TM,國瑞 FD2AP7A-DBCPF  5123c.c. M6 2D  大貨車底盤,11000.0,72.0,國瑞 FD2AP7A-DBCPF 5123c.c. M6 2D,大貨車底盤,,0.0,72.0,國瑞 FD2AP7A-DBCPF 5123c.c. M6 2D 大貨車底盤
國瑞汽車股份有限公司,C4D720003M-1,國產,LHM05.1FZA1-C4,A05C-TM,國瑞 FD2AP7A-DMCPF  5123c.c. A6 2D  大貨車底盤,11000.0,55.0,國瑞 FD2AP7A-DMCPF 5123c.c. A6 2D,大貨車底盤,,0.0,55.0,國瑞 FD2AP7A-DMCPF 5123c.c. A6 2D 大貨車底盤
國瑞汽車股份有限公司,C4D720006G-1,國產,LHM07.7FZA4-C4,J08E-WS,國瑞 FG8JK8A-UGF  7685c.c. M6 2D  大貨車底盤,15500.0,56.0,國瑞 FG8JK8A-UGF 7685c.c. M6 2D,大貨車底盤,,0.0,56.0,國瑞 FG8JK8A-UGF 7685c.c. M6 2D 大貨車底盤
國瑞汽車股份有限公司,C4D720006G-1,國產,LHM07.7FZA4-C4,J08E-WS,國瑞 FG8JP8A-UGF  7685c.c. M6 2D  大貨車底盤,15500.0,1.0,國瑞 FG8JP8A-UGF 7685c.c. M6 2D,大貨車底盤,,0.0,1.0,國瑞 FG8JP8A-UGF 7685c.c. M6 2D 大貨車底盤
國瑞汽車股份有限公司,C4D720002M-1,國產,KHM08.9FZA8-C4,A09C-VN,國瑞 FR1ASSA-FDAPFAA  8866c.c. M9 2D  大貨車底盤,26000.0,0.0,國瑞 FR1ASSA-FDAPFAA 8866c.c. M9 2D,大貨車底盤,,0.0,0.0,國瑞 FR1ASSA-FDAPFAA 8866c.c. M9 2D 大貨車底盤
國瑞汽車股份有限公司,C4D720005M-1,國產,LHM12.9FZA0-C4,E13C-BM,國瑞 FR1ESSP-DRAPFAA  12913c.c. A12 2D  大貨車底盤,26000.0,6.0,國瑞 FR1ESSP-DRAPFAA 12913c.c. A12 2D,大貨車底盤,,0.0,6.0,國瑞 FR1ESSP-DRAPFAA 12913c.c. A12 2D 大貨車底盤
國瑞汽車股份有限公司,C4D720005M-1,國產,LHM12.9FZA0-C4,E13C-BM,國瑞 FR1EUSA-DRAPF1A  12913c.c. A12 2D  大貨車底盤,26000.0,126.0,國瑞 FR1EUSA-DRAPF1A 12913c.c. A12 2D,大貨車底盤,,0.0,126.0,國瑞 FR1EUSA-DRAPF1A 12913c.c. A12 2D 大貨車底盤
國瑞汽車股份有限公司,C4D720005M-1,國產,LHM12.9FZA0-C4,E13C-BM,國瑞 FR1EUSP-DFAPFAA  12913c.c. M12 2D  大貨車底盤,26000.0,0.0,國瑞 FR1EUSP-DFAPFAA 12913c.c. M12 2D,大貨車底盤,,0.0,0.0,國瑞 FR1EUSP-DFAPFAA 12913c.c. M12 2D 大貨車底盤
國瑞汽車股份有限公司,C4D720005M-1,國產,LHM12.9FZA0-C4,E13C-BM,國瑞 FR1EUSP-DRAPFAA  12913c.c. A12 2D  大貨車底盤,26000.0,200.0,國瑞 FR1EUSP-DRAPFAA 12913c.c. A12 2D,大貨車底盤,,0.0,200.0,國瑞 FR1EUSP-DRAPFAA 12913c.c. A12 2D 大貨車底盤
國瑞汽車股份有限公司,C4D720005M-1,國產,LHM12.9FZA0-C4,E13C-BM,國瑞 FR1EUSP-DSAPFAA  12913c.c. A16 2D  大貨車底盤,26000.0,0.0,國瑞 FR1EUSP-DSAPFAA 12913c.c. A16 2D,大貨車底盤,,0.0,0.0,國瑞 FR1EUSP-DSAPFAA 12913c.c. A16 2D 大貨車底盤
國瑞汽車股份有限公司,C4D720002M-1,國產,KHM08.9FZA8-C4,A09C-VN,國瑞 FS1AKSD-FDAPFAA  8866c.c. M9 2D  大貨車底盤,21500.0,122.0,國瑞 FS1AKSD-FDAPFAA 8866c.c. M9 2D,大貨車底盤,,0.0,122.0,國瑞 FS1AKSD-FDAPFAA 8866c.c. M9 2D 大貨車底盤
國瑞汽車股份有限公司,C4D720002M-1,國產,KHM08.9FZA8-C4,A09C-VN,國瑞 FS1APSM-FDAPFAA  8866c.c. M9 2D  大貨車底盤,26000.0,14.0,國瑞 FS1APSM-FDAPFAA 8866c.c. M9 2D,大貨車底盤,,0.0,14.0,國瑞 FS1APSM-FDAPFAA 8866c.c. M9 2D 大貨車底盤
國瑞汽車股份有限公司,C4D720002M-1,國產,KHM08.9FZA8-C4,A09C-VN,國瑞 FS1AVSA-FDAPFAA  8866c.c. M9 2D  大貨車底盤,28300.0,41.0,國瑞 FS1AVSA-FDAPFAA 8866c.c. M9 2D,大貨車底盤,,0.0,41.0,國瑞 FS1AVSA-FDAPFAA 8866c.c. M9 2D 大貨車底盤
國瑞汽車股份有限公司,C4D720005M-1,國產,LHM12.9FZA0-C4,E13C-BN,國瑞 FS1EPSM-DCAPFAA  12913c.c. M7 2D  大貨車底盤,26000.0,291.0,國瑞 FS1EPSM-DCAPFAA 12913c.c. M7 2D,大貨車底盤,,0.0,291.0,國瑞 FS1EPSM-DCAPFAA 12913c.c. M7 2D 大貨車底盤
國瑞汽車股份有限公司,C4D720005M-1,國產,LHM12.9FZA0-C4,E13C-BM,國瑞 FS1EVSP-DRAPFAA  12913c.c. A12 2D  大貨車底盤,28300.0,29.0,國瑞 FS1EVSP-DRAPFAA 12913c.c. A12 2D,大貨車底盤,,0.0,29.0,國瑞 FS1EVSP-DRAPFAA 12913c.c. A12 2D 大貨車底盤
國瑞汽車股份有限公司,C4D720006G-1,國產,LHM07.7FZA4-C4,J08E-WS,國瑞 GH8JJ8D-XGF  7685c.c. M9 2D  大貨車底盤,17000.0,0.0,國瑞 GH8JJ8D-XGF 7685c.c. M9 2D,大貨車底盤,,0.0,0.0,國瑞 GH8JJ8D-XGF 7685c.c. M9 2D 大貨車底盤
國瑞汽車股份有限公司,C4D720006G-1,國產,LHM07.7FZA4-C4,J08E-WS,國瑞 GH8JM8A-UGF  7685c.c. M6 2D  大貨車底盤,17000.0,131.0,國瑞 GH8JM8A-UGF 7685c.c. M6 2D,大貨車底盤,,0.0,131.0,國瑞 GH8JM8A-UGF 7685c.c. M6 2D 大貨車底盤
國瑞汽車股份有限公司,C4D720006G-1,國產,LHM07.7FZA4-C4,J08E-WS,國瑞 GH8JR8A-UGF  7685c.c. M6 2D  大貨車底盤,17000.0,143.0,國瑞 GH8JR8A-UGF 7685c.c. M6 2D,大貨車底盤,,0.0,143.0,國瑞 GH8JR8A-UGF 7685c.c. M6 2D 大貨車底盤
國瑞汽車股份有限公司,C4D720006G-1,國產,LHM07.7FZA4-C4,J08E-WS,國瑞 GH8JR8A-XGF  7685c.c. M9 2D  大貨車底盤,17000.0,0.0,國瑞 GH8JR8A-XGF 7685c.c. M9 2D,大貨車底盤,,0.0,0.0,國瑞 GH8JR8A-XGF 7685c.c. M9 2D 大貨車底盤
國瑞汽車股份有限公司,C4D720006G-1,國產,LHM07.7FZA4-C4,J08E-WS,國瑞 GH8JT8A-UGF  7685c.c. M6 2D  大貨車底盤,17000.0,137.0,國瑞 GH8JT8A-UGF 7685c.c. M6 2D,大貨車底盤,,0.0,137.0,國瑞 GH8JT8A-UGF 7685c.c. M6 2D 大貨車底盤
國瑞汽車股份有限公司,C4D720006G-1,國產,LHM07.7FZA4-C4,J08E-WS,國瑞 GH8JT8A-XGF  7685c.c. M9 2D  大貨車底盤,17000.0,0.0,國瑞 GH8JT8A-XGF 7685c.c. M9 2D,大貨車底盤,,0.0,0.0,國瑞 GH8JT8A-XGF 7685c.c. M9 2D 大貨車底盤
國瑞汽車股份有限公司,C4D720006G-1,國產,LHM07.7FZA4-C4,J08E-WS,國瑞 GH8JT8G-UGF  7685c.c. M6 2D  大貨車底盤,17000.0,28.0,國瑞 GH8JT8G-UGF 7685c.c. M6 2D,大貨車底盤,,0.0,28.0,國瑞 GH8JT8G-UGF 7685c.c. M6 2D 大貨車底盤
國瑞汽車股份有限公司,C4D720007M-1,國產,KHM05.1FZB3-C4,A05C-TL,國瑞 HS2ARXL-UTF  5123c.c. A6  大客車底盤,16300.0,0.0,國瑞 HS2ARXL-UTF 5123c.c. A6,大客車底盤,,0.0,0.0,國瑞 HS2ARXL-UTF 5123c.c. A6 大客車底盤
國瑞汽車股份有限公司,C3D720002M-1,國產,KHM05.1FZB3-C3,A05C-TL,國瑞 RK2ARXA-PJF  5123c.c. M6  大客車底盤,14500.0,30.0,國瑞 RK2ARXA-PJF 5123c.c. M6,大客車底盤,國產,16.0,46.0,國瑞 RK2ARXA-PJF 5123c.c. M6 大客車底盤
國瑞汽車股份有限公司,C2D720003M-1,國產,KHM08.9FZA8-C2,A09C-VN,國瑞 RM1ASXU-VSF  8866c.c. A6  大客車底盤,18000.0,11.0,國瑞 RM1ASXU-VSF 8866c.c. A6,大客車底盤,國產,17.0,28.0,國瑞 RM1ASXU-VSF 8866c.c. A6 大客車底盤
國瑞汽車股份有限公司,C1D720009M-1,國產,KHM08.9FZA8-C1,A09C-VN,國瑞 RM1ASXU-ZSF  8866c.c. M6  大客車底盤,17000.0,4.0,國瑞 RM1ASXU-ZSF 8866c.c. M6,大客車底盤,,0.0,4.0,國瑞 RM1ASXU-ZSF 8866c.c. M6 大客車底盤
國瑞汽車股份有限公司,C4D720005M-1,國產,LHM12.9FZA0-C4,E13C-BP,國瑞 SH1EESA-CCAPEAA  12913c.c. M7 2D  曳引車,19500.0,0.0,國瑞 SH1EESA-CCAPEAA 12913c.c. M7 2D,曳引車,,0.0,0.0,國瑞 SH1EESA-CCAPEAA 12913c.c. M7 2D 曳引車
國瑞汽車股份有限公司,C4D720005M-1,國產,LHM12.9FZA0-C4,E13C-BM,國瑞 SH1EESA-DFAPEAA  12913c.c. M12 2D  曳引車,19500.0,0.0,國瑞 SH1EESA-DFAPEAA 12913c.c. M12 2D,曳引車,,0.0,0.0,國瑞 SH1EESA-DFAPEAA 12913c.c. M12 2D 曳引車
國瑞汽車股份有限公司,C4D720005M-1,國產,LHM12.9FZA0-C4,E13C-BM,國瑞 SH1EESA-DRAPE1A  12913c.c. A12 2D  曳引車,19500.0,17.0,國瑞 SH1EESA-DRAPE1A 12913c.c. A12 2D,曳引車,,0.0,17.0,國瑞 SH1EESA-DRAPE1A 12913c.c. A12 2D 曳引車
國瑞汽車股份有限公司,C4D720005M-1,國產,LHM12.9FZA0-C4,E13C-BM,國瑞 SH1EESA-DRAPEAA  12913c.c. A12 2D  曳引車,19500.0,41.0,國瑞 SH1EESA-DRAPEAA 12913c.c. A12 2D,曳引車,,0.0,41.0,國瑞 SH1EESA-DRAPEAA 12913c.c. A12 2D 曳引車
國瑞汽車股份有限公司,C4D720005M-1,國產,LHM12.9FZA0-C4,E13C-BM,國瑞 SH1EESA-DSAPEAA  12913c.c. A16 2D  曳引車,19500.0,0.0,國瑞 SH1EESA-DSAPEAA 12913c.c. A16 2D,曳引車,,0.0,0.0,國瑞 SH1EESA-DSAPEAA 12913c.c. A16 2D 曳引車
國瑞汽車股份有限公司,C4D720005M-1,國產,LHM12.9FZA0-C4,E13C-BM,國瑞 SH1EESG-DRAPEAA  12913c.c. A12 2D  曳引車,19500.0,68.0,國瑞 SH1EESG-DRAPEAA 12913c.c. A12 2D,曳引車,,0.0,68.0,國瑞 SH1EESG-DRAPEAA 12913c.c. A12 2D 曳引車
國瑞汽車股份有限公司,C4D720004M-1,國產,MHM04.0FZA1-C4,N04C-WR,國瑞 XKU710L-WCVQVR3  4009c.c. A6 2D HYBRID 大貨車底盤,6500.0,6.0,國瑞 XKU710L-WCVQVR3 4009c.c. A6 2D HYBRID,大貨車底盤,,0.0,6.0,國瑞 XKU710L-WCVQVR3 4009c.c. A6 2D HYBRID 大貨車底盤
國瑞汽車股份有限公司,C4D720004M-1,國產,MHM04.0FZA1-C4,N04C-WR,國瑞 XKU710L-WCVSVR3  4009c.c. A6 2D HYBRID 大貨車底盤,8000.0,0.0,國瑞 XKU710L-WCVSVR3 4009c.c. A6 2D HYBRID,大貨車底盤,,0.0,0.0,國瑞 XKU710L-WCVSVR3 4009c.c. A6 2D HYBRID 大貨車底盤
國瑞汽車股份有限公司,C4D720004M-1,國產,MHM04.0FZA1-C4,N04C-WR,國瑞 XKU710L-WCVTVR3  4009c.c. A6 2D HYBRID 大貨車底盤,8500.0,0.0,國瑞 XKU710L-WCVTVR3 4009c.c. A6 2D HYBRID,大貨車底盤,,0.0,0.0,國瑞 XKU710L-WCVTVR3 4009c.c. A6 2D HYBRID 大貨車底盤
國瑞汽車股份有限公司,C5D720002M-1,國產,MHM04.0FZA1-C4,N04C-WR,國瑞 XKU710L-WDVQVR3  4009c.c. A6 2D HYBRID 大貨車底盤,6500.0,0.0,國瑞 XKU710L-WDVQVR3 4009c.c. A6 2D HYBRID,大貨車底盤,,0.0,0.0,國瑞 XKU710L-WDVQVR3 4009c.c. A6 2D HYBRID 大貨車底盤
國瑞汽車股份有限公司,C5D720002M-1,國產,MHM04.0FZA1-C4,N04C-WR,國瑞 XKU720L-WCVSVR3  4009c.c. A6 2D HYBRID 大貨車底盤,8000.0,0.0,國瑞 XKU720L-WCVSVR3 4009c.c. A6 2D HYBRID,大貨車底盤,,0.0,0.0,國瑞 XKU720L-WCVSVR3 4009c.c. A6 2D HYBRID 大貨車底盤
國瑞汽車股份有限公司,C5D720002M-1,國產,MHM04.0FZA1-C4,N04C-WR,國瑞 XKU720L-WCVTVR3  4009c.c. A6 2D HYBRID 大貨車底盤,8500.0,0.0,國瑞 XKU720L-WCVTVR3 4009c.c. A6 2D HYBRID,大貨車底盤,,0.0,0.0,國瑞 XKU720L-WCVTVR3 4009c.c. A6 2D HYBRID 大貨車底盤
國瑞汽車股份有限公司,C5D720002M-1,國產,MHM04.0FZA1-C4,N04C-WR,國瑞 XKU720L-WDVSVR3  4009c.c. A6 2D HYBRID 大貨車底盤,8000.0,0.0,國瑞 XKU720L-WDVSVR3 4009c.c. A6 2D HYBRID,大貨車底盤,國產,1.0,1.0,國瑞 XKU720L-WDVSVR3 4009c.c. A6 2D HYBRID 大貨車底盤
國瑞汽車股份有限公司,C4D720001M-1,國產,JHM04.0FZA4-C4,N04C-WN,國瑞 XZU600L-WCMMVR3  4009c.c. M5 2D  貨車底盤,5000.0,65.0,國瑞 XZU600L-WCMMVR3 4009c.c. M5 2D,貨車底盤,,0.0,65.0,國瑞 XZU600L-WCMMVR3 4009c.c. M5 2D 貨車底盤
國瑞汽車股份有限公司,C4D720001M-1,國產,JHM04.0FZA4-C4,N04C-WN,國瑞 XZU600L-WCMQVR3  4009c.c. M5 2D  大貨車底盤,6500.0,10.0,國瑞 XZU600L-WCMQVR3 4009c.c. M5 2D,大貨車底盤,,0.0,10.0,國瑞 XZU600L-WCMQVR3 4009c.c. M5 2D 大貨車底盤
國瑞汽車股份有限公司,C5D720003M-1,國產,JHM04.0FZA4-C4,N04C-WN,國瑞 XZU600L-WCTMVR3  4009c.c. A6 2D  貨車底盤,5000.0,0.0,國瑞 XZU600L-WCTMVR3 4009c.c. A6 2D,貨車底盤,,0.0,0.0,國瑞 XZU600L-WCTMVR3 4009c.c. A6 2D 貨車底盤
國瑞汽車股份有限公司,C4D720001M-1,國產,JHM04.0FZA4-C4,N04C-WN,國瑞 XZU600L-WCTQVR3  4009c.c. A6 2D  大貨車底盤,6500.0,0.0,國瑞 XZU600L-WCTQVR3 4009c.c. A6 2D,大貨車底盤,,0.0,0.0,國瑞 XZU600L-WCTQVR3 4009c.c. A6 2D 大貨車底盤
國瑞汽車股份有限公司,C4D720001M-2,國產,JHM04.0FZA4-C4,N04C-WN,國瑞 XZU600L-WDMMVR3  4009c.c. M5 2D  貨車底盤,5000.0,78.0,國瑞 XZU600L-WDMMVR3 4009c.c. M5 2D,貨車底盤,國產,15.0,93.0,國瑞 XZU600L-WDMMVR3 4009c.c. M5 2D 貨車底盤
國瑞汽車股份有限公司,C4D720001M-2,國產,JHM04.0FZA4-C4,N04C-WN,國瑞 XZU600L-WDMQVR3  4009c.c. M5 2D  大貨車底盤,6500.0,12.0,國瑞 XZU600L-WDMQVR3 4009c.c. M5 2D,大貨車底盤,,0.0,12.0,國瑞 XZU600L-WDMQVR3 4009c.c. M5 2D 大貨車底盤
國瑞汽車股份有限公司,C4D720001M-1,國產,JHM04.0FZA4-C4,N04C-WN,國瑞 XZU640L-WCMMVR3  4009c.c. M5 2D  貨車底盤,5000.0,170.0,國瑞 XZU640L-WCMMVR3 4009c.c. M5 2D,貨車底盤,,0.0,170.0,國瑞 XZU640L-WCMMVR3 4009c.c. M5 2D 貨車底盤
國瑞汽車股份有限公司,C4D720001M-1,國產,JHM04.0FZA4-C4,N04C-WN,國瑞 XZU640L-WCMQVR3  4009c.c. M5 2D  大貨車底盤,6500.0,2.0,國瑞 XZU640L-WCMQVR3 4009c.c. M5 2D,大貨車底盤,,0.0,2.0,國瑞 XZU640L-WCMQVR3 4009c.c. M5 2D 大貨車底盤
國瑞汽車股份有限公司,C5D720003M-1,國產,JHM04.0FZA4-C4,N04C-WN,國瑞 XZU640L-WCMRVR3  4009c.c. M5 2D  大貨車底盤,7400.0,0.0,國瑞 XZU640L-WCMRVR3 4009c.c. M5 2D,大貨車底盤,,0.0,0.0,國瑞 XZU640L-WCMRVR3 4009c.c. M5 2D 大貨車底盤
國瑞汽車股份有限公司,C4D720001M-1,國產,JHM04.0FZA4-C4,N04C-WN,國瑞 XZU640L-WCTMVR3  4009c.c. A6 2D  貨車底盤,5000.0,157.0,國瑞 XZU640L-WCTMVR3 4009c.c. A6 2D,貨車底盤,,0.0,157.0,國瑞 XZU640L-WCTMVR3 4009c.c. A6 2D 貨車底盤
國瑞汽車股份有限公司,C4D720001M-1,國產,JHM04.0FZA4-C4,N04C-WN,國瑞 XZU640L-WCTQVR3  4009c.c. A6 2D  大貨車底盤,6500.0,2.0,國瑞 XZU640L-WCTQVR3 4009c.c. A6 2D,大貨車底盤,,0.0,2.0,國瑞 XZU640L-WCTQVR3 4009c.c. A6 2D 大貨車底盤
國瑞汽車股份有限公司,C4D720001M-2,國產,JHM04.0FZA4-C4,N04C-WN,國瑞 XZU640L-WDMMVR3  4009c.c. M5 2D  貨車底盤,5000.0,400.0,國瑞 XZU640L-WDMMVR3 4009c.c. M5 2D,貨車底盤,國產,90.0,490.0,國瑞 XZU640L-WDMMVR3 4009c.c. M5 2D 貨車底盤
國瑞汽車股份有限公司,C5D720003M-1,國產,JHM04.0FZA4-C4,N04C-WN,國瑞 XZU640L-WDMRVR3  4009c.c. M5 2D  大貨車底盤,7400.0,4.0,國瑞 XZU640L-WDMRVR3 4009c.c. M5 2D,大貨車底盤,國產,18.0,22.0,國瑞 XZU640L-WDMRVR3 4009c.c. M5 2D 大貨車底盤
國瑞汽車股份有限公司,C5D720003M-1,國產,JHM04.0FZA4-C4,N04C-WN,國瑞 XZU650L-WCMMVR3  4009c.c. M5 2D  貨車底盤,5000.0,0.0,國瑞 XZU650L-WCMMVR3 4009c.c. M5 2D,貨車底盤,,0.0,0.0,國瑞 XZU650L-WCMMVR3 4009c.c. M5 2D 貨車底盤
國瑞汽車股份有限公司,C4D720001M-1,國產,JHM04.0FZA4-C4,N04C-WN,國瑞 XZU650L-WCMQVR3  4009c.c. M5 2D  大貨車底盤,6500.0,0.0,國瑞 XZU650L-WCMQVR3 4009c.c. M5 2D,大貨車底盤,,0.0,0.0,國瑞 XZU650L-WCMQVR3 4009c.c. M5 2D 大貨車底盤
國瑞汽車股份有限公司,C4D720001M-1,國產,JHM04.0FZA4-C4,N04C-WN,國瑞 XZU650L-WCMRVR3  4009c.c. M5 2D  大貨車底盤,7400.0,6.0,國瑞 XZU650L-WCMRVR3 4009c.c. M5 2D,大貨車底盤,,0.0,6.0,國瑞 XZU650L-WCMRVR3 4009c.c. M5 2D 大貨車底盤
國瑞汽車股份有限公司,C4D720001M-1,國產,JHM04.0FZA4-C4,N04C-WN,國瑞 XZU650L-WCTMVR3  4009c.c. A6 2D  貨車底盤,5000.0,334.0,國瑞 XZU650L-WCTMVR3 4009c.c. A6 2D,貨車底盤,,0.0,334.0,國瑞 XZU650L-WCTMVR3 4009c.c. A6 2D 貨車底盤
國瑞汽車股份有限公司,C4D720001M-1,國產,JHM04.0FZA4-C4,N04C-WN,國瑞 XZU650L-WCTQVR3  4009c.c. A6 2D  大貨車底盤,6500.0,0.0,國瑞 XZU650L-WCTQVR3 4009c.c. A6 2D,大貨車底盤,,0.0,0.0,國瑞 XZU650L-WCTQVR3 4009c.c. A6 2D 大貨車底盤
國瑞汽車股份有限公司,C5D720003M-1,國產,JHM04.0FZA4-C4,N04C-WN,國瑞 XZU650L-WDMMVR3  4009c.c. M5 2D  貨車底盤,5000.0,18.0,國瑞 XZU650L-WDMMVR3 4009c.c. M5 2D,貨車底盤,國產,78.0,96.0,國瑞 XZU650L-WDMMVR3 4009c.c. M5 2D 貨車底盤
國瑞汽車股份有限公司,C4D720001M-2,國產,JHM04.0FZA4-C4,N04C-WN,國瑞 XZU650L-WDMRVR3  4009c.c. M5 2D  大貨車底盤,7400.0,28.0,國瑞 XZU650L-WDMRVR3 4009c.c. M5 2D,大貨車底盤,國產,7.0,35.0,國瑞 XZU650L-WDMRVR3 4009c.c. M5 2D 大貨車底盤
國瑞汽車股份有限公司,C4D720001M-1,國產,JHM04.0FZA4-C4,N04C-WP,國瑞 XZU710L-WCFQWR3  4009c.c. M6 2D  大貨車底盤,6500.0,4.0,國瑞 XZU710L-WCFQWR3 4009c.c. M6 2D,大貨車底盤,,0.0,4.0,國瑞 XZU710L-WCFQWR3 4009c.c. M6 2D 大貨車底盤
國瑞汽車股份有限公司,C5D720003M-1,國產,JHM04.0FZA4-C4,N04C-WP,國瑞 XZU710L-WCFSWR3  4009c.c. M6 2D  大貨車底盤,8000.0,0.0,國瑞 XZU710L-WCFSWR3 4009c.c. M6 2D,大貨車底盤,,0.0,0.0,國瑞 XZU710L-WCFSWR3 4009c.c. M6 2D 大貨車底盤
國瑞汽車股份有限公司,C5D720003M-1,國產,JHM04.0FZA4-C4,N04C-WP,國瑞 XZU710L-WCFTWR3  4009c.c. M6 2D  大貨車底盤,8500.0,0.0,國瑞 XZU710L-WCFTWR3 4009c.c. M6 2D,大貨車底盤,,0.0,0.0,國瑞 XZU710L-WCFTWR3 4009c.c. M6 2D 大貨車底盤
國瑞汽車股份有限公司,C4D720001M-1,國產,JHM04.0FZA4-C4,N04C-WN,國瑞 XZU710L-WCTQVR3  4009c.c. A6 2D  大貨車底盤,6500.0,88.0,國瑞 XZU710L-WCTQVR3 4009c.c. A6 2D,大貨車底盤,,0.0,88.0,國瑞 XZU710L-WCTQVR3 4009c.c. A6 2D 大貨車底盤
國瑞汽車股份有限公司,C5D720003M-1,國產,JHM04.0FZA4-C4,N04C-WN,國瑞 XZU710L-WCTRVR3  4009c.c. A6 2D  大貨車底盤,7500.0,0.0,國瑞 XZU710L-WCTRVR3 4009c.c. A6 2D,大貨車底盤,,0.0,0.0,國瑞 XZU710L-WCTRVR3 4009c.c. A6 2D 大貨車底盤
國瑞汽車股份有限公司,C5D720003M-1,國產,JHM04.0FZA4-C4,N04C-WP,國瑞 XZU710L-WDFQWR3  4009c.c. M6 2D  大貨車底盤,6500.0,0.0,國瑞 XZU710L-WDFQWR3 4009c.c. M6 2D,大貨車底盤,,0.0,0.0,國瑞 XZU710L-WDFQWR3 4009c.c. M6 2D 大貨車底盤
國瑞汽車股份有限公司,C5D720003M-1,國產,JHM04.0FZA4-C4,N04C-WP,國瑞 XZU710L-WDFSWR3  4009c.c. M6 2D  大貨車底盤,8000.0,4.0,國瑞 XZU710L-WDFSWR3 4009c.c. M6 2D,大貨車底盤,國產,1.0,5.0,國瑞 XZU710L-WDFSWR3 4009c.c. M6 2D 大貨車底盤
國瑞汽車股份有限公司,C4D720001M-1,國產,JHM04.0FZA4-C4,N04C-WP,國瑞 XZU720L-WCFQWR3  4009c.c. M6 2D  大貨車底盤,6500.0,6.0,國瑞 XZU720L-WCFQWR3 4009c.c. M6 2D,大貨車底盤,,0.0,6.0,國瑞 XZU720L-WCFQWR3 4009c.c. M6 2D 大貨車底盤
國瑞汽車股份有限公司,C5D720003M-1,國產,JHM04.0FZA4-C4,N04C-WP,國瑞 XZU720L-WCFSWR3  4009c.c. M6 2D  大貨車底盤,8000.0,0.0,國瑞 XZU720L-WCFSWR3 4009c.c. M6 2D,大貨車底盤,,0.0,0.0,國瑞 XZU720L-WCFSWR3 4009c.c. M6 2D 大貨車底盤
國瑞汽車股份有限公司,C5D720003M-1,國產,JHM04.0FZA4-C4,N04C-WP,國瑞 XZU720L-WCFTWR3  4009c.c. M6 2D  大貨車底盤,8500.0,0.0,國瑞 XZU720L-WCFTWR3 4009c.c. M6 2D,大貨車底盤,,0.0,0.0,國瑞 XZU720L-WCFTWR3 4009c.c. M6 2D 大貨車底盤
國瑞汽車股份有限公司,C4D720001M-1,國產,JHM04.0FZA4-C4,N04C-WN,國瑞 XZU720L-WCTQVR3  4009c.c. A6 2D  大貨車底盤,6500.0,2.0,國瑞 XZU720L-WCTQVR3 4009c.c. A6 2D,大貨車底盤,,0.0,2.0,國瑞 XZU720L-WCTQVR3 4009c.c. A6 2D 大貨車底盤
國瑞汽車股份有限公司,C4D720001M-1,國產,JHM04.0FZA4-C4,N04C-WN,國瑞 XZU720L-WCTRVR3  4009c.c. A6 2D  大貨車底盤,7500.0,20.0,國瑞 XZU720L-WCTRVR3 4009c.c. A6 2D,大貨車底盤,,0.0,20.0,國瑞 XZU720L-WCTRVR3 4009c.c. A6 2D 大貨車底盤
國瑞汽車股份有限公司,C4D720001M-2,國產,JHM04.0FZA4-C4,N04C-WP,國瑞 XZU720L-WDFQWR3  4009c.c. M6 2D  大貨車底盤,6500.0,4.0,國瑞 XZU720L-WDFQWR3 4009c.c. M6 2D,大貨車底盤,,0.0,4.0,國瑞 XZU720L-WDFQWR3 4009c.c. M6 2D 大貨車底盤
國瑞汽車股份有限公司,C4D720001M-2,國產,JHM04.0FZA4-C4,N04C-WP,國瑞 XZU720L-WDFSWR3  4009c.c. M6 2D  大貨車底盤,8000.0,110.0,國瑞 XZU720L-WDFSWR3 4009c.c. M6 2D,大貨車底盤,國產,21.0,131.0,國瑞 XZU720L-WDFSWR3 4009c.c. M6 2D 大貨車底盤
嘉馬汽車股份有限公司,C2D638003H-1,國產,MDF10.8FZDX,MX-11 270 H3,大金龍 DAF410E6-6100  10837c.c. A6 2D  大客車,18500.0,0.0,大金龍 DAF410E6-6100 10837c.c. A6 2D,大客車,,0.0,0.0,大金龍 DAF410E6-6100 10837c.c. A6 2D 大客車
嘉馬汽車股份有限公司,C2D638001R-1,國產,MCE06.7FZC9,D6.7EVIE290B,大金龍 JC290E6-5850  6690c.c. A6 2D  大客車,16300.0,0.0,大金龍 JC290E6-5850 6690c.c. A6 2D,大客車,國產,4.0,4.0,大金龍 JC290E6-5850 6690c.c. A6 2D 大客車
嘉馬汽車股份有限公司,C3D638003R-1,國產,MCE06.7FZC9-C3,D6.7EVIE320,大金龍 JM320E6-3980  6690c.c. A6 1D  大客車,14100.0,0.0,大金龍 JM320E6-3980 6690c.c. A6 1D,大客車,國產,1.0,1.0,大金龍 JM320E6-3980 6690c.c. A6 1D 大客車
嘉馬汽車股份有限公司,C3D638002R-1,國產,NCE08.9FZE5,L9EVIE400,大金龍 JM400E6-6100  8900c.c. A6 2D  大客車,18500.0,0.0,大金龍 JM400E6-6100 8900c.c. A6 2D,大客車,國產,2.0,2.0,大金龍 JM400E6-6100 8900c.c. A6 2D 大客車
香港商太古商用汽車有限公司台灣分公司,C3D589008R-1,國產,KVT10.8FZAY-C3,D11K460B EUVI TR25D,富豪 B11R  10837c.c. A12 軸距7000mm 大客車底盤,26500.0,6.0,富豪 B11R 10837c.c. A12 軸距7000mm,大客車底盤,國產,1.0,7.0,富豪 B11R 10837c.c. A12 軸距7000mm 大客車底盤
香港商太古商用汽車有限公司台灣分公司,C3D589004F-1,國產,MVT07.7FZU4-C3,D8K350 EUVI (bus) TR25E,富豪 B8R  7698c.c. A12  大客車底盤,18500.0,3.0,富豪 B8R 7698c.c. A12,大客車底盤,,0.0,3.0,富豪 B8R 7698c.c. A12 大客車底盤
香港商太古商用汽車有限公司台灣分公司,C4D589002R-1,國產,MVT12.8FZT6-C4,D13K540 EUVI TR25E2,富豪 FH 62R540  12777c.c. A12 2D  兼供曳引大貨車底盤,46000.0,13.0,富豪 FH 62R540 12777c.c. A12 2D,兼供曳引大貨車底盤,國產,1.0,14.0,富豪 FH 62R540 12777c.c. A12 2D 兼供曳引大貨車底盤
香港商太古商用汽車有限公司台灣分公司,C4D589002R-1,國產,MVT12.8FZT6-C4,D13K540 EUVI TR25E2,富豪 FH 62T540  12777c.c. A12 2D  曳引車,43000.0,12.0,富豪 FH 62T540 12777c.c. A12 2D,曳引車,國產,1.0,13.0,富豪 FH 62T540 12777c.c. A12 2D 曳引車
香港商太古商用汽車有限公司台灣分公司,C4D589002R-1,國產,MVT12.8FZT6-C4,D13K540 EUVI TR25E2,富豪 FH 62T540PUSHER  12777c.c. A12 2D  曳引車,43000.0,3.0,富豪 FH 62T540PUSHER 12777c.c. A12 2D,曳引車,,0.0,3.0,富豪 FH 62T540PUSHER 12777c.c. A12 2D 曳引車
香港商太古商用汽車有限公司台灣分公司,C4D589003F-1,國產,MVT07.7FZU4-C4,D8K280 EUVI TR25E,富豪 FL 42R280  7698c.c. M8 2D 軸距4100mm 大貨車底盤,18500.0,93.0,富豪 FL 42R280 7698c.c. M8 2D 軸距4100mm,大貨車底盤,國產,9.0,102.0,富豪 FL 42R280 7698c.c. M8 2D 軸距4100mm 大貨車底盤
香港商太古商用汽車有限公司台灣分公司,C4D589001R-1,國產,MVT10.8FZT5-C4,D11K380 EUVI TR25E2,富豪 FM 42T380  10837c.c. A12 2D  曳引車,35000.0,20.0,富豪 FM 42T380 10837c.c. A12 2D,曳引車,,0.0,20.0,富豪 FM 42T380 10837c.c. A12 2D 曳引車
香港商太古商用汽車有限公司台灣分公司,C4D589002R-3,國產,MVT12.8FZT6-C4,D13K380 EUVI TR25E2,富豪 FM 42T380  12777c.c. A12 2D  曳引車,35000.0,1.0,富豪 FM 42T380 12777c.c. A12 2D,曳引車,,0.0,1.0,富豪 FM 42T380 12777c.c. A12 2D 曳引車
香港商太古商用汽車有限公司台灣分公司,C4D589004R-1,國產,JVT12.8FZT9-C4,D13K420 EUVI TR25D,富豪 FM 42T420  12777c.c. A12 2D  曳引車,35000.0,3.0,富豪 FM 42T420 12777c.c. A12 2D,曳引車,國產,1.0,4.0,富豪 FM 42T420 12777c.c. A12 2D 曳引車
香港商太古商用汽車有限公司台灣分公司,C4D589002R-1,國產,MVT12.8FZT6-C4,D13K460 EUVI TR25E2,富豪 FM 42T460  12777c.c. A12 2D  曳引車,35000.0,33.0,富豪 FM 42T460 12777c.c. A12 2D,曳引車,國產,1.0,34.0,富豪 FM 42T460 12777c.c. A12 2D 曳引車
香港商太古商用汽車有限公司台灣分公司,C4D589004R-1,國產,JVT12.8FZT9-C4,D13K500 EUVI TR25D,富豪 FM 42T500  12777c.c. A12 2D  曳引車,17100.0,10.0,富豪 FM 42T500 12777c.c. A12 2D,曳引車,國產,1.0,11.0,富豪 FM 42T500 12777c.c. A12 2D 曳引車
香港商太古商用汽車有限公司台灣分公司,C4D589002R-1,國產,MVT12.8FZT6-C4,D13K420 EUVI TR25E2,富豪 FM 62R420  12777c.c. A12 2D  兼供曳引大貨車底盤,26000.0,22.0,富豪 FM 62R420 12777c.c. A12 2D,兼供曳引大貨車底盤,,0.0,22.0,富豪 FM 62R420 12777c.c. A12 2D 兼供曳引大貨車底盤
香港商太古商用汽車有限公司台灣分公司,C4D589004R-1,國產,JVT12.8FZT9-C4,D13K500 EUVI TR25D,富豪 FM 62R500  12777c.c. A12 2D  兼供曳引大貨車底盤,46000.0,2.0,富豪 FM 62R500 12777c.c. A12 2D,兼供曳引大貨車底盤,國產,11.0,13.0,富豪 FM 62R500 12777c.c. A12 2D 兼供曳引大貨車底盤
香港商太古商用汽車有限公司台灣分公司,C4D589002R-3,國產,MVT12.8FZT6-C4,D13K420 EUVI TR25E2,富豪 FM 62T420  12777c.c. A12 2D  曳引車,43000.0,1.0,富豪 FM 62T420 12777c.c. A12 2D,曳引車,,0.0,1.0,富豪 FM 62T420 12777c.c. A12 2D 曳引車
香港商太古商用汽車有限公司台灣分公司,C4D589002R-1,國產,MVT12.8FZT6-C4,D13K420 EUVI TR25E2,富豪 FM 62T420PUSHER  12777c.c. A12 2D  曳引車,43000.0,1.0,富豪 FM 62T420PUSHER 12777c.c. A12 2D,曳引車,,0.0,1.0,富豪 FM 62T420PUSHER 12777c.c. A12 2D 曳引車
香港商太古商用汽車有限公司台灣分公司,C4D589002R-1,國產,MVT12.8FZT6-C4,D13K500 EUVI TR25E2,富豪 FM 62T500  12777c.c. A12 2D  曳引車,43000.0,52.0,富豪 FM 62T500 12777c.c. A12 2D,曳引車,國產,2.0,54.0,富豪 FM 62T500 12777c.c. A12 2D 曳引車
香港商太古商用汽車有限公司台灣分公司,C4D589004R-1,國產,JVT12.8FZT9-C4,D13K500 EUVI TR25D,富豪 FM 62T500PUSHER  12777c.c. A12 2D  曳引車,43000.0,1.0,富豪 FM 62T500PUSHER 12777c.c. A12 2D,曳引車,國產,1.0,2.0,富豪 FM 62T500PUSHER 12777c.c. A12 2D 曳引車
香港商太古商用汽車有限公司台灣分公司,C4D589002R-2,國產,MVT12.8FZT6-C4,D13K500 EUVI TR25E2,富豪 FM 64R500  12777c.c. A12 2D 全長10887mm 大貨車底盤,26000.0,1.0,富豪 FM 64R500 12777c.c. A12 2D 全長10887mm,大貨車底盤,,0.0,1.0,富豪 FM 64R500 12777c.c. A12 2D 全長10887mm 大貨車底盤
香港商太古商用汽車有限公司台灣分公司,C4D589002R-2,國產,MVT12.8FZT6-C4,D13K500 EUVI TR25E2,富豪 FM 64R500  12777c.c. A12 2D 全長11077mm 兼供曳引大貨車底盤,46000.0,2.0,富豪 FM 64R500 12777c.c. A12 2D 全長11077mm,兼供曳引大貨車底盤,,0.0,2.0,富豪 FM 64R500 12777c.c. A12 2D 全長11077mm 兼供曳引大貨車底盤
香港商太古商用汽車有限公司台灣分公司,C4D589002R-1,國產,MVT12.8FZT6-C4,D13K500 EUVI TR25E2,富豪 FM 82R500  12777c.c. A12 2D  兼供曳引大貨車底盤,50000.0,2.0,富豪 FM 82R500 12777c.c. A12 2D,兼供曳引大貨車底盤,,0.0,2.0,富豪 FM 82R500 12777c.c. A12 2D 兼供曳引大貨車底盤
寶立華車輛工業股份有限公司,B9D621002S-1,國產,JQI02.94KH1,4KH1CN6LB,寶立華慶鈴 QL1040BUEACYT  2999c.c. M5 2D  框式小貨車,3490.0,0.0,寶立華慶鈴 QL1040BUEACYT 2999c.c. M5 2D,框式小貨車,,0.0,0.0,寶立華慶鈴 QL1040BUEACYT 2999c.c. M5 2D 框式小貨車
寶立華車輛工業股份有限公司,B9D621002S-1,國產,JQI02.94KH1,4KH1CN6LB,寶立華慶鈴 QL1040BUEACYT-C  2999c.c. M5 2D  小貨車底盤,3490.0,0.0,寶立華慶鈴 QL1040BUEACYT-C 2999c.c. M5 2D,小貨車底盤,,0.0,0.0,寶立華慶鈴 QL1040BUEACYT-C 2999c.c. M5 2D 小貨車底盤
弘鉅汽車製造股份有限公司,C4D684001R-1,國產,OCE06.7FZC4,D6.7EVIE290,弘鉅金旅 XML6122H-1  6690c.c. A6 1D  大客車,17300.0,0.0,弘鉅金旅 XML6122H-1 6690c.c. A6 1D,大客車,國產,8.0,8.0,弘鉅金旅 XML6122H-1 6690c.c. A6 1D 大客車
成運汽車製造股份有限公司,C2D580001X-1,國產,MDI7.64FEL6,DL08P(220.7kW/115kgm),成運 MB120NSP  7640c.c. A6 2D (T/M:Allison) 大客車,16300.0,0.0,成運 MB120NSP 7640c.c. A6 2D (T/M:Allison),大客車,,0.0,0.0,成運 MB120NSP 7640c.c. A6 2D (T/M:Allison) 大客車
瑞典商斯堪尼亞汽車工業股份有限公司台灣分公司,B8D634010H-1,國產,ISA12.7FD55,DC13 155,斯堪尼亞 G500A4X2NA  12742c.c. A14 2D  曳引車,20500.0,0.0,斯堪尼亞 G500A4X2NA 12742c.c. A14 2D,曳引車,國產,3.0,3.0,斯堪尼亞 G500A4X2NA 12742c.c. A14 2D 曳引車
瑞典商斯堪尼亞汽車工業股份有限公司台灣分公司,C2D634002H-2,國產,ISA12.7FD55-C2,DC13 155,斯堪尼亞 G500A6X2/4NA  12742c.c. A14 2D  曳引車,26500.0,0.0,斯堪尼亞 G500A6X2/4NA 12742c.c. A14 2D,曳引車,國產,4.0,4.0,斯堪尼亞 G500A6X2/4NA 12742c.c. A14 2D 曳引車
瑞典商斯堪尼亞汽車工業股份有限公司台灣分公司,B8D634010H-1,國產,ISA12.7FD55,DC13 155,斯堪尼亞 G500A6X2NA  12742c.c. A14 2D  曳引車,26500.0,0.0,斯堪尼亞 G500A6X2NA 12742c.c. A14 2D,曳引車,國產,4.0,4.0,斯堪尼亞 G500A6X2NA 12742c.c. A14 2D 曳引車
瑞典商斯堪尼亞汽車工業股份有限公司台灣分公司,B8D634010H-1,國產,ISA12.7FD55,DC13 155,斯堪尼亞 G500B6X2NA  12742c.c. A14 2D  兼供曳引大貨車底盤,29000.0,0.0,斯堪尼亞 G500B6X2NA 12742c.c. A14 2D,兼供曳引大貨車底盤,國產,3.0,3.0,斯堪尼亞 G500B6X2NA 12742c.c. A14 2D 兼供曳引大貨車底盤
瑞典商斯堪尼亞汽車工業股份有限公司台灣分公司,C4D634006H-1,國產,OSA12.7FM73,DC13 173,斯堪尼亞 G560A4X2NA  12742c.c. A14 2D  曳引車,20500.0,1.0,斯堪尼亞 G560A4X2NA 12742c.c. A14 2D,曳引車,,0.0,1.0,斯堪尼亞 G560A4X2NA 12742c.c. A14 2D 曳引車
瑞典商斯堪尼亞汽車工業股份有限公司台灣分公司,C4D634007H-1,國產,OSA09.2FD41,DC09 141,斯堪尼亞 K360CB4X2NB  9291c.c. A12  大客車底盤,18500.0,3.0,斯堪尼亞 K360CB4X2NB 9291c.c. A12,大客車底盤,,0.0,3.0,斯堪尼亞 K360CB4X2NB 9291c.c. A12 大客車底盤
瑞典商斯堪尼亞汽車工業股份有限公司台灣分公司,C3D634002H-2,國產,LSA12.7FD62-C3,DC13 163,斯堪尼亞 K410CB4X2NB  12742c.c. A12  大客車底盤,18500.0,7.0,斯堪尼亞 K410CB4X2NB 12742c.c. A12,大客車底盤,,0.0,7.0,斯堪尼亞 K410CB4X2NB 12742c.c. A12 大客車底盤
瑞典商斯堪尼亞汽車工業股份有限公司台灣分公司,C3D634002H-3,國產,LSA12.7FD62-C3,DC13 163,斯堪尼亞 K410CB4X2NB  12742c.c. A12 (01) 大客車底盤,18500.0,11.0,斯堪尼亞 K410CB4X2NB 12742c.c. A12 (01),大客車底盤,國產,3.0,14.0,斯堪尼亞 K410CB4X2NB 12742c.c. A12 (01) 大客車底盤
瑞典商斯堪尼亞汽車工業股份有限公司台灣分公司,B9D634006H-3,國產,ISA12.7FD55-B9,DC13 115,斯堪尼亞 K410IB4X2NB  12742c.c. A12  大客車底盤,17000.0,0.0,斯堪尼亞 K410IB4X2NB 12742c.c. A12,大客車底盤,,0.0,0.0,斯堪尼亞 K410IB4X2NB 12742c.c. A12 大客車底盤
瑞典商斯堪尼亞汽車工業股份有限公司台灣分公司,C0D634007H-5,國產,ISA12.7FD55-C0,DC13 115,斯堪尼亞 K410IB4X2NB  12742c.c. A12 (01) 大客車底盤,18500.0,0.0,斯堪尼亞 K410IB4X2NB 12742c.c. A12 (01),大客車底盤,,0.0,0.0,斯堪尼亞 K410IB4X2NB 12742c.c. A12 (01) 大客車底盤
瑞典商斯堪尼亞汽車工業股份有限公司台灣分公司,C0D634007H-5,國產,ISA12.7FD55-C0,DC13 115,斯堪尼亞 K410IB4X2NB  12742c.c. A12 (02) 大客車底盤,18500.0,0.0,斯堪尼亞 K410IB4X2NB 12742c.c. A12 (02),大客車底盤,,0.0,0.0,斯堪尼亞 K410IB4X2NB 12742c.c. A12 (02) 大客車底盤
瑞典商斯堪尼亞汽車工業股份有限公司台灣分公司,C0D634007H-5,國產,ISA12.7FD55-C0,DC13 115,斯堪尼亞 K410IB4X2NB  12742c.c. A12 (03) 大客車底盤,18500.0,0.0,斯堪尼亞 K410IB4X2NB 12742c.c. A12 (03),大客車底盤,,0.0,0.0,斯堪尼亞 K410IB4X2NB 12742c.c. A12 (03) 大客車底盤
瑞典商斯堪尼亞汽車工業股份有限公司台灣分公司,C0D634007H-5,國產,ISA12.7FD55-C0,DC13 115,斯堪尼亞 K410IB4X2NB  12742c.c. A12 (04) 大客車底盤,18500.0,0.0,斯堪尼亞 K410IB4X2NB 12742c.c. A12 (04),大客車底盤,,0.0,0.0,斯堪尼亞 K410IB4X2NB 12742c.c. A12 (04) 大客車底盤
瑞典商斯堪尼亞汽車工業股份有限公司台灣分公司,C4D634003H-2,國產,LSA12.7FD62-C4,DC13 164,斯堪尼亞 K450CB4X2NB  12742c.c. A12  大客車底盤,18500.0,1.0,斯堪尼亞 K450CB4X2NB 12742c.c. A12,大客車底盤,國產,4.0,5.0,斯堪尼亞 K450CB4X2NB 12742c.c. A12 大客車底盤
瑞典商斯堪尼亞汽車工業股份有限公司台灣分公司,C3D634002H-2,國產,LSA12.7FD62-C3,DC13 164,斯堪尼亞 K450CB6X2*4NI  12742c.c. A12  大客車底盤,25000.0,3.0,斯堪尼亞 K450CB6X2*4NI 12742c.c. A12,大客車底盤,,0.0,3.0,斯堪尼亞 K450CB6X2*4NI 12742c.c. A12 大客車底盤
瑞典商斯堪尼亞汽車工業股份有限公司台灣分公司,C0D634007H-2,國產,ISA12.7FD55-C0,DC13 147,斯堪尼亞 K450EB6X2*4LI  12742c.c. A12  大客車底盤,25000.0,0.0,斯堪尼亞 K450EB6X2*4LI 12742c.c. A12,大客車底盤,,0.0,0.0,斯堪尼亞 K450EB6X2*4LI 12742c.c. A12 大客車底盤
瑞典商斯堪尼亞汽車工業股份有限公司台灣分公司,C0D634007H-6,國產,ISA12.7FD55-C0,DC13 147,斯堪尼亞 K450EB6X2*4LI  12742c.c. A12 (01) 大客車底盤,25000.0,0.0,斯堪尼亞 K450EB6X2*4LI 12742c.c. A12 (01),大客車底盤,,0.0,0.0,斯堪尼亞 K450EB6X2*4LI 12742c.c. A12 (01) 大客車底盤
瑞典商斯堪尼亞汽車工業股份有限公司台灣分公司,C2D634004H-2,國產,ISA06.6FD13-C2,DC07 113,斯堪尼亞 P280B4X2NA  6690c.c. A14 2D  大貨車底盤,20500.0,0.0,斯堪尼亞 P280B4X2NA 6690c.c. A14 2D,大貨車底盤,國產,1.0,1.0,斯堪尼亞 P280B4X2NA 6690c.c. A14 2D 大貨車底盤
瑞典商斯堪尼亞汽車工業股份有限公司台灣分公司,B8D634008H-1,國產,ISA06.6FD13,DC07 113,斯堪尼亞 P280B4X2NA  6690c.c. A8 2D  大貨車底盤,17000.0,0.0,斯堪尼亞 P280B4X2NA 6690c.c. A8 2D,大貨車底盤,,0.0,0.0,斯堪尼亞 P280B4X2NA 6690c.c. A8 2D 大貨車底盤
瑞典商斯堪尼亞汽車工業股份有限公司台灣分公司,C3D634005H-5,國產,ISA06.6FD13-C3,DC07 113,斯堪尼亞 P280B4X2NZ  6690c.c. A14 2D 軸距3600mm 大貨車底盤,19500.0,0.0,斯堪尼亞 P280B4X2NZ 6690c.c. A14 2D 軸距3600mm,大貨車底盤,,0.0,0.0,斯堪尼亞 P280B4X2NZ 6690c.c. A14 2D 軸距3600mm 大貨車底盤
瑞典商斯堪尼亞汽車工業股份有限公司台灣分公司,B8D634008H-1,國產,ISA06.6FD13,DC07 113,斯堪尼亞 P280B4X2NZ  6690c.c. A8 2D  大貨車底盤,17000.0,0.0,斯堪尼亞 P280B4X2NZ 6690c.c. A8 2D,大貨車底盤,國產,1.0,1.0,斯堪尼亞 P280B4X2NZ 6690c.c. A8 2D 大貨車底盤
瑞典商斯堪尼亞汽車工業股份有限公司台灣分公司,C3D634001H-2,國產,ISA09.2FD26-C3,DC09 126,斯堪尼亞 P320B6X2*4NA  9291c.c. A14 2D  大貨車底盤,26000.0,0.0,斯堪尼亞 P320B6X2*4NA 9291c.c. A14 2D,大貨車底盤,,0.0,0.0,斯堪尼亞 P320B6X2*4NA 9291c.c. A14 2D 大貨車底盤
瑞典商斯堪尼亞汽車工業股份有限公司台灣分公司,C4D634002H-2,國產,ISA09.2FD26-C4,DC09 126,斯堪尼亞 P320B6X2*4NA  9291c.c. A14 2D 軸距6900mm 大貨車底盤,26000.0,3.0,斯堪尼亞 P320B6X2*4NA 9291c.c. A14 2D 軸距6900mm,大貨車底盤,國產,1.0,4.0,斯堪尼亞 P320B6X2*4NA 9291c.c. A14 2D 軸距6900mm 大貨車底盤
瑞典商斯堪尼亞汽車工業股份有限公司台灣分公司,C3D634001H-3,國產,ISA09.2FD26-C3,DC09 126,斯堪尼亞 P320B6X2*4NA  9291c.c. A8 2D 軸距6900mm 大貨車底盤,26000.0,0.0,斯堪尼亞 P320B6X2*4NA 9291c.c. A8 2D 軸距6900mm,大貨車底盤,,0.0,0.0,斯堪尼亞 P320B6X2*4NA 9291c.c. A8 2D 軸距6900mm 大貨車底盤
瑞典商斯堪尼亞汽車工業股份有限公司台灣分公司,B9D634003H-2,國產,ISA09.2FD26-B9,DC09 126,斯堪尼亞 P320B6X2NA  9291c.c. A12 2D 軸距5300mm 大貨車底盤,26000.0,0.0,斯堪尼亞 P320B6X2NA 9291c.c. A12 2D 軸距5300mm,大貨車底盤,國產,1.0,1.0,斯堪尼亞 P320B6X2NA 9291c.c. A12 2D 軸距5300mm 大貨車底盤
瑞典商斯堪尼亞汽車工業股份有限公司台灣分公司,C3D634001H-4,國產,ISA09.2FD26-C3,DC09 126,斯堪尼亞 P320B6X2NA  9291c.c. A14 2D 軸距5900mm 大貨車底盤,26500.0,0.0,斯堪尼亞 P320B6X2NA 9291c.c. A14 2D 軸距5900mm,大貨車底盤,,0.0,0.0,斯堪尼亞 P320B6X2NA 9291c.c. A14 2D 軸距5900mm 大貨車底盤
瑞典商斯堪尼亞汽車工業股份有限公司台灣分公司,B8D634011H-1,國產,ISA09.2FD26,DC09 126,斯堪尼亞 P320B6X2NA  9291c.c. A8 2D  大貨車底盤,26000.0,0.0,斯堪尼亞 P320B6X2NA 9291c.c. A8 2D,大貨車底盤,,0.0,0.0,斯堪尼亞 P320B6X2NA 9291c.c. A8 2D 大貨車底盤
瑞典商斯堪尼亞汽車工業股份有限公司台灣分公司,B8D634009H-1,國產,ISA12.7FD49,DC13 149,斯堪尼亞 P370A4X2NA  12742c.c. A12 2D  曳引車,20500.0,0.0,斯堪尼亞 P370A4X2NA 12742c.c. A12 2D,曳引車,,0.0,0.0,斯堪尼亞 P370A4X2NA 12742c.c. A12 2D 曳引車
瑞典商斯堪尼亞汽車工業股份有限公司台灣分公司,B8D634009H-1,國產,ISA12.7FD49,DC13 149,斯堪尼亞 P370A4X2NZ  12742c.c. A12 2D  曳引車,20500.0,0.0,斯堪尼亞 P370A4X2NZ 12742c.c. A12 2D,曳引車,國產,1.0,1.0,斯堪尼亞 P370A4X2NZ 12742c.c. A12 2D 曳引車
瑞典商斯堪尼亞汽車工業股份有限公司台灣分公司,B8D634009H-1,國產,ISA12.7FD49,DC13 149,斯堪尼亞 P370B6X2NZ  12742c.c. A14 2D  兼供曳引大貨車底盤,29000.0,0.0,斯堪尼亞 P370B6X2NZ 12742c.c. A14 2D,兼供曳引大貨車底盤,國產,2.0,2.0,斯堪尼亞 P370B6X2NZ 12742c.c. A14 2D 兼供曳引大貨車底盤
瑞典商斯堪尼亞汽車工業股份有限公司台灣分公司,B9D634002H-2,國產,ISA12.7FD49-B9,DC13 149,斯堪尼亞 P370B6X2NZ  12742c.c. A14 2D EXSP 兼供曳引大貨車底盤,29000.0,0.0,斯堪尼亞 P370B6X2NZ 12742c.c. A14 2D EXSP,兼供曳引大貨車底盤,,0.0,0.0,斯堪尼亞 P370B6X2NZ 12742c.c. A14 2D EXSP 兼供曳引大貨車底盤
瑞典商斯堪尼亞汽車工業股份有限公司台灣分公司,C0D634007H-2,國產,ISA12.7FD55-C0,DC13 141,斯堪尼亞 P410A6X2NA  12742c.c. A14 2D  曳引車,26500.0,0.0,斯堪尼亞 P410A6X2NA 12742c.c. A14 2D,曳引車,,0.0,0.0,斯堪尼亞 P410A6X2NA 12742c.c. A14 2D 曳引車
瑞典商斯堪尼亞汽車工業股份有限公司台灣分公司,B8D634010H-1,國產,ISA12.7FD55,DC13 141,斯堪尼亞 P410A6X2NZ  12742c.c. A14 2D  曳引車,27500.0,0.0,斯堪尼亞 P410A6X2NZ 12742c.c. A14 2D,曳引車,,0.0,0.0,斯堪尼亞 P410A6X2NZ 12742c.c. A14 2D 曳引車
瑞典商斯堪尼亞汽車工業股份有限公司台灣分公司,C0D634007H-4,國產,ISA12.7FD55-C0,DC13 141,斯堪尼亞 P410B6X2*4NA  12742c.c. A14 2D  兼供曳引大貨車底盤,30000.0,0.0,斯堪尼亞 P410B6X2*4NA 12742c.c. A14 2D,兼供曳引大貨車底盤,,0.0,0.0,斯堪尼亞 P410B6X2*4NA 12742c.c. A14 2D 兼供曳引大貨車底盤
瑞典商斯堪尼亞汽車工業股份有限公司台灣分公司,C4D634006H-1,國產,OSA12.7FM73,DC13 176,斯堪尼亞 P420A6X2NA  12742c.c. A14 2D  曳引車,26500.0,1.0,斯堪尼亞 P420A6X2NA 12742c.c. A14 2D,曳引車,,0.0,1.0,斯堪尼亞 P420A6X2NA 12742c.c. A14 2D 曳引車
瑞典商斯堪尼亞汽車工業股份有限公司台灣分公司,B8D634010H-1,國產,ISA12.7FD55,DC13 148,斯堪尼亞 P450A4X2NA  12742c.c. A14 2D  曳引車,20500.0,0.0,斯堪尼亞 P450A4X2NA 12742c.c. A14 2D,曳引車,國產,1.0,1.0,斯堪尼亞 P450A4X2NA 12742c.c. A14 2D 曳引車
瑞典商斯堪尼亞汽車工業股份有限公司台灣分公司,B8D634010H-1,國產,ISA12.7FD55,DC13 148,斯堪尼亞 P450A6X2/4NA  12742c.c. A14 2D  曳引車,26500.0,0.0,斯堪尼亞 P450A6X2/4NA 12742c.c. A14 2D,曳引車,,0.0,0.0,斯堪尼亞 P450A6X2/4NA 12742c.c. A14 2D 曳引車
瑞典商斯堪尼亞汽車工業股份有限公司台灣分公司,B8D634010H-1,國產,ISA12.7FD55,DC13 148,斯堪尼亞 P450B6X2NA  12742c.c. A14 2D  兼供曳引大貨車底盤,29000.0,0.0,斯堪尼亞 P450B6X2NA 12742c.c. A14 2D,兼供曳引大貨車底盤,,0.0,0.0,斯堪尼亞 P450B6X2NA 12742c.c. A14 2D 兼供曳引大貨車底盤
瑞典商斯堪尼亞汽車工業股份有限公司台灣分公司,B9D634006H-4,國產,ISA12.7FD55-B9,DC13 148,斯堪尼亞 P450B6X2NA  12742c.c. A14 2D EXSP 兼供曳引大貨車底盤,29000.0,0.0,斯堪尼亞 P450B6X2NA 12742c.c. A14 2D EXSP,兼供曳引大貨車底盤,國產,1.0,1.0,斯堪尼亞 P450B6X2NA 12742c.c. A14 2D EXSP 兼供曳引大貨車底盤
瑞典商斯堪尼亞汽車工業股份有限公司台灣分公司,C4D634006H-1,國產,OSA12.7FM73,DC13 175,斯堪尼亞 P460A4X2NA  12742c.c. A14 2D  曳引車,20500.0,1.0,斯堪尼亞 P460A4X2NA 12742c.c. A14 2D,曳引車,,0.0,1.0,斯堪尼亞 P460A4X2NA 12742c.c. A14 2D 曳引車
瑞典商斯堪尼亞汽車工業股份有限公司台灣分公司,C4D634006H-1,國產,OSA12.7FM73,DC13 175,斯堪尼亞 P460B8X2*6NA  12742c.c. A14 2D  兼供曳引大貨車底盤,30000.0,2.0,斯堪尼亞 P460B8X2*6NA 12742c.c. A14 2D,兼供曳引大貨車底盤,,0.0,2.0,斯堪尼亞 P460B8X2*6NA 12742c.c. A14 2D 兼供曳引大貨車底盤
瑞典商斯堪尼亞汽車工業股份有限公司台灣分公司,B8D634012H-1,國產,ISA16.3FD18,DC16 118,斯堪尼亞 R650A6X2NA  16353c.c. A14 2D  曳引車,29000.0,0.0,斯堪尼亞 R650A6X2NA 16353c.c. A14 2D,曳引車,,0.0,0.0,斯堪尼亞 R650A6X2NA 16353c.c. A14 2D 曳引車
瑞典商斯堪尼亞汽車工業股份有限公司台灣分公司,C2D634005H-1,國產,MSA16.4FE22,DC16 122,斯堪尼亞 R660A6X2NA  16353c.c. A14 2D  曳引車,30000.0,0.0,斯堪尼亞 R660A6X2NA 16353c.c. A14 2D,曳引車,,0.0,0.0,斯堪尼亞 R660A6X2NA 16353c.c. A14 2D 曳引車
瑞典商斯堪尼亞汽車工業股份有限公司台灣分公司,C3D634004H-2,國產,MSA16.4FE22-C3,DC16 122,斯堪尼亞 R660A6X4NZ  16353c.c. A14 2D  曳引車,35000.0,0.0,斯堪尼亞 R660A6X4NZ 16353c.c. A14 2D,曳引車,,0.0,0.0,斯堪尼亞 R660A6X4NZ 16353c.c. A14 2D 曳引車
瑞典商斯堪尼亞汽車工業股份有限公司台灣分公司,C3D634004H-2,國產,MSA16.4FE22-C3,DC16 122,斯堪尼亞 R660B6X2NB  16353c.c. A14 2D  兼供曳引大貨車底盤,30000.0,0.0,斯堪尼亞 R660B6X2NB 16353c.c. A14 2D,兼供曳引大貨車底盤,,0.0,0.0,斯堪尼亞 R660B6X2NB 16353c.c. A14 2D 兼供曳引大貨車底盤
昇鋒汽車國際股份有限公司,C1D642002H-2,國產,KMN12.4FZA8-C1,D2676LOH40,昇鋒猛獅 BS-MAN 19 510 CO  12419c.c. A12 2D  大客車,18500.0,0.0,昇鋒猛獅 BS-MAN 19 510 CO 12419c.c. A12 2D,大客車,,0.0,0.0,昇鋒猛獅 BS-MAN 19 510 CO 12419c.c. A12 2D 大客車
昇鋒汽車國際股份有限公司,C1D642001H-3,國產,JMN12.4FZA9-C1,D2676LOH37,昇鋒猛獅 IY-MAN 19 500 CO  12419c.c. A12 2D  大客車,18500.0,0.0,昇鋒猛獅 IY-MAN 19 500 CO 12419c.c. A12 2D,大客車,,0.0,0.0,昇鋒猛獅 IY-MAN 19 500 CO 12419c.c. A12 2D 大客車
昇鋒汽車國際股份有限公司,B9D642003H-1,國產,JMN12.4FZA9,D2676LOH35,昇鋒猛獅 MAN 19 420 CO  12419c.c. A12  大客車底盤,19000.0,0.0,昇鋒猛獅 MAN 19 420 CO 12419c.c. A12,大客車底盤,,0.0,0.0,昇鋒猛獅 MAN 19 420 CO 12419c.c. A12 大客車底盤
昇鋒汽車國際股份有限公司,B9D642003H-2,國產,JMN12.4FZA9,D2676LOH35,昇鋒猛獅 MAN 19 420 CO  12419c.c. A12 2D  大客車,17000.0,0.0,昇鋒猛獅 MAN 19 420 CO 12419c.c. A12 2D,大客車,,0.0,0.0,昇鋒猛獅 MAN 19 420 CO 12419c.c. A12 2D 大客車
昇鋒汽車國際股份有限公司,B9D642003H-1,國產,JMN12.4FZA9,D2676LOH36,昇鋒猛獅 MAN 19 460 CO  12419c.c. A12  大客車底盤,19000.0,0.0,昇鋒猛獅 MAN 19 460 CO 12419c.c. A12,大客車底盤,,0.0,0.0,昇鋒猛獅 MAN 19 460 CO 12419c.c. A12 大客車底盤
昇鋒汽車國際股份有限公司,B9D642003H-2,國產,JMN12.4FZA9,D2676LOH36,昇鋒猛獅 MAN 19 460 CO  12419c.c. A12 2D  大客車,17000.0,0.0,昇鋒猛獅 MAN 19 460 CO 12419c.c. A12 2D,大客車,,0.0,0.0,昇鋒猛獅 MAN 19 460 CO 12419c.c. A12 2D 大客車
昇鋒汽車國際股份有限公司,C2D642002H-2,國產,KMN12.4FZA8-C2,D2676LOH39,昇鋒猛獅 MAN 19 470 CO  12419c.c. A12  大客車底盤,19000.0,0.0,昇鋒猛獅 MAN 19 470 CO 12419c.c. A12,大客車底盤,,0.0,0.0,昇鋒猛獅 MAN 19 470 CO 12419c.c. A12 大客車底盤
昇鋒汽車國際股份有限公司,B9D642003H-1,國產,JMN12.4FZA9,D2676LOH37,昇鋒猛獅 MAN 19 500 CO  12419c.c. A12  大客車底盤,19000.0,0.0,昇鋒猛獅 MAN 19 500 CO 12419c.c. A12,大客車底盤,,0.0,0.0,昇鋒猛獅 MAN 19 500 CO 12419c.c. A12 大客車底盤
昇鋒汽車國際股份有限公司,B9D642003H-1,國產,JMN12.4FZA9,D2676LOH37,昇鋒猛獅 MAN 19 500 CO  12419c.c. A12 2D  大客車,17000.0,0.0,昇鋒猛獅 MAN 19 500 CO 12419c.c. A12 2D,大客車,,0.0,0.0,昇鋒猛獅 MAN 19 500 CO 12419c.c. A12 2D 大客車
昇鋒汽車國際股份有限公司,C1D642002H-1,國產,KMN12.4FZA8-C1,D2676LOH40,昇鋒猛獅 MAN 19 510 CO  12419c.c. A12  大客車底盤,18500.0,0.0,昇鋒猛獅 MAN 19 510 CO 12419c.c. A12,大客車底盤,國產,4.0,4.0,昇鋒猛獅 MAN 19 510 CO 12419c.c. A12 大客車底盤
昇鋒汽車國際股份有限公司,C1D642001H-2,國產,JMN12.4FZA9-C1,D2676LOH37,昇鋒猛獅 MAN 26 500 CO  12419c.c. A12  大客車底盤,26000.0,0.0,昇鋒猛獅 MAN 26 500 CO 12419c.c. A12,大客車底盤,,0.0,0.0,昇鋒猛獅 MAN 26 500 CO 12419c.c. A12 大客車底盤
昇鋒汽車國際股份有限公司,C1D642002H-1,國產,KMN12.4FZA8-C1,D2676LOH40,昇鋒猛獅 MAN 26 510 CO  12419c.c. A12  大客車底盤,26000.0,0.0,昇鋒猛獅 MAN 26 510 CO 12419c.c. A12,大客車底盤,,0.0,0.0,昇鋒猛獅 MAN 26 510 CO 12419c.c. A12 大客車底盤
昇鋒汽車國際股份有限公司,C4D642002H-1,國產,OMN12.4FZE1,D2676LOH47,昇鋒猛獅 MAN 26 510 CO(001)  12419c.c. A12  大客車底盤,26000.0,8.0,昇鋒猛獅 MAN 26 510 CO(001) 12419c.c. A12,大客車底盤,,0.0,8.0,昇鋒猛獅 MAN 26 510 CO(001) 12419c.c. A12 大客車底盤
昇鋒汽車國際股份有限公司,C1D642001H-2,國產,JMN12.4FZA9-C1,D2676LOH37,昇鋒猛獅 SD-MAN 19 500 CO  12419c.c. A12 2D  大客車,18500.0,0.0,昇鋒猛獅 SD-MAN 19 500 CO 12419c.c. A12 2D,大客車,,0.0,0.0,昇鋒猛獅 SD-MAN 19 500 CO 12419c.c. A12 2D 大客車
昇鋒汽車國際股份有限公司,B9D642003H-3,國產,JMN12.4FZA9,D2676LOH36,昇鋒猛獅 TY-D-MAN 19 460 CO  12419c.c. A12 2D  大客車,17000.0,0.0,昇鋒猛獅 TY-D-MAN 19 460 CO 12419c.c. A12 2D,大客車,,0.0,0.0,昇鋒猛獅 TY-D-MAN 19 460 CO 12419c.c. A12 2D 大客車
昇鋒汽車國際股份有限公司,B9D642003H-3,國產,JMN12.4FZA9,D2676LOH36,昇鋒猛獅 TY-MAN 19 460 CO  12419c.c. A12 1D  大客車,17000.0,0.0,昇鋒猛獅 TY-MAN 19 460 CO 12419c.c. A12 1D,大客車,,0.0,0.0,昇鋒猛獅 TY-MAN 19 460 CO 12419c.c. A12 1D 大客車
至遠企業股份有限公司,C4D611001H-1,國產,OMN12.4FZE1,D2676LFAJ,至遠猛獅 TGS 18.430 4x2BLSC  12419c.c. A12 2D  曳引車,21000.0,1.0,至遠猛獅 TGS 18.430 4x2BLSC 12419c.c. A12 2D,曳引車,,0.0,1.0,至遠猛獅 TGS 18.430 4x2BLSC 12419c.c. A12 2D 曳引車
至遠企業股份有限公司,C4D611001H-2,國產,OMN12.4FZE1,D2676LFAI,至遠猛獅 TGS 18.470 4x2BLSC  12419c.c. A12 2D  曳引車,19000.0,1.0,至遠猛獅 TGS 18.470 4x2BLSC 12419c.c. A12 2D,曳引車,,0.0,1.0,至遠猛獅 TGS 18.470 4x2BLSC 12419c.c. A12 2D 曳引車
至遠企業股份有限公司,C4D611001H-2,國產,OMN12.4FZE1,D2676LFAI,至遠猛獅 TGS 18.470 4x2BLSHC  12419c.c. A12 2D  曳引車,19000.0,1.0,至遠猛獅 TGS 18.470 4x2BLSHC 12419c.c. A12 2D,曳引車,,0.0,1.0,至遠猛獅 TGS 18.470 4x2BLSHC 12419c.c. A12 2D 曳引車
至遠企業股份有限公司,C4D611001H-2,國產,OMN12.4FZE1,D2676LFAI,至遠猛獅 TGS 26.470 6x2/2BLSC  12419c.c. A12 2D  曳引車,26000.0,1.0,至遠猛獅 TGS 26.470 6x2/2BLSC 12419c.c. A12 2D,曳引車,,0.0,1.0,至遠猛獅 TGS 26.470 6x2/2BLSC 12419c.c. A12 2D 曳引車
至遠企業股份有限公司,C4D611001H-1,國產,OMN12.4FZE1,D2676LFAI,至遠猛獅 TGS 28.470 6x2=2BLCC  12419c.c. A12 2D 軸距6850mm 兼供曳引大貨車底盤,28000.0,1.0,至遠猛獅 TGS 28.470 6x2=2BLCC 12419c.c. A12 2D 軸距6850mm,兼供曳引大貨車底盤,,0.0,1.0,至遠猛獅 TGS 28.470 6x2=2BLCC 12419c.c. A12 2D 軸距6850mm 兼供曳引大貨車底盤
健益汽車工業股份有限公司,C1D603001G-1,國產,JMB1067FZZ7-C1,OM 470 LA.6-8,賓士 1840LS  10677c.c. A12 2D TURBO 曳引車,20500.0,0.0,賓士 1840LS 10677c.c. A12 2D TURBO,曳引車,,0.0,0.0,賓士 1840LS 10677c.c. A12 2D TURBO 曳引車
健益汽車工業股份有限公司,C2D603004G-1,國產,MMB10.6FZEX,OM470LA.6GE-01,賓士 1846LS  10677c.c. A12 2D  曳引車,20500.0,0.0,賓士 1846LS 10677c.c. A12 2D,曳引車,,0.0,0.0,賓士 1846LS 10677c.c. A12 2D 曳引車
健益汽車工業股份有限公司,C1D603001G-2,國產,JMB1067FZZ7-C1,OM 470 LA.6-6,賓士 1846LS  10677c.c. A12 2D TURBO 曳引車,20500.0,0.0,賓士 1846LS 10677c.c. A12 2D TURBO,曳引車,國產,3.0,3.0,賓士 1846LS 10677c.c. A12 2D TURBO 曳引車
健益汽車工業股份有限公司,C2D603001G-2,國產,JMB1067FZZ7-C2,OM 470 LA.6-6,賓士 2046S  10677c.c. A12 2D TURBO 曳引車,20500.0,0.0,賓士 2046S 10677c.c. A12 2D TURBO,曳引車,,0.0,0.0,賓士 2046S 10677c.c. A12 2D TURBO 曳引車
健益汽車工業股份有限公司,C1D603001G-2,國產,JMB1067FZZ7-C1,OM 470 LA.6-8,賓士 2540L  10677c.c. A12 2D TURBO 大貨車底盤,28000.0,0.0,賓士 2540L 10677c.c. A12 2D TURBO,大貨車底盤,,0.0,0.0,賓士 2540L 10677c.c. A12 2D TURBO 大貨車底盤
健益汽車工業股份有限公司,C2D603003G-2,國產,MMB12.8FZE8,OM471LA.6GE-06,賓士 2545LS  12809c.c. A12 2D TURBO 曳引車,26500.0,0.0,賓士 2545LS 12809c.c. A12 2D TURBO,曳引車,,0.0,0.0,賓士 2545LS 12809c.c. A12 2D TURBO 曳引車
健益汽車工業股份有限公司,C2D603003G-1,國產,MMB12.8FZE8,OM471LA.6GE-06,賓士 2545LS 6x2/2  12809c.c. A12 2D TURBO 曳引車,26500.0,0.0,賓士 2545LS 6x2/2 12809c.c. A12 2D TURBO,曳引車,,0.0,0.0,賓士 2545LS 6x2/2 12809c.c. A12 2D TURBO 曳引車
健益汽車工業股份有限公司,C2D603002G-2,國產,JMB12.8FZY3-C2,OM 471 LA.6-8,賓士 2553LS  12809c.c. A12 2D TURBO 曳引車,26500.0,0.0,賓士 2553LS 12809c.c. A12 2D TURBO,曳引車,,0.0,0.0,賓士 2553LS 12809c.c. A12 2D TURBO 曳引車
健益汽車工業股份有限公司,C3D603002G-2,國產,MMB12.8FZE8-C3,OM471LA.6GE-01,賓士 2553LS 6x2/2  12809c.c. A12 2D TURBO 曳引車,26500.0,0.0,賓士 2553LS 6x2/2 12809c.c. A12 2D TURBO,曳引車,,0.0,0.0,賓士 2553LS 6x2/2 12809c.c. A12 2D TURBO 曳引車
健益汽車工業股份有限公司,C1D603001G-1,國產,JMB1067FZZ7-C1,OM 470 LA.6-8,賓士 2640L  10677c.c. A12 2D TURBO 大貨車底盤,27500.0,0.0,賓士 2640L 10677c.c. A12 2D TURBO,大貨車底盤,,0.0,0.0,賓士 2640L 10677c.c. A12 2D TURBO 大貨車底盤
健益汽車工業股份有限公司,C1D603003G-1,國產,JMB12.8FZY3-C1,OM 471 LA.6-13,賓士 2645L  12809c.c. A12 2D TURBO 大貨車底盤,26000.0,0.0,賓士 2645L 12809c.c. A12 2D TURBO,大貨車底盤,,0.0,0.0,賓士 2645L 12809c.c. A12 2D TURBO 大貨車底盤
健益汽車工業股份有限公司,C1D603003G-1,國產,JMB12.8FZY3-C1,OM 471 LA.6-9,賓士 2651L  12809c.c. A12 2D TURBO 大貨車底盤,26000.0,0.0,賓士 2651L 12809c.c. A12 2D TURBO,大貨車底盤,國產,1.0,1.0,賓士 2651L 12809c.c. A12 2D TURBO 大貨車底盤
健益汽車工業股份有限公司,C2D603003G-1,國產,MMB12.8FZE8,OM471LA.6GE-01,賓士 2653LS  12809c.c. A12 2D TURBO 曳引車,27500.0,0.0,賓士 2653LS 12809c.c. A12 2D TURBO,曳引車,,0.0,0.0,賓士 2653LS 12809c.c. A12 2D TURBO 曳引車
順益車輛工業股份有限公司,C2D574004G-1,國產,LMB07.7FSLX-C2,OM 936 LA.6-8,賓士 MB1930AF  7698c.c. M6  大客車底盤,18500.0,0.0,賓士 MB1930AF 7698c.c. M6,大客車底盤,,0.0,0.0,賓士 MB1930AF 7698c.c. M6 大客車底盤
順益車輛工業股份有限公司,C1D574006G-1,國產,LMB10.7FSLW,OM 470 LA.6-7,賓士 MB1943AF  10677c.c. A8  大客車底盤,18500.0,3.0,賓士 MB1943AF 10677c.c. A8,大客車底盤,,0.0,3.0,賓士 MB1943AF 10677c.c. A8 大客車底盤
順益車輛工業股份有限公司,C3D574003G-1,國產,MMB10.6FZEX-C3,OM470LA.6GE-02,賓士 MB1943AG  10677c.c. A8  大客車底盤,18500.0,32.0,賓士 MB1943AG 10677c.c. A8,大客車底盤,,0.0,32.0,賓士 MB1943AG 10677c.c. A8 大客車底盤
大益興業股份有限公司,C3D653003S-2,國產,MST07.3FZAX-C3,MC07H.31-60,賽德卡 C5H6A38MSF1S  7360c.c. A10 2D  大貨車底盤,18500.0,0.0,賽德卡 C5H6A38MSF1S 7360c.c. A10 2D,大貨車底盤,,0.0,0.0,賽德卡 C5H6A38MSF1S 7360c.c. A10 2D 大貨車底盤
大益興業股份有限公司,C3D653003S-1,國產,MST07.3FZAX-C3,MC07H.31-60,賽德卡 C5H6A38MSS1S  7360c.c. A10 2D  大貨車底盤,18500.0,0.0,賽德卡 C5H6A38MSS1S 7360c.c. A10 2D,大貨車底盤,,0.0,0.0,賽德卡 C5H6A38MSS1S 7360c.c. A10 2D 大貨車底盤
大益興業股份有限公司,C3D653003S-2,國產,MST07.3FZAX-C3,MC07H.31-60,賽德卡 C5H6A42DSS1S  7360c.c. A10 4D  大貨車底盤,18500.0,0.0,賽德卡 C5H6A42DSS1S 7360c.c. A10 4D,大貨車底盤,,0.0,0.0,賽德卡 C5H6A42DSS1S 7360c.c. A10 4D 大貨車底盤
大益興業股份有限公司,C3D653003S-2,國產,MST07.3FZAX-C3,MC07H.31-60,賽德卡 C5H6A42MSS1S  7360c.c. A10 2D  大貨車底盤,18500.0,0.0,賽德卡 C5H6A42MSS1S 7360c.c. A10 2D,大貨車底盤,,0.0,0.0,賽德卡 C5H6A42MSS1S 7360c.c. A10 2D 大貨車底盤
大益興業股份有限公司,C2D653003S-1,國產,MST07.3FZAX,MC07H.31-60,賽德卡 C5H6A45MSS1S  7360c.c. A10 2D  大貨車底盤,18500.0,0.0,賽德卡 C5H6A45MSS1S 7360c.c. A10 2D,大貨車底盤,,0.0,0.0,賽德卡 C5H6A45MSS1S 7360c.c. A10 2D 大貨車底盤
大益興業股份有限公司,C3D653003S-1,國產,MST07.3FZAX-C3,MC07H.31-60,賽德卡 C5H6A45SSS1S  7360c.c. A10 2D  大貨車底盤,18500.0,0.0,賽德卡 C5H6A45SSS1S 7360c.c. A10 2D,大貨車底盤,,0.0,0.0,賽德卡 C5H6A45SSS1S 7360c.c. A10 2D 大貨車底盤
大益興業股份有限公司,C4D653002S-2,國產,MST07.3FZAX-C4,MC07H.31-60,賽德卡 C5H6A50MSF1S  7360c.c. A10 2D  大貨車底盤,18500.0,0.0,賽德卡 C5H6A50MSF1S 7360c.c. A10 2D,大貨車底盤,,0.0,0.0,賽德卡 C5H6A50MSF1S 7360c.c. A10 2D 大貨車底盤
大益興業股份有限公司,C3D653003S-1,國產,MST07.3FZAX-C3,MC07H.31-60,賽德卡 C5H6A57LSF1S  7360c.c. A10 2D  大貨車底盤,18500.0,0.0,賽德卡 C5H6A57LSF1S 7360c.c. A10 2D,大貨車底盤,國產,1.0,1.0,賽德卡 C5H6A57LSF1S 7360c.c. A10 2D 大貨車底盤
大益興業股份有限公司,C3D653003S-1,國產,MST07.3FZAX-C3,MC07H.31-60,賽德卡 C5H6A57MSF1C  7360c.c. A10 2D  大貨車底盤,18500.0,0.0,賽德卡 C5H6A57MSF1C 7360c.c. A10 2D,大貨車底盤,,0.0,0.0,賽德卡 C5H6A57MSF1C 7360c.c. A10 2D 大貨車底盤
大益興業股份有限公司,C2D653003S-1,國產,MST07.3FZAX,MC07H.31-60,賽德卡 C5H6A57MSF1S  7360c.c. A10 2D  大貨車底盤,18500.0,0.0,賽德卡 C5H6A57MSF1S 7360c.c. A10 2D,大貨車底盤,,0.0,0.0,賽德卡 C5H6A57MSF1S 7360c.c. A10 2D 大貨車底盤
大益興業股份有限公司,C3D653003S-1,國產,MST07.3FZAX-C3,MC07H.31-60,賽德卡 C5H6A62LSF1S  7360c.c. A10 2D  大貨車底盤,18500.0,0.0,賽德卡 C5H6A62LSF1S 7360c.c. A10 2D,大貨車底盤,,0.0,0.0,賽德卡 C5H6A62LSF1S 7360c.c. A10 2D 大貨車底盤
大益興業股份有限公司,C3D653003S-1,國產,MST07.3FZAX-C3,MC07H.31-60,賽德卡 C5H6A62MAF1S  7360c.c. A10 2D  大貨車底盤,18500.0,0.0,賽德卡 C5H6A62MAF1S 7360c.c. A10 2D,大貨車底盤,,0.0,0.0,賽德卡 C5H6A62MAF1S 7360c.c. A10 2D 大貨車底盤
大益興業股份有限公司,C3D653003S-1,國產,MST07.3FZAX-C3,MC07H.31-60,賽德卡 C5H6A62MSF1S  7360c.c. A10 2D  大貨車底盤,18500.0,0.0,賽德卡 C5H6A62MSF1S 7360c.c. A10 2D,大貨車底盤,,0.0,0.0,賽德卡 C5H6A62MSF1S 7360c.c. A10 2D 大貨車底盤
大益興業股份有限公司,C3D653003S-1,國產,MST07.3FZAX-C3,MC07H.35-60,賽德卡 C5H6A62MSF3S  7360c.c. A10 2D  大貨車底盤,18500.0,0.0,賽德卡 C5H6A62MSF3S 7360c.c. A10 2D,大貨車底盤,,0.0,0.0,賽德卡 C5H6A62MSF3S 7360c.c. A10 2D 大貨車底盤
大益興業股份有限公司,C2D653003S-1,國產,MST07.3FZAX,MC07H.35-60,賽德卡 C5H6A64LAF3S  7360c.c. A10 2D  大貨車底盤,18500.0,0.0,賽德卡 C5H6A64LAF3S 7360c.c. A10 2D,大貨車底盤,國產,1.0,1.0,賽德卡 C5H6A64LAF3S 7360c.c. A10 2D 大貨車底盤
大益興業股份有限公司,C3D653003S-1,國產,MST07.3FZAX-C3,MC07H.35-60,賽德卡 C5H6A64LSF3S  7360c.c. A10 2D  大貨車底盤,18500.0,0.0,賽德卡 C5H6A64LSF3S 7360c.c. A10 2D,大貨車底盤,國產,1.0,1.0,賽德卡 C5H6A64LSF3S 7360c.c. A10 2D 大貨車底盤
大益興業股份有限公司,C2D653003S-1,國產,MST07.3FZAX,MC07H.35-60,賽德卡 C5H6A64LSS3S  7360c.c. A10 2D  大貨車底盤,18500.0,0.0,賽德卡 C5H6A64LSS3S 7360c.c. A10 2D,大貨車底盤,,0.0,0.0,賽德卡 C5H6A64LSS3S 7360c.c. A10 2D 大貨車底盤
大益興業股份有限公司,C2D653003S-1,國產,MST07.3FZAX,MC07H.35-60,賽德卡 C5H6A64MSF3S  7360c.c. A10 2D  大貨車底盤,18500.0,0.0,賽德卡 C5H6A64MSF3S 7360c.c. A10 2D,大貨車底盤,,0.0,0.0,賽德卡 C5H6A64MSF3S 7360c.c. A10 2D 大貨車底盤
大益興業股份有限公司,C2D653003S-1,國產,MST07.3FZAX,MC07H.35-60,賽德卡 C5H6A64SAS3S  7360c.c. A10 2D  大貨車底盤,18500.0,0.0,賽德卡 C5H6A64SAS3S 7360c.c. A10 2D,大貨車底盤,,0.0,0.0,賽德卡 C5H6A64SAS3S 7360c.c. A10 2D 大貨車底盤
大益興業股份有限公司,C3D653003S-1,國產,MST07.3FZAX-C3,MC07H.35-60,賽德卡 C5H6A75LAF3S  7360c.c. A10 2D  大貨車底盤,28000.0,0.0,賽德卡 C5H6A75LAF3S 7360c.c. A10 2D,大貨車底盤,,0.0,0.0,賽德卡 C5H6A75LAF3S 7360c.c. A10 2D 大貨車底盤
大益興業股份有限公司,C2D653003S-1,國產,MST07.3FZAX,MC07H.31-60,賽德卡 C5H6C38MSS1B  7360c.c. M9 2D  大貨車底盤,18500.0,0.0,賽德卡 C5H6C38MSS1B 7360c.c. M9 2D,大貨車底盤,國產,2.0,2.0,賽德卡 C5H6C38MSS1B 7360c.c. M9 2D 大貨車底盤
大益興業股份有限公司,C3D653003S-1,國產,MST07.3FZAX-C3,MC07H.31-60,賽德卡 C5H6C38MSS1S  7360c.c. M9 2D  大貨車底盤,18500.0,1.0,賽德卡 C5H6C38MSS1S 7360c.c. M9 2D,大貨車底盤,,0.0,1.0,賽德卡 C5H6C38MSS1S 7360c.c. M9 2D 大貨車底盤
大益興業股份有限公司,C2D653003S-1,國產,MST07.3FZAX,MC07H.31-60,賽德卡 C5H6C45SSS1S  7360c.c. M9 2D  大貨車底盤,18500.0,0.0,賽德卡 C5H6C45SSS1S 7360c.c. M9 2D,大貨車底盤,,0.0,0.0,賽德卡 C5H6C45SSS1S 7360c.c. M9 2D 大貨車底盤
大益興業股份有限公司,C2D653003S-1,國產,MST07.3FZAX,MC07H.31-60,賽德卡 C5H6C50LSF1S  7360c.c. M9 2D  大貨車底盤,18500.0,0.0,賽德卡 C5H6C50LSF1S 7360c.c. M9 2D,大貨車底盤,,0.0,0.0,賽德卡 C5H6C50LSF1S 7360c.c. M9 2D 大貨車底盤
大益興業股份有限公司,C2D653003S-1,國產,MST07.3FZAX,MC07H.31-60,賽德卡 C5H6C50LSS1S  7360c.c. M9 2D  大貨車底盤,18500.0,0.0,賽德卡 C5H6C50LSS1S 7360c.c. M9 2D,大貨車底盤,,0.0,0.0,賽德卡 C5H6C50LSS1S 7360c.c. M9 2D 大貨車底盤
大益興業股份有限公司,C4D653002S-2,國產,MST07.3FZAX-C4,MC07H.31-60,賽德卡 C5H6C50MSF1S  7360c.c. M9 2D  大貨車底盤,18500.0,0.0,賽德卡 C5H6C50MSF1S 7360c.c. M9 2D,大貨車底盤,,0.0,0.0,賽德卡 C5H6C50MSF1S 7360c.c. M9 2D 大貨車底盤
大益興業股份有限公司,C2D653003S-1,國產,MST07.3FZAX,MC07H.31-60,賽德卡 C5H6C57LSF1S  7360c.c. M9 2D  大貨車底盤,18500.0,0.0,賽德卡 C5H6C57LSF1S 7360c.c. M9 2D,大貨車底盤,國產,1.0,1.0,賽德卡 C5H6C57LSF1S 7360c.c. M9 2D 大貨車底盤
大益興業股份有限公司,C3D653003S-1,國產,MST07.3FZAX-C3,MC07H.31-60,賽德卡 C5H6C57MSF1B  7360c.c. M9 2D  大貨車底盤,18500.0,0.0,賽德卡 C5H6C57MSF1B 7360c.c. M9 2D,大貨車底盤,,0.0,0.0,賽德卡 C5H6C57MSF1B 7360c.c. M9 2D 大貨車底盤
大益興業股份有限公司,C3D653003S-2,國產,MST07.3FZAX-C3,MC07H.31-60,賽德卡 C5H6C57MSF1C  7360c.c. M9 2D  大貨車底盤,18500.0,0.0,賽德卡 C5H6C57MSF1C 7360c.c. M9 2D,大貨車底盤,,0.0,0.0,賽德卡 C5H6C57MSF1C 7360c.c. M9 2D 大貨車底盤
大益興業股份有限公司,C2D653003S-1,國產,MST07.3FZAX,MC07H.31-60,賽德卡 C5H6C57MSF1S  7360c.c. M9 2D  大貨車底盤,18500.0,0.0,賽德卡 C5H6C57MSF1S 7360c.c. M9 2D,大貨車底盤,,0.0,0.0,賽德卡 C5H6C57MSF1S 7360c.c. M9 2D 大貨車底盤
大益興業股份有限公司,C3D653003S-1,國產,MST07.3FZAX-C3,MC07H.31-60,賽德卡 C5H6C62LSF1S  7360c.c. M9 2D  大貨車底盤,18500.0,0.0,賽德卡 C5H6C62LSF1S 7360c.c. M9 2D,大貨車底盤,,0.0,0.0,賽德卡 C5H6C62LSF1S 7360c.c. M9 2D 大貨車底盤
大益興業股份有限公司,C3D653003S-1,國產,MST07.3FZAX-C3,MC07H.31-60,賽德卡 C5H6C62MSF1S  7360c.c. M9 2D  大貨車底盤,18500.0,0.0,賽德卡 C5H6C62MSF1S 7360c.c. M9 2D,大貨車底盤,國產,1.0,1.0,賽德卡 C5H6C62MSF1S 7360c.c. M9 2D 大貨車底盤
大益興業股份有限公司,C3D653003S-1,國產,MST07.3FZAX-C3,MC07H.31-60,賽德卡 C5H6C64LSF1S  7360c.c. M9 2D  大貨車底盤,18500.0,0.0,賽德卡 C5H6C64LSF1S 7360c.c. M9 2D,大貨車底盤,,0.0,0.0,賽德卡 C5H6C64LSF1S 7360c.c. M9 2D 大貨車底盤
大益興業股份有限公司,C3D653003S-1,國產,MST07.3FZAX-C3,MC07H.31-60,賽德卡 C5H6C75LAF1S  7360c.c. M9 2D  大貨車底盤,28000.0,0.0,賽德卡 C5H6C75LAF1S 7360c.c. M9 2D,大貨車底盤,,0.0,0.0,賽德卡 C5H6C75LAF1S 7360c.c. M9 2D 大貨車底盤
大益興業股份有限公司,C3D653004S-1,國產,MST12.4FZAX-C3,MC13.54-61,賽德卡 C7H6D6X2DFAF5B  12419c.c. A12 2D  大貨車底盤,26000.0,0.0,賽德卡 C7H6D6X2DFAF5B 12419c.c. A12 2D,大貨車底盤,,0.0,0.0,賽德卡 C7H6D6X2DFAF5B 12419c.c. A12 2D 大貨車底盤
大益興業股份有限公司,C4D653001S-2,國產,MST12.4FZAX-C4,MC13.54-61,賽德卡 C7H6D6X2DFSF5B  12419c.c. A12 2D  大貨車底盤,26000.0,1.0,賽德卡 C7H6D6X2DFSF5B 12419c.c. A12 2D,大貨車底盤,,0.0,1.0,賽德卡 C7H6D6X2DFSF5B 12419c.c. A12 2D 大貨車底盤
大益興業股份有限公司,C2D653005S-1,國產,MST10.5FZAX,MC11.46-61,賽德卡 C7H6D6X2DLAF3B  10518c.c. A12 2D  大貨車底盤,26000.0,0.0,賽德卡 C7H6D6X2DLAF3B 10518c.c. A12 2D,大貨車底盤,國產,1.0,1.0,賽德卡 C7H6D6X2DLAF3B 10518c.c. A12 2D 大貨車底盤
大益興業股份有限公司,C4D653003S-4,國產,MST10.5FZAX-C4,MC11.40-61,賽德卡 C7H6D6X4ASSS1B  10518c.c. A12 2D  大貨車底盤,21500.0,0.0,賽德卡 C7H6D6X4ASSS1B 10518c.c. A12 2D,大貨車底盤,,0.0,0.0,賽德卡 C7H6D6X4ASSS1B 10518c.c. A12 2D 大貨車底盤
大益興業股份有限公司,C2D653005S-1,國產,MST10.5FZAX,MC11.46-61,賽德卡 C7H6D6X4BDSS3B  10518c.c. A12 4D  大貨車底盤,24000.0,0.0,賽德卡 C7H6D6X4BDSS3B 10518c.c. A12 4D,大貨車底盤,,0.0,0.0,賽德卡 C7H6D6X4BDSS3B 10518c.c. A12 4D 大貨車底盤
大益興業股份有限公司,C4D653003S-4,國產,MST10.5FZAX-C4,MC11.40-61,賽德卡 C7H6D6X4BSSS1B  10518c.c. A12 2D  大貨車底盤,24000.0,1.0,賽德卡 C7H6D6X4BSSS1B 10518c.c. A12 2D,大貨車底盤,,0.0,1.0,賽德卡 C7H6D6X4BSSS1B 10518c.c. A12 2D 大貨車底盤
大益興業股份有限公司,C3D653005S-2,國產,MST10.5FZAX-C3,MC11.46-61,賽德卡 C7H6D6X4ESSS3B  10518c.c. A12 2D  大貨車底盤,25000.0,0.0,賽德卡 C7H6D6X4ESSS3B 10518c.c. A12 2D,大貨車底盤,,0.0,0.0,賽德卡 C7H6D6X4ESSS3B 10518c.c. A12 2D 大貨車底盤
大益興業股份有限公司,C3D653005S-1,國產,MST10.5FZAX-C3,MC11.46-61,賽德卡 C7H6D6X4ESSS3B  10518c.c. A16 2D  大貨車底盤,25000.0,0.0,賽德卡 C7H6D6X4ESSS3B 10518c.c. A16 2D,大貨車底盤,,0.0,0.0,賽德卡 C7H6D6X4ESSS3B 10518c.c. A16 2D 大貨車底盤
大益興業股份有限公司,C2D653004S-1,國產,MST12.4FZAX,MC13.54-61,賽德卡 C7H6D8X2GFAF5S  12419c.c. A12 2D  大貨車底盤,32000.0,0.0,賽德卡 C7H6D8X2GFAF5S 12419c.c. A12 2D,大貨車底盤,,0.0,0.0,賽德卡 C7H6D8X2GFAF5S 12419c.c. A12 2D 大貨車底盤
大益興業股份有限公司,C3D653005S-1,國產,MST10.5FZAX-C3,MC11.46-61,賽德卡 C7H6F6X2DLAF3B  10518c.c. M16 2D  大貨車底盤,26000.0,0.0,賽德卡 C7H6F6X2DLAF3B 10518c.c. M16 2D,大貨車底盤,國產,2.0,2.0,賽德卡 C7H6F6X2DLAF3B 10518c.c. M16 2D 大貨車底盤
大益興業股份有限公司,C4D653003S-3,國產,MST10.5FZAX-C4,MC11.46-61,賽德卡 C7H6F6X2DLAF3S  10518c.c. M16 2D  大貨車底盤,26000.0,1.0,賽德卡 C7H6F6X2DLAF3S 10518c.c. M16 2D,大貨車底盤,,0.0,1.0,賽德卡 C7H6F6X2DLAF3S 10518c.c. M16 2D 大貨車底盤
大益興業股份有限公司,C2D653005S-1,國產,MST10.5FZAX,MC11.40-61,賽德卡 C7H6F6X4ASSS1B  10518c.c. M16 2D  大貨車底盤,21500.0,0.0,賽德卡 C7H6F6X4ASSS1B 10518c.c. M16 2D,大貨車底盤,,0.0,0.0,賽德卡 C7H6F6X4ASSS1B 10518c.c. M16 2D 大貨車底盤
大益興業股份有限公司,C2D653005S-1,國產,MST10.5FZAX,MC11.46-61,賽德卡 C7H6F6X4ASSS3B  10518c.c. M16 2D  大貨車底盤,21500.0,0.0,賽德卡 C7H6F6X4ASSS3B 10518c.c. M16 2D,大貨車底盤,,0.0,0.0,賽德卡 C7H6F6X4ASSS3B 10518c.c. M16 2D 大貨車底盤
大益興業股份有限公司,C3D653005S-1,國產,MST10.5FZAX-C3,MC11.46-61,賽德卡 C7H6F6X4ASSS3S  10518c.c. M16 2D  大貨車底盤,21500.0,0.0,賽德卡 C7H6F6X4ASSS3S 10518c.c. M16 2D,大貨車底盤,,0.0,0.0,賽德卡 C7H6F6X4ASSS3S 10518c.c. M16 2D 大貨車底盤
大益興業股份有限公司,C3D653005S-1,國產,MST10.5FZAX-C3,MC11.46-61,賽德卡 C7H6F6X4BSSF3B  10518c.c. M16 2D  大貨車底盤,24000.0,0.0,賽德卡 C7H6F6X4BSSF3B 10518c.c. M16 2D,大貨車底盤,,0.0,0.0,賽德卡 C7H6F6X4BSSF3B 10518c.c. M16 2D 大貨車底盤
大益興業股份有限公司,C2D653005S-1,國產,MST10.5FZAX,MC11.40-61,賽德卡 C7H6F6X4BSSS1B  10518c.c. M16 2D  大貨車底盤,24000.0,0.0,賽德卡 C7H6F6X4BSSS1B 10518c.c. M16 2D,大貨車底盤,,0.0,0.0,賽德卡 C7H6F6X4BSSS1B 10518c.c. M16 2D 大貨車底盤
大益興業股份有限公司,C3D653005S-3,國產,MST10.5FZAX-C3,MC11.46-61,賽德卡 C7H6F6X4DLSF3B  10518c.c. M16 2D  大貨車底盤,26000.0,0.0,賽德卡 C7H6F6X4DLSF3B 10518c.c. M16 2D,大貨車底盤,,0.0,0.0,賽德卡 C7H6F6X4DLSF3B 10518c.c. M16 2D 大貨車底盤
大益興業股份有限公司,C2D653005S-1,國產,MST10.5FZAX,MC11.46-61,賽德卡 C7H6F6X4DLSS3B  10518c.c. M16 2D  大貨車底盤,26000.0,0.0,賽德卡 C7H6F6X4DLSS3B 10518c.c. M16 2D,大貨車底盤,國產,4.0,4.0,賽德卡 C7H6F6X4DLSS3B 10518c.c. M16 2D 大貨車底盤
大益興業股份有限公司,C4D653003S-4,國產,MST10.5FZAX-C4,MC11.46-61,賽德卡 C7H6F6X4DSSF3B  10518c.c. M16 2D  大貨車底盤,26000.0,0.0,賽德卡 C7H6F6X4DSSF3B 10518c.c. M16 2D,大貨車底盤,,0.0,0.0,賽德卡 C7H6F6X4DSSF3B 10518c.c. M16 2D 大貨車底盤
大益興業股份有限公司,C3D653005S-1,國產,MST10.5FZAX-C3,MC11.46-61,賽德卡 C7H6F6X4ESSF3B  10518c.c. M16 2D  大貨車底盤,25000.0,0.0,賽德卡 C7H6F6X4ESSF3B 10518c.c. M16 2D,大貨車底盤,,0.0,0.0,賽德卡 C7H6F6X4ESSF3B 10518c.c. M16 2D 大貨車底盤
大益興業股份有限公司,C3D653005S-1,國產,MST10.5FZAX-C3,MC11.46-61,賽德卡 C7H6F6X4ESSS3B  10518c.c. M16 2D  大貨車底盤,25000.0,1.0,賽德卡 C7H6F6X4ESSS3B 10518c.c. M16 2D,大貨車底盤,國產,1.0,2.0,賽德卡 C7H6F6X4ESSS3B 10518c.c. M16 2D 大貨車底盤
大益興業股份有限公司,C3D653005S-1,國產,MST10.5FZAX-C3,MC11.46-61,賽德卡 C7H6F8X4HLSF3S  10518c.c. M16 2D  大貨車底盤,35000.0,2.0,賽德卡 C7H6F8X4HLSF3S 10518c.c. M16 2D,大貨車底盤,,0.0,2.0,賽德卡 C7H6F8X4HLSF3S 10518c.c. M16 2D 大貨車底盤
大益興業股份有限公司,C4D653003S-2,國產,MST10.5FZAX-C4,MC11.46-61,賽德卡 C7H6F8X4HPSF3S  10518c.c. M16 2D  大貨車底盤,35000.0,12.0,賽德卡 C7H6F8X4HPSF3S 10518c.c. M16 2D,大貨車底盤,國產,2.0,14.0,賽德卡 C7H6F8X4HPSF3S 10518c.c. M16 2D 大貨車底盤
大益興業股份有限公司,C4D653001S-2,國產,MST12.4FZAX-C4,MC13.54-61,賽德卡 C7H6J6X4BFSS5B  12419c.c. M16 2D  曳引車,20000.0,0.0,賽德卡 C7H6J6X4BFSS5B 12419c.c. M16 2D,曳引車,,0.0,0.0,賽德卡 C7H6J6X4BFSS5B 12419c.c. M16 2D 曳引車
大益興業股份有限公司,C4D653001S-2,國產,MST12.4FZAX-C4,MC13.54-61,賽德卡 C7H6K4X2AFAF  12419c.c. A12 2D  曳引車,20000.0,0.0,賽德卡 C7H6K4X2AFAF 12419c.c. A12 2D,曳引車,,0.0,0.0,賽德卡 C7H6K4X2AFAF 12419c.c. A12 2D 曳引車
大益興業股份有限公司,C4D653001S-2,國產,MST12.4FZAX-C4,MC13.54-61,賽德卡 C7H6K4X2AHAF  12419c.c. A12 2D  曳引車,20000.0,1.0,賽德卡 C7H6K4X2AHAF 12419c.c. A12 2D,曳引車,國產,1.0,2.0,賽德卡 C7H6K4X2AHAF 12419c.c. A12 2D 曳引車
大益興業股份有限公司,C4D653003S-5,國產,MST10.5FZAX-C4,MC11.46-61,賽德卡 C7H6K4X2ALAF  10518c.c. A12 2D  曳引車,20000.0,0.0,賽德卡 C7H6K4X2ALAF 10518c.c. A12 2D,曳引車,,0.0,0.0,賽德卡 C7H6K4X2ALAF 10518c.c. A12 2D 曳引車
大益興業股份有限公司,C4D653003S-5,國產,MST10.5FZAX-C4,MC11.46-61,賽德卡 C7H6K4X2ALSF  10518c.c. A12 2D  曳引車,20000.0,0.0,賽德卡 C7H6K4X2ALSF 10518c.c. A12 2D,曳引車,,0.0,0.0,賽德卡 C7H6K4X2ALSF 10518c.c. A12 2D 曳引車
大益興業股份有限公司,C4D653001S-2,國產,MST12.4FZAX-C4,MC13.54-61,賽德卡 C7H6K6X2BFAF5B  12419c.c. A12 2D  曳引車,20000.0,0.0,賽德卡 C7H6K6X2BFAF5B 12419c.c. A12 2D,曳引車,,0.0,0.0,賽德卡 C7H6K6X2BFAF5B 12419c.c. A12 2D 曳引車
大益興業股份有限公司,C4D653001S-2,國產,MST12.4FZAX-C4,MC13.54-61,賽德卡 C7H6K6X2BHAF5B  12419c.c. A12 2D  曳引車,20000.0,0.0,賽德卡 C7H6K6X2BHAF5B 12419c.c. A12 2D,曳引車,,0.0,0.0,賽德卡 C7H6K6X2BHAF5B 12419c.c. A12 2D 曳引車
大益興業股份有限公司,C4D653001S-2,國產,MST12.4FZAX-C4,MC13.50-61,賽德卡 C7H6K6X2CFAF4A  12419c.c. A12 2D  曳引車,20000.0,0.0,賽德卡 C7H6K6X2CFAF4A 12419c.c. A12 2D,曳引車,,0.0,0.0,賽德卡 C7H6K6X2CFAF4A 12419c.c. A12 2D 曳引車
大益興業股份有限公司,C4D653001S-2,國產,MST12.4FZAX-C4,MC13.50-61,賽德卡 C7H6L4X2AFSF  12419c.c. A12 2D  曳引車,20000.0,0.0,賽德卡 C7H6L4X2AFSF 12419c.c. A12 2D,曳引車,,0.0,0.0,賽德卡 C7H6L4X2AFSF 12419c.c. A12 2D 曳引車
大益興業股份有限公司,C1D653007S-1,國產,LST12.4FZAX,MC13.48-60,賽德卡 C7HTD4X2BFSF6  12419c.c. A12 2D  曳引車,20000.0,0.0,賽德卡 C7HTD4X2BFSF6 12419c.c. A12 2D,曳引車,,0.0,0.0,賽德卡 C7HTD4X2BFSF6 12419c.c. A12 2D 曳引車
大益興業股份有限公司,C1D653007S-1,國產,LST12.4FZAX,MC13.48-60,賽德卡 C7HTD6X2DFSF5B  12419c.c. A12 2D  大貨車底盤,26000.0,0.0,賽德卡 C7HTD6X2DFSF5B 12419c.c. A12 2D,大貨車底盤,,0.0,0.0,賽德卡 C7HTD6X2DFSF5B 12419c.c. A12 2D 大貨車底盤
臺塑汽車貨運股份有限公司,C4D632001H-1,國產,LDF12.9FAAX-C4,MX-13 355 H3,達富 FAC-CF480E6D  12902c.c. A12 2D TURBO 大貨車底盤,33000.0,3.0,達富 FAC-CF480E6D 12902c.c. A12 2D TURBO,大貨車底盤,,0.0,3.0,達富 FAC-CF480E6D 12902c.c. A12 2D TURBO 大貨車底盤
臺塑汽車貨運股份有限公司,C4D632001H-1,國產,LDF12.9FAAX-C4,MX-13 355 H3,達富 FAS-CF480E6D7  12902c.c. A12 2D TURBO 大貨車底盤,28000.0,29.0,達富 FAS-CF480E6D7 12902c.c. A12 2D TURBO,大貨車底盤,,0.0,29.0,達富 FAS-CF480E6D7 12902c.c. A12 2D TURBO 大貨車底盤
臺塑汽車貨運股份有限公司,C4D632001H-1,國產,LDF12.9FAAX-C4,MX-13 390 H3,達富 FAS-CF530E6D7S  12902c.c. A12 2D TURBO 大貨車底盤,28000.0,15.0,達富 FAS-CF530E6D7S 12902c.c. A12 2D TURBO,大貨車底盤,國產,1.0,16.0,達富 FAS-CF530E6D7S 12902c.c. A12 2D TURBO 大貨車底盤
臺塑汽車貨運股份有限公司,C4D632001H-1,國產,LDF12.9FAAX-C4,MX-13 315 H3,達富 FT-CF430E6D  12902c.c. A12 2D TURBO 曳引車,17500.0,28.0,達富 FT-CF430E6D 12902c.c. A12 2D TURBO,曳引車,,0.0,28.0,達富 FT-CF430E6D 12902c.c. A12 2D TURBO 曳引車
臺塑汽車貨運股份有限公司,C4D632001H-1,國產,LDF12.9FAAX-C4,MX-13 355 H3,達富 FT-CF480E6D  12902c.c. A12 2D TURBO 曳引車,17500.0,70.0,達富 FT-CF480E6D 12902c.c. A12 2D TURBO,曳引車,國產,2.0,72.0,達富 FT-CF480E6D 12902c.c. A12 2D TURBO 曳引車
臺塑汽車貨運股份有限公司,C4D632001H-1,國產,LDF12.9FAAX-C4,MX-13 355 H3,達富 FT-CF480E6DH  12902c.c. A12 2D TURBO 曳引車,17500.0,4.0,達富 FT-CF480E6DH 12902c.c. A12 2D TURBO,曳引車,,0.0,4.0,達富 FT-CF480E6DH 12902c.c. A12 2D TURBO 曳引車
臺塑汽車貨運股份有限公司,C4D632001H-1,國產,LDF12.9FAAX-C4,MX-13 355 H3,達富 FT-CF480E6DS  12902c.c. A12 2D TURBO 曳引車,17500.0,2.0,達富 FT-CF480E6DS 12902c.c. A12 2D TURBO,曳引車,,0.0,2.0,達富 FT-CF480E6DS 12902c.c. A12 2D TURBO 曳引車
臺塑汽車貨運股份有限公司,C3D632001H-1,國產,LDF12.9FAAX-C3,MX-13 355 H3,達富 FTG-CF480E6D  12902c.c. A12 2D TURBO 曳引車,25000.0,2.0,達富 FTG-CF480E6D 12902c.c. A12 2D TURBO,曳引車,國產,11.0,13.0,達富 FTG-CF480E6D 12902c.c. A12 2D TURBO 曳引車
臺塑汽車貨運股份有限公司,C4D632001H-2,國產,LDF12.9FAAX-C4,MX-13 355 H3,達富 FTG-CF480E6DS  12902c.c. A12 2D TURBO 曳引車,25000.0,8.0,達富 FTG-CF480E6DS 12902c.c. A12 2D TURBO,曳引車,,0.0,8.0,達富 FTG-CF480E6DS 12902c.c. A12 2D TURBO 曳引車
臺塑汽車貨運股份有限公司,C4D632001H-1,國產,LDF12.9FAAX-C4,MX-13 355 H3,達富 FTR-CF480E6D  12902c.c. A12 2D TURBO 曳引車,25000.0,14.0,達富 FTR-CF480E6D 12902c.c. A12 2D TURBO,曳引車,國產,1.0,15.0,達富 FTR-CF480E6D 12902c.c. A12 2D TURBO 曳引車
臺塑汽車貨運股份有限公司,C4D632002R-1,國產,LCE06.7FAAK-C4,PX-7 194 K2,達富 LF45-AL39E6D  6700c.c. A6 2D TURBO 大貨車底盤,12000.0,1.0,達富 LF45-AL39E6D 6700c.c. A6 2D TURBO,大貨車底盤,,0.0,1.0,達富 LF45-AL39E6D 6700c.c. A6 2D TURBO 大貨車底盤
臺塑汽車貨運股份有限公司,C4D632002R-1,國產,LCE06.7FAAK-C4,PX-7 194 K2,達富 LF45-ML39E6D  6700c.c. M6 2D TURBO 大貨車底盤,12000.0,1.0,達富 LF45-ML39E6D 6700c.c. M6 2D TURBO,大貨車底盤,國產,7.0,8.0,達富 LF45-ML39E6D 6700c.c. M6 2D TURBO 大貨車底盤
臺塑汽車貨運股份有限公司,C4D632003R-1,國產,NCE06.7FAAE-C4,PX-7 212 H5,達富 LF55-AA58E6SE  6690c.c. A8 2D TURBO 大貨車底盤,18600.0,7.0,達富 LF55-AA58E6SE 6690c.c. A8 2D TURBO,大貨車底盤,,0.0,7.0,達富 LF55-AA58E6SE 6690c.c. A8 2D TURBO 大貨車底盤
臺塑汽車貨運股份有限公司,C4D632003R-1,國產,NCE06.7FAAE-C4,PX-7 212 H5,達富 LF55-AA66E6SE  6690c.c. A8 2D TURBO 大貨車底盤,18600.0,53.0,達富 LF55-AA66E6SE 6690c.c. A8 2D TURBO,大貨車底盤,國產,7.0,60.0,達富 LF55-AA66E6SE 6690c.c. A8 2D TURBO 大貨車底盤
臺塑汽車貨運股份有限公司,C4D632003R-1,國產,NCE06.7FAAE-C4,PX-7 212 H5,達富 LF55-AL66E6SE  6690c.c. A8 2D TURBO 大貨車底盤,18600.0,3.0,達富 LF55-AL66E6SE 6690c.c. A8 2D TURBO,大貨車底盤,,0.0,3.0,達富 LF55-AL66E6SE 6690c.c. A8 2D TURBO 大貨車底盤
臺塑汽車貨運股份有限公司,C4D632003R-2,國產,NCE06.7FAAE-C4,PX-7 212 H5,達富 LF55-ML41E6DE  6690c.c. M6 2D TURBO 大貨車底盤,18600.0,3.0,達富 LF55-ML41E6DE 6690c.c. M6 2D TURBO,大貨車底盤,,0.0,3.0,達富 LF55-ML41E6DE 6690c.c. M6 2D TURBO 大貨車底盤
金龍汽車製造股份有限公司,C4D635001G-1,國產,MMB7698FZE9-C4,OM936LA.6GE-01,金龍 KL6120CDA03  7698c.c. A4 1D  大客車,17000.0,19.0,金龍 KL6120CDA03 7698c.c. A4 1D,大客車,,0.0,19.0,金龍 KL6120CDA03 7698c.c. A4 1D 大客車
金龍汽車製造股份有限公司,C4D635001G-1,國產,MMB7698FZE9-C4,OM936LA.6GE-01,金龍 KL6120CDA04  7698c.c. A4 1D  大客車,17000.0,21.0,金龍 KL6120CDA04 7698c.c. A4 1D,大客車,,0.0,21.0,金龍 KL6120CDA04 7698c.c. A4 1D 大客車
順益車輛工業股份有限公司,C3D574001G-1,國產,LMB1068FZL3-C3,OM 470 LA.6-12,順益 FP70HDR25  10677c.c. A12 2D  曳引車,16800.0,0.0,順益 FP70HDR25 10677c.c. A12 2D,曳引車,,0.0,0.0,順益 FP70HDR25 10677c.c. A12 2D 曳引車
順益車輛工業股份有限公司,C3D574001G-1,國產,LMB1068FZL3-C3,OM 470 LA.6-17,順益 FP70HDR45  10677c.c. A12 2D  曳引車,16800.0,0.0,順益 FP70HDR45 10677c.c. A12 2D,曳引車,國產,31.0,31.0,順益 FP70HDR45 10677c.c. A12 2D 曳引車
順益車輛工業股份有限公司,C3D574001G-1,國產,LMB1068FZL3-C3,OM 470 LA.6-12,順益 FP74HDR25  10677c.c. A12 2D  曳引車,16800.0,0.0,順益 FP74HDR25 10677c.c. A12 2D,曳引車,,0.0,0.0,順益 FP74HDR25 10677c.c. A12 2D 曳引車
順益車輛工業股份有限公司,C3D574001G-1,國產,LMB1068FZL3-C3,OM 470 LA.6-17,順益 FP74HDR45  10677c.c. A12 2D  曳引車,16800.0,0.0,順益 FP74HDR45 10677c.c. A12 2D,曳引車,國產,17.0,17.0,順益 FP74HDR45 10677c.c. A12 2D 曳引車
順益車輛工業股份有限公司,C3D574001G-1,國產,LMB1068FZL3-C3,OM 470 LA.6-12,順益 FU70HPK25  10677c.c. A12 2D  大貨車底盤,24600.0,0.0,順益 FU70HPK25 10677c.c. A12 2D,大貨車底盤,,0.0,0.0,順益 FU70HPK25 10677c.c. A12 2D 大貨車底盤
順益車輛工業股份有限公司,C3D574001G-1,國產,LMB1068FZL3-C3,OM 470 LA.6-12,順益 FU70HPK26  10677c.c. A12 2D  大貨車底盤,26000.0,0.0,順益 FU70HPK26 10677c.c. A12 2D,大貨車底盤,國產,2.0,2.0,順益 FU70HPK26 10677c.c. A12 2D 大貨車底盤
順益車輛工業股份有限公司,C3D574001G-1,國產,LMB1068FZL3-C3,OM 470 LA.6-17,順益 FU70HSK45  10677c.c. A12 2D  大貨車底盤,24600.0,0.0,順益 FU70HSK45 10677c.c. A12 2D,大貨車底盤,,0.0,0.0,順益 FU70HSK45 10677c.c. A12 2D 大貨車底盤
順益車輛工業股份有限公司,C3D574001G-1,國產,LMB1068FZL3-C3,OM 470 LA.6-17,順益 FU70HSK46  10677c.c. A12 2D  大貨車底盤,26000.0,0.0,順益 FU70HSK46 10677c.c. A12 2D,大貨車底盤,國產,4.0,4.0,順益 FU70HSK46 10677c.c. A12 2D 大貨車底盤
順益車輛工業股份有限公司,C3D574001G-3,國產,LMB1068FZL3-C3,OM 470 LA.6-17,順益 FU70HSK47  10677c.c. A12 2D  兼供曳引大貨車底盤,26000.0,0.0,順益 FU70HSK47 10677c.c. A12 2D,兼供曳引大貨車底盤,,0.0,0.0,順益 FU70HSK47 10677c.c. A12 2D 兼供曳引大貨車底盤
順益車輛工業股份有限公司,C3D574001G-1,國產,LMB1068FZL3-C3,OM 470 LA.6-12,順益 FV70HJD25  10677c.c. A12 2D  大貨車底盤,21500.0,0.0,順益 FV70HJD25 10677c.c. A12 2D,大貨車底盤,國產,2.0,2.0,順益 FV70HJD25 10677c.c. A12 2D 大貨車底盤
順益車輛工業股份有限公司,C3D574001G-1,國產,LMB1068FZL3-C3,OM 470 LA.6-17,順益 FV70HJR45  10677c.c. A12 2D  曳引車,23500.0,0.0,順益 FV70HJR45 10677c.c. A12 2D,曳引車,,0.0,0.0,順益 FV70HJR45 10677c.c. A12 2D 曳引車
順益車輛工業股份有限公司,C3D574001G-1,國產,LMB1068FZL3-C3,OM 470 LA.6-12,順益 FV70HPK25  10677c.c. A12 2D  大貨車底盤,24600.0,0.0,順益 FV70HPK25 10677c.c. A12 2D,大貨車底盤,,0.0,0.0,順益 FV70HPK25 10677c.c. A12 2D 大貨車底盤
順益車輛工業股份有限公司,C3D574001G-1,國產,LMB1068FZL3-C3,OM 470 LA.6-12,順益 FV70HPK26  10677c.c. A12 2D  大貨車底盤,26000.0,0.0,順益 FV70HPK26 10677c.c. A12 2D,大貨車底盤,,0.0,0.0,順益 FV70HPK26 10677c.c. A12 2D 大貨車底盤
順益車輛工業股份有限公司,C3D574001G-1,國產,LMB1068FZL3-C3,OM 470 LA.6-12,順益 FV70HSK25  10677c.c. A12 2D  大貨車底盤,24600.0,0.0,順益 FV70HSK25 10677c.c. A12 2D,大貨車底盤,,0.0,0.0,順益 FV70HSK25 10677c.c. A12 2D 大貨車底盤
順益車輛工業股份有限公司,C3D574001G-1,國產,LMB1068FZL3-C3,OM 470 LA.6-12,順益 FV70HSK26  10677c.c. A12 2D  大貨車底盤,26000.0,0.0,順益 FV70HSK26 10677c.c. A12 2D,大貨車底盤,國產,3.0,3.0,順益 FV70HSK26 10677c.c. A12 2D 大貨車底盤
三陽工業股份有限公司,C4D594001R-1,國產,OCE2776EFE0,F2.8EVIE150,三陽 QT500 QTcD01-A  2776c.c. M6 2D  大貨車底盤,5000.0,29.0,三陽 QT500 QTcD01-A 2776c.c. M6 2D,大貨車底盤,,0.0,29.0,三陽 QT500 QTcD01-A 2776c.c. M6 2D 大貨車底盤
三陽工業股份有限公司,C4D594001R-1,國產,OCE2776EFE0,F2.8EVIE150,三陽 QT500 QTcD01-B  2776c.c. M6 2D  大貨車底盤,5000.0,80.0,三陽 QT500 QTcD01-B 2776c.c. M6 2D,大貨車底盤,,0.0,80.0,三陽 QT500 QTcD01-B 2776c.c. M6 2D 大貨車底盤
三陽工業股份有限公司,C4D594001R-1,國產,OCE2776EFE0,F2.8EVIE150,三陽 QT500 QTcD01-C  2776c.c. A6 2D  大貨車底盤,5000.0,40.0,三陽 QT500 QTcD01-C 2776c.c. A6 2D,大貨車底盤,,0.0,40.0,三陽 QT500 QTcD01-C 2776c.c. A6 2D 大貨車底盤
三陽工業股份有限公司,C5D594001R-1,國產,OCE2776EFE0,F2.8EVIE150,三陽 QT500 QTcD01-D  2776c.c. A6 2D  大貨車底盤,5000.0,0.0,三陽 QT500 QTcD01-D 2776c.c. A6 2D,大貨車底盤,,0.0,0.0,三陽 QT500 QTcD01-D 2776c.c. A6 2D 大貨車底盤
中華汽車工業股份有限公司,C5D721001M-1,國產,JMF07.5FZS0-C4,6M60-CAT5,中華 FUSO FKLG1  7545c.c. M6 2D  大貨車底盤,11000.0,6.0,中華 FUSO FKLG1 7545c.c. M6 2D,大貨車底盤,,0.0,6.0,中華 FUSO FKLG1 7545c.c. M6 2D 大貨車底盤
中華汽車工業股份有限公司,C5D721001M-1,國產,JMF07.5FZS0-C4,6M60-CAT5,中華 FUSO FKLK1  7545c.c. M6 2D  大貨車底盤,11000.0,6.0,中華 FUSO FKLK1 7545c.c. M6 2D,大貨車底盤,,0.0,6.0,中華 FUSO FKLK1 7545c.c. M6 2D 大貨車底盤
中華汽車工業股份有限公司,C5D721001M-1,國產,JMF07.5FZS0-C4,6M60-CAT5,中華 FUSO FKMG1  7545c.c. M6 2D  大貨車底盤,13500.0,6.0,中華 FUSO FKMG1 7545c.c. M6 2D,大貨車底盤,,0.0,6.0,中華 FUSO FKMG1 7545c.c. M6 2D 大貨車底盤
中華汽車工業股份有限公司,C5D721001M-1,國產,JMF07.5FZS0-C4,6M60-CAT6,中華 FUSO FKSL9  7545c.c. M6 2D  大貨車底盤,18000.0,8.0,中華 FUSO FKSL9 7545c.c. M6 2D,大貨車底盤,,0.0,8.0,中華 FUSO FKSL9 7545c.c. M6 2D 大貨車底盤
中華汽車工業股份有限公司,C5D721001M-1,國產,JMF07.5FZS0-C4,6M60-CAT5,中華 FUSO FKLM1  7545c.c. M6 2D  大貨車底盤,11000.0,6.0,中華 FUSO FKLM1 7545c.c. M6 2D,大貨車底盤,,0.0,6.0,中華 FUSO FKLM1 7545c.c. M6 2D 大貨車底盤
中華汽車工業股份有限公司,C4D721003I-1,國產,OVE03.0FZS0,4P10-VAT4,中華 CANTER FLCC5  2998c.c. A6 2D  大貨車底盤,5000.0,44.0,中華 CANTER FLCC5 2998c.c. A6 2D,大貨車底盤,,0.0,44.0,中華 CANTER FLCC5 2998c.c. A6 2D 大貨車底盤
中華汽車工業股份有限公司,C4D721003I-1,國產,OVE03.0FZS0,4P10-VAT6,中華 CANTER FLJH7  2998c.c. A6 2D  大貨車底盤,8550.0,0.0,中華 CANTER FLJH7 2998c.c. A6 2D,大貨車底盤,,0.0,0.0,中華 CANTER FLJH7 2998c.c. A6 2D 大貨車底盤
中華汽車工業股份有限公司,C5D721002I-1,國產,OVE03.0FZS0,4P10-VAT4,中華 CANTER FLCBY  2998c.c. A6 2D  框式小貨車,5000.0,6.0,中華 CANTER FLCBY 2998c.c. A6 2D,框式小貨車,,0.0,6.0,中華 CANTER FLCBY 2998c.c. A6 2D 框式小貨車
中華汽車工業股份有限公司,C4D721003I-1,國產,OVE03.0FZS0,4P10-VAT4,中華 CANTER FLCBF  2998c.c. M5 2D  大貨車底盤,5000.0,0.0,中華 CANTER FLCBF 2998c.c. M5 2D,大貨車底盤,,0.0,0.0,中華 CANTER FLCBF 2998c.c. M5 2D 大貨車底盤
中華汽車工業股份有限公司,C4D721003I-2,國產,OVE03.0FZS0,4P10-VAT4,中華 CANTER FLCCY  2998c.c. A6 2D  框式小貨車,5000.0,109.0,中華 CANTER FLCCY 2998c.c. A6 2D,框式小貨車,,0.0,109.0,中華 CANTER FLCCY 2998c.c. A6 2D 框式小貨車
中華汽車工業股份有限公司,C5D721002I-1,國產,OVE03.0FZS0,4P10-VAT4,中華 CANTER FLCCF  2998c.c. M5 2D  大貨車底盤,5000.0,6.0,中華 CANTER FLCCF 2998c.c. M5 2D,大貨車底盤,,0.0,6.0,中華 CANTER FLCCF 2998c.c. M5 2D 大貨車底盤
中華汽車工業股份有限公司,C5D721002I-1,國產,OVE03.0FZS0,4P10-VAT4,中華 CANTER FLCEY  2998c.c. A6 2D  框式小貨車,5000.0,63.0,中華 CANTER FLCEY 2998c.c. A6 2D,框式小貨車,,0.0,63.0,中華 CANTER FLCEY 2998c.c. A6 2D 框式小貨車
中華汽車工業股份有限公司,C5D721002I-1,國產,OVE03.0FZS0,4P10-VAT4,中華 CANTER FLCE5  2998c.c. A6 2D  大貨車底盤,5000.0,32.0,中華 CANTER FLCE5 2998c.c. A6 2D,大貨車底盤,,0.0,32.0,中華 CANTER FLCE5 2998c.c. A6 2D 大貨車底盤
中華汽車工業股份有限公司,C5D721002I-1,國產,OVE03.0FZS0,4P10-VAT4,中華 CANTER FLCEX  2998c.c. M5 2D  框式小貨車,5000.0,2.0,中華 CANTER FLCEX 2998c.c. M5 2D,框式小貨車,,0.0,2.0,中華 CANTER FLCEX 2998c.c. M5 2D 框式小貨車
中華汽車工業股份有限公司,C4D721003I-1,國產,OVE03.0FZS0,4P10-VAT6,中華 CANTER FLJGH  2998c.c. M5 2D  大貨車底盤,8550.0,0.0,中華 CANTER FLJGH 2998c.c. M5 2D,大貨車底盤,,0.0,0.0,中華 CANTER FLJGH 2998c.c. M5 2D 大貨車底盤
健益汽車工業股份有限公司,C2D603001G-1,國產,JMB1067FZZ7-C2,OM 470 LA.6-8,賓士 2640L  10677c.c. A12 2D TURBO 大貨車底盤,27500.0,0.0,賓士 2640L 10677c.c. A12 2D TURBO,大貨車底盤,,0.0,0.0,賓士 2640L 10677c.c. A12 2D TURBO 大貨車底盤
健益汽車工業股份有限公司,C2D603001G-1,國產,JMB1067FZZ7-C2,OM 470 LA.6-8,賓士 2540L  10677c.c. A12 2D TURBO 大貨車底盤,28000.0,0.0,賓士 2540L 10677c.c. A12 2D TURBO,大貨車底盤,,0.0,0.0,賓士 2540L 10677c.c. A12 2D TURBO 大貨車底盤
健益汽車工業股份有限公司,C2D603001G-1,國產,JMB1067FZZ7-C2,OM 470 LA.6-8,賓士 1840LS  10677c.c. A12 2D TURBO 曳引車,20500.0,0.0,賓士 1840LS 10677c.c. A12 2D TURBO,曳引車,,0.0,0.0,賓士 1840LS 10677c.c. A12 2D TURBO 曳引車
健益汽車工業股份有限公司,C2D603001G-1,國產,JMB1067FZZ7-C2,OM 470 LA.6-6,賓士 1846LS  10677c.c. A12 2D TURBO 曳引車,20500.0,0.0,賓士 1846LS 10677c.c. A12 2D TURBO,曳引車,,0.0,0.0,賓士 1846LS 10677c.c. A12 2D TURBO 曳引車
健益汽車工業股份有限公司,C2D603002G-1,國產,JMB12.8FZY3-C2,OM 471 LA.6-9,賓士 2651L  12809c.c. A12 2D TURBO 大貨車底盤,26000.0,0.0,賓士 2651L 12809c.c. A12 2D TURBO,大貨車底盤,,0.0,0.0,賓士 2651L 12809c.c. A12 2D TURBO 大貨車底盤
健益汽車工業股份有限公司,C2D603002G-1,國產,JMB12.8FZY3-C2,OM 471 LA.6-13,賓士 2645L  12809c.c. A12 2D TURBO 大貨車底盤,26000.0,0.0,賓士 2645L 12809c.c. A12 2D TURBO,大貨車底盤,,0.0,0.0,賓士 2645L 12809c.c. A12 2D TURBO 大貨車底盤
健益汽車工業股份有限公司,C3D603003G-1,國產,JMB12.8FZY3-C3,OM 471 LA.6-9,賓士 2651L  12809c.c. A12 2D TURBO 大貨車底盤,26000.0,0.0,賓士 2651L 12809c.c. A12 2D TURBO,大貨車底盤,,0.0,0.0,賓士 2651L 12809c.c. A12 2D TURBO 大貨車底盤
健益汽車工業股份有限公司,C3D603003G-1,國產,JMB12.8FZY3-C3,OM 471 LA.6-8,賓士 2553LS  12809c.c. A12 2D TURBO 曳引車,26500.0,0.0,賓士 2553LS 12809c.c. A12 2D TURBO,曳引車,,0.0,0.0,賓士 2553LS 12809c.c. A12 2D TURBO 曳引車
健益汽車工業股份有限公司,C4D603002G-1,國產,JMB12.8FZY3-C4,OM 471 LA.6-8,賓士 2553LS  12809c.c. A12 2D TURBO 曳引車,26500.0,0.0,賓士 2553LS 12809c.c. A12 2D TURBO,曳引車,,0.0,0.0,賓士 2553LS 12809c.c. A12 2D TURBO 曳引車
健益汽車工業股份有限公司,C2D603004G-1,國產,MMB10.6FZEX,OM470LA.6GE-03,賓士 2640L  10677c.c. A12 2D TURBO 大貨車底盤,28000.0,0.0,賓士 2640L 10677c.c. A12 2D TURBO,大貨車底盤,,0.0,0.0,賓士 2640L 10677c.c. A12 2D TURBO 大貨車底盤
健益汽車工業股份有限公司,C2D603004G-1,國產,MMB10.6FZEX,OM470LA.6GE-03,賓士 2540L  10677c.c. A12 2D TURBO 大貨車底盤,28000.0,0.0,賓士 2540L 10677c.c. A12 2D TURBO,大貨車底盤,,0.0,0.0,賓士 2540L 10677c.c. A12 2D TURBO 大貨車底盤
健益汽車工業股份有限公司,C2D603004G-2,國產,MMB10.6FZEX,OM470LA.6GE-01,賓士 1846LS  10677c.c. A12 2D TURBO 曳引車,20500.0,0.0,賓士 1846LS 10677c.c. A12 2D TURBO,曳引車,,0.0,0.0,賓士 1846LS 10677c.c. A12 2D TURBO 曳引車
健益汽車工業股份有限公司,C2D603004G-1,國產,MMB10.6FZEX,OM470LA.6GE-01,賓士 2046S  10677c.c. A12 2D TURBO 曳引車,20500.0,0.0,賓士 2046S 10677c.c. A12 2D TURBO,曳引車,,0.0,0.0,賓士 2046S 10677c.c. A12 2D TURBO 曳引車
健益汽車工業股份有限公司,C2D603004G-1,國產,MMB10.6FZEX,OM470LA.6GE-03,賓士 1840LS  10677c.c. A12 2D TURBO 曳引車,20500.0,0.0,賓士 1840LS 10677c.c. A12 2D TURBO,曳引車,,0.0,0.0,賓士 1840LS 10677c.c. A12 2D TURBO 曳引車
健益汽車工業股份有限公司,C3D603001G-1,國產,MMB10.6FZEX-C3,OM470LA.6GE-03,賓士 2640L  10677c.c. A12 2D TURBO 大貨車底盤,28000.0,10.0,賓士 2640L 10677c.c. A12 2D TURBO,大貨車底盤,,0.0,10.0,賓士 2640L 10677c.c. A12 2D TURBO 大貨車底盤
健益汽車工業股份有限公司,C3D603001G-1,國產,MMB10.6FZEX-C3,OM470LA.6GE-03,賓士 1840LS  10677c.c. A12 2D TURBO 曳引車,20500.0,32.0,賓士 1840LS 10677c.c. A12 2D TURBO,曳引車,,0.0,32.0,賓士 1840LS 10677c.c. A12 2D TURBO 曳引車
健益汽車工業股份有限公司,C3D603001G-1,國產,MMB10.6FZEX-C3,OM470LA.6GE-01,賓士 1846LS  10677c.c. A12 2D TURBO 曳引車,20500.0,14.0,賓士 1846LS 10677c.c. A12 2D TURBO,曳引車,,0.0,14.0,賓士 1846LS 10677c.c. A12 2D TURBO 曳引車
健益汽車工業股份有限公司,C3D603001G-1,國產,MMB10.6FZEX-C3,OM470LA.6GE-03,賓士 2540L  10677c.c. A12 2D TURBO 大貨車底盤,28000.0,4.0,賓士 2540L 10677c.c. A12 2D TURBO,大貨車底盤,,0.0,4.0,賓士 2540L 10677c.c. A12 2D TURBO 大貨車底盤
健益汽車工業股份有限公司,C3D603001G-1,國產,MMB10.6FZEX-C3,OM470LA.6GE-01,賓士 2046S  10677c.c. A12 2D TURBO 曳引車,20500.0,7.0,賓士 2046S 10677c.c. A12 2D TURBO,曳引車,,0.0,7.0,賓士 2046S 10677c.c. A12 2D TURBO 曳引車
健益汽車工業股份有限公司,C4D603003G-1,國產,MMB10.6FZEX-C4,OM470LA.6GE-03,賓士 2540L  10677c.c. A12 2D TURBO 大貨車底盤,28000.0,7.0,賓士 2540L 10677c.c. A12 2D TURBO,大貨車底盤,,0.0,7.0,賓士 2540L 10677c.c. A12 2D TURBO 大貨車底盤
健益汽車工業股份有限公司,C4D603003G-1,國產,MMB10.6FZEX-C4,OM470LA.6GE-01,賓士 1846LS  10677c.c. A12 2D TURBO 曳引車,20500.0,11.0,賓士 1846LS 10677c.c. A12 2D TURBO,曳引車,,0.0,11.0,賓士 1846LS 10677c.c. A12 2D TURBO 曳引車
健益汽車工業股份有限公司,C4D603003G-1,國產,MMB10.6FZEX-C4,OM470LA.6GE-03,賓士 1840LS  10677c.c. A12 2D TURBO 曳引車,20500.0,4.0,賓士 1840LS 10677c.c. A12 2D TURBO,曳引車,,0.0,4.0,賓士 1840LS 10677c.c. A12 2D TURBO 曳引車
健益汽車工業股份有限公司,C4D603003G-1,國產,MMB10.6FZEX-C4,OM470LA.6GE-03,賓士 2640L  10677c.c. A12 2D TURBO 大貨車底盤,28000.0,1.0,賓士 2640L 10677c.c. A12 2D TURBO,大貨車底盤,,0.0,1.0,賓士 2640L 10677c.c. A12 2D TURBO 大貨車底盤
健益汽車工業股份有限公司,C4D603003G-1,國產,MMB10.6FZEX-C4,OM470LA.6GE-01,賓士 2046S  10677c.c. A12 2D TURBO 曳引車,20500.0,15.0,賓士 2046S 10677c.c. A12 2D TURBO,曳引車,,0.0,15.0,賓士 2046S 10677c.c. A12 2D TURBO 曳引車
健益汽車工業股份有限公司,C2D603003G-1,國產,MMB12.8FZE8,OM471LA.6GE-02,賓士 2651L  12809c.c. A12 2D TURBO 大貨車底盤,28000.0,0.0,賓士 2651L 12809c.c. A12 2D TURBO,大貨車底盤,,0.0,0.0,賓士 2651L 12809c.c. A12 2D TURBO 大貨車底盤
健益汽車工業股份有限公司,C2D603003G-1,國產,MMB12.8FZE8,OM471LA.6GE-06,賓士 2645L  12809c.c. A12 2D TURBO 大貨車底盤,28000.0,0.0,賓士 2645L 12809c.c. A12 2D TURBO,大貨車底盤,,0.0,0.0,賓士 2645L 12809c.c. A12 2D TURBO 大貨車底盤
健益汽車工業股份有限公司,C2D603003G-3,國產,MMB12.8FZE8,OM471LA.6GE-01,賓士 2553LS  12809c.c. A12 2D TURBO 曳引車,26500.0,0.0,賓士 2553LS 12809c.c. A12 2D TURBO,曳引車,,0.0,0.0,賓士 2553LS 12809c.c. A12 2D TURBO 曳引車
健益汽車工業股份有限公司,C3D603002G-1,國產,MMB12.8FZE8-C3,OM471LA.6GE-06,賓士 2545LS 6x2/2  12809c.c. A12 2D TURBO 曳引車,26500.0,0.0,賓士 2545LS 6x2/2 12809c.c. A12 2D TURBO,曳引車,,0.0,0.0,賓士 2545LS 6x2/2 12809c.c. A12 2D TURBO 曳引車
健益汽車工業股份有限公司,C3D603002G-1,國產,MMB12.8FZE8-C3,OM471LA.6GE-02,賓士 2651L  12809c.c. A12 2D TURBO 大貨車底盤,28000.0,0.0,賓士 2651L 12809c.c. A12 2D TURBO,大貨車底盤,,0.0,0.0,賓士 2651L 12809c.c. A12 2D TURBO 大貨車底盤
健益汽車工業股份有限公司,C3D603002G-1,國產,MMB12.8FZE8-C3,OM471LA.6GE-01,賓士 2553LS  12809c.c. A12 2D TURBO 曳引車,26500.0,0.0,賓士 2553LS 12809c.c. A12 2D TURBO,曳引車,,0.0,0.0,賓士 2553LS 12809c.c. A12 2D TURBO 曳引車
健益汽車工業股份有限公司,C3D603002G-1,國產,MMB12.8FZE8-C3,OM471LA.6GE-06,賓士 2545LS  12809c.c. A12 2D TURBO 曳引車,26500.0,0.0,賓士 2545LS 12809c.c. A12 2D TURBO,曳引車,,0.0,0.0,賓士 2545LS 12809c.c. A12 2D TURBO 曳引車
健益汽車工業股份有限公司,C3D603002G-1,國產,MMB12.8FZE8-C3,OM471LA.6GE-06,賓士 2645L  12809c.c. A12 2D TURBO 大貨車底盤,28000.0,0.0,賓士 2645L 12809c.c. A12 2D TURBO,大貨車底盤,,0.0,0.0,賓士 2645L 12809c.c. A12 2D TURBO 大貨車底盤
健益汽車工業股份有限公司,C3D603002G-1,國產,MMB12.8FZE8-C3,OM471LA.6GE-01,賓士 2653LS  12809c.c. A12 2D TURBO 曳引車,27500.0,2.0,賓士 2653LS 12809c.c. A12 2D TURBO,曳引車,,0.0,2.0,賓士 2653LS 12809c.c. A12 2D TURBO 曳引車
健益汽車工業股份有限公司,C4D603004G-1,國產,MMB12.8FZE8-C4,OM471LA.6GE-01,賓士 2553LS  12809c.c. A12 2D TURBO 曳引車,26500.0,2.0,賓士 2553LS 12809c.c. A12 2D TURBO,曳引車,,0.0,2.0,賓士 2553LS 12809c.c. A12 2D TURBO 曳引車
健益汽車工業股份有限公司,C4D603004G-1,國產,MMB12.8FZE8-C4,OM471LA.6GE-01,賓士 2653LS  12809c.c. A12 2D TURBO 曳引車,27500.0,9.0,賓士 2653LS 12809c.c. A12 2D TURBO,曳引車,,0.0,9.0,賓士 2653LS 12809c.c. A12 2D TURBO 曳引車
健益汽車工業股份有限公司,C4D603004G-1,國產,MMB12.8FZE8-C4,OM471LA.6GE-06,賓士 2545LS 6x2/2  12809c.c. A12 2D TURBO 曳引車,26500.0,3.0,賓士 2545LS 6x2/2 12809c.c. A12 2D TURBO,曳引車,,0.0,3.0,賓士 2545LS 6x2/2 12809c.c. A12 2D TURBO 曳引車
健益汽車工業股份有限公司,C4D603004G-1,國產,MMB12.8FZE8-C4,OM471LA.6GE-06,賓士 2545LS  12809c.c. A12 2D TURBO 曳引車,26500.0,2.0,賓士 2545LS 12809c.c. A12 2D TURBO,曳引車,,0.0,2.0,賓士 2545LS 12809c.c. A12 2D TURBO 曳引車
健益汽車工業股份有限公司,C4D603004G-1,國產,MMB12.8FZE8-C4,OM471LA.6GE-02,賓士 2651L  12809c.c. A12 2D TURBO 大貨車底盤,28000.0,7.0,賓士 2651L 12809c.c. A12 2D TURBO,大貨車底盤,,0.0,7.0,賓士 2651L 12809c.c. A12 2D TURBO 大貨車底盤
健益汽車工業股份有限公司,C4D603004G-1,國產,MMB12.8FZE8-C4,OM471LA.6GE-06,賓士 2645L  12809c.c. A12 2D TURBO 大貨車底盤,28000.0,0.0,賓士 2645L 12809c.c. A12 2D TURBO,大貨車底盤,,0.0,0.0,賓士 2645L 12809c.c. A12 2D TURBO 大貨車底盤
健益汽車工業股份有限公司,C4D603004G-1,國產,MMB12.8FZE8-C4,OM471LA.6GE-01,賓士 2553LS 6x2/2  12809c.c. A12 2D TURBO 曳引車,26500.0,1.0,賓士 2553LS 6x2/2 12809c.c. A12 2D TURBO,曳引車,,0.0,1.0,賓士 2553LS 6x2/2 12809c.c. A12 2D TURBO 曳引車
健益汽車工業股份有限公司,C3D603004G-1,國產,NMB12.8FZM6,OM471LA.6GE-14,賓士 2545LS  12809c.c. A12 2D TURBO 曳引車,26500.0,5.0,賓士 2545LS 12809c.c. A12 2D TURBO,曳引車,,0.0,5.0,賓士 2545LS 12809c.c. A12 2D TURBO 曳引車
健益汽車工業股份有限公司,C3D603004G-1,國產,NMB12.8FZM6,OM471LA.6GE-14,賓士 2545LS 6x2/2  12809c.c. A12 2D TURBO 曳引車,26500.0,4.0,賓士 2545LS 6x2/2 12809c.c. A12 2D TURBO,曳引車,,0.0,4.0,賓士 2545LS 6x2/2 12809c.c. A12 2D TURBO 曳引車
健益汽車工業股份有限公司,C3D603004G-1,國產,NMB12.8FZM6,OM471LA.6GE-10,賓士 2651L  12809c.c. A12 2D TURBO 大貨車底盤,28000.0,13.0,賓士 2651L 12809c.c. A12 2D TURBO,大貨車底盤,,0.0,13.0,賓士 2651L 12809c.c. A12 2D TURBO 大貨車底盤
健益汽車工業股份有限公司,C3D603004G-1,國產,NMB12.8FZM6,OM471LA.6GE-28,賓士 2645L  12809c.c. A12 2D TURBO 大貨車底盤,28000.0,11.0,賓士 2645L 12809c.c. A12 2D TURBO,大貨車底盤,,0.0,11.0,賓士 2645L 12809c.c. A12 2D TURBO 大貨車底盤
健益汽車工業股份有限公司,C3D603004G-1,國產,NMB12.8FZM6,OM471LA.6GE-09,賓士 2553LS  12809c.c. A12 2D TURBO 曳引車,26500.0,1.0,賓士 2553LS 12809c.c. A12 2D TURBO,曳引車,,0.0,1.0,賓士 2553LS 12809c.c. A12 2D TURBO 曳引車
健益汽車工業股份有限公司,C3D603004G-1,國產,NMB12.8FZM6,OM471LA.6GE-09,賓士 2553LS 6x2/2  12809c.c. A12 2D TURBO 曳引車,26500.0,0.0,賓士 2553LS 6x2/2 12809c.c. A12 2D TURBO,曳引車,,0.0,0.0,賓士 2553LS 6x2/2 12809c.c. A12 2D TURBO 曳引車
健益汽車工業股份有限公司,C4D603001G-1,國產,NMB12.8FZM6-C4,OM471LA.6GE-28,賓士 2645L  12809c.c. A12 2D TURBO 大貨車底盤,28000.0,0.0,賓士 2645L 12809c.c. A12 2D TURBO,大貨車底盤,,0.0,0.0,賓士 2645L 12809c.c. A12 2D TURBO 大貨車底盤
健益汽車工業股份有限公司,C4D603001G-1,國產,NMB12.8FZM6-C4,OM471LA.6GE-09,賓士 2553LS 6x2/2  12809c.c. A12 2D TURBO 曳引車,26500.0,0.0,賓士 2553LS 6x2/2 12809c.c. A12 2D TURBO,曳引車,,0.0,0.0,賓士 2553LS 6x2/2 12809c.c. A12 2D TURBO 曳引車
健益汽車工業股份有限公司,C4D603001G-1,國產,NMB12.8FZM6-C4,OM471LA.6GE-14,賓士 2545LS 6x2/2  12809c.c. A12 2D TURBO 曳引車,26500.0,1.0,賓士 2545LS 6x2/2 12809c.c. A12 2D TURBO,曳引車,,0.0,1.0,賓士 2545LS 6x2/2 12809c.c. A12 2D TURBO 曳引車
健益汽車工業股份有限公司,C4D603001G-1,國產,NMB12.8FZM6-C4,OM471LA.6GE-09,賓士 2553LS  12809c.c. A12 2D TURBO 曳引車,26500.0,0.0,賓士 2553LS 12809c.c. A12 2D TURBO,曳引車,,0.0,0.0,賓士 2553LS 12809c.c. A12 2D TURBO 曳引車
健益汽車工業股份有限公司,C4D603001G-1,國產,NMB12.8FZM6-C4,OM471LA.6GE-10,賓士 2651L  12809c.c. A12 2D TURBO 大貨車底盤,28000.0,0.0,賓士 2651L 12809c.c. A12 2D TURBO,大貨車底盤,,0.0,0.0,賓士 2651L 12809c.c. A12 2D TURBO 大貨車底盤
健益汽車工業股份有限公司,C4D603001G-1,國產,NMB12.8FZM6-C4,OM471LA.6GE-14,賓士 2545LS  12809c.c. A12 2D TURBO 曳引車,26500.0,0.0,賓士 2545LS 12809c.c. A12 2D TURBO,曳引車,,0.0,0.0,賓士 2545LS 12809c.c. A12 2D TURBO 曳引車
台北合眾汽車有限公司,C5D647001H-1,進口,JSZ03.0FZA6-C4,4JJ1E6N-C,ISUZU NPR85FMJ6  2999c.c. M6 2D  大貨車底盤,7500.0,0.0,ISUZU NPR85FMJ6 2999c.c. M6 2D,大貨車底盤,,0.0,0.0,ISUZU NPR85FMJ6 2999c.c. M6 2D 大貨車底盤
台北合眾汽車有限公司,C5D647001H-1,進口,JSZ03.0FZA6-C4,4JJ1E6N-C,ISUZU NPR85KAJ6  2999c.c. A6 2D  大貨車底盤,7500.0,0.0,ISUZU NPR85KAJ6 2999c.c. A6 2D,大貨車底盤,,0.0,0.0,ISUZU NPR85KAJ6 2999c.c. A6 2D 大貨車底盤
台北合眾汽車有限公司,C5D647001H-1,進口,JSZ03.0FZA6-C4,4JJ1E6N-C,ISUZU NLR85HAJ6  2999c.c. A5 2D  貨車底盤,5000.0,0.0,ISUZU NLR85HAJ6 2999c.c. A5 2D,貨車底盤,,0.0,0.0,ISUZU NLR85HAJ6 2999c.c. A5 2D 貨車底盤
台北合眾汽車有限公司,C4D647002H-1,進口,JSZ03.0FZA6-C4,4JJ1E6N-C,ISUZU NPR85KAJ6  2999c.c. A6 2D  大貨車底盤,7500.0,1.0,ISUZU NPR85KAJ6 2999c.c. A6 2D,大貨車底盤,,0.0,1.0,ISUZU NPR85KAJ6 2999c.c. A6 2D 大貨車底盤
台北合眾汽車有限公司,C5D647001H-1,進口,JSZ03.0FZA6-C4,4JJ1E6N-C,ISUZU NLR85FMJ6  2999c.c. M5 2D  貨車底盤,5000.0,0.0,ISUZU NLR85FMJ6 2999c.c. M5 2D,貨車底盤,,0.0,0.0,ISUZU NLR85FMJ6 2999c.c. M5 2D 貨車底盤
台北合眾汽車有限公司,C4D647002H-1,進口,JSZ03.0FZA6-C4,4JJ1E6N-C,ISUZU NPR85KMJ6  2999c.c. M6 2D  大貨車底盤,7500.0,0.0,ISUZU NPR85KMJ6 2999c.c. M6 2D,大貨車底盤,,0.0,0.0,ISUZU NPR85KMJ6 2999c.c. M6 2D 大貨車底盤
台北合眾汽車有限公司,C5D647001H-1,進口,JSZ03.0FZA6-C4,4JJ1E6N-C,ISUZU NMR85FAJ6  2999c.c. A6 2D  大貨車底盤,6500.0,0.0,ISUZU NMR85FAJ6 2999c.c. A6 2D,大貨車底盤,,0.0,0.0,ISUZU NMR85FAJ6 2999c.c. A6 2D 大貨車底盤
台北合眾汽車有限公司,C5D647001H-1,進口,JSZ03.0FZA6-C4,4JJ1E6N-C,ISUZU NPR85HAJ6  2999c.c. A6 2D  大貨車底盤,7500.0,0.0,ISUZU NPR85HAJ6 2999c.c. A6 2D,大貨車底盤,,0.0,0.0,ISUZU NPR85HAJ6 2999c.c. A6 2D 大貨車底盤
台北合眾汽車有限公司,C4D647002H-1,進口,JSZ03.0FZA6-C4,4JJ1E6N-C,ISUZU NPR85FMJ6  2999c.c. M6 2D  大貨車底盤,7500.0,9.0,ISUZU NPR85FMJ6 2999c.c. M6 2D,大貨車底盤,,0.0,9.0,ISUZU NPR85FMJ6 2999c.c. M6 2D 大貨車底盤
台北合眾汽車有限公司,C4D647002H-1,進口,JSZ03.0FZA6-C4,4JJ1E6N-C,ISUZU NLR85FMJ6  2999c.c. M5 2D  貨車底盤,5000.0,309.0,ISUZU NLR85FMJ6 2999c.c. M5 2D,貨車底盤,,0.0,309.0,ISUZU NLR85FMJ6 2999c.c. M5 2D 貨車底盤
台北合眾汽車有限公司,C4D647002H-1,進口,JSZ03.0FZA6-C4,4JJ1E6N-C,ISUZU NMR85HMJ6  2999c.c. M5 2D  大貨車底盤,6500.0,55.0,ISUZU NMR85HMJ6 2999c.c. M5 2D,大貨車底盤,,0.0,55.0,ISUZU NMR85HMJ6 2999c.c. M5 2D 大貨車底盤
台北合眾汽車有限公司,C5D647001H-1,進口,JSZ03.0FZA6-C4,4JJ1E6N-C,ISUZU NPR85KMJ6  2999c.c. M6 2D  大貨車底盤,7500.0,0.0,ISUZU NPR85KMJ6 2999c.c. M6 2D,大貨車底盤,,0.0,0.0,ISUZU NPR85KMJ6 2999c.c. M6 2D 大貨車底盤
台北合眾汽車有限公司,C5D647001H-1,進口,JSZ03.0FZA6-C4,4JJ1E6N-C,ISUZU NMR85HAJ6  2999c.c. A6 2D  大貨車底盤,6500.0,0.0,ISUZU NMR85HAJ6 2999c.c. A6 2D,大貨車底盤,,0.0,0.0,ISUZU NMR85HAJ6 2999c.c. A6 2D 大貨車底盤
台北合眾汽車有限公司,C5D647001H-1,進口,JSZ03.0FZA6-C4,4JJ1E6N-C,ISUZU NLR85HMJ6  2999c.c. M5 2D  貨車底盤,5000.0,0.0,ISUZU NLR85HMJ6 2999c.c. M5 2D,貨車底盤,,0.0,0.0,ISUZU NLR85HMJ6 2999c.c. M5 2D 貨車底盤
台北合眾汽車有限公司,C4D647002H-1,進口,JSZ03.0FZA6-C4,4JJ1E6N-C,ISUZU NPR85FAJ6  2999c.c. A6 2D  大貨車底盤,7500.0,0.0,ISUZU NPR85FAJ6 2999c.c. A6 2D,大貨車底盤,,0.0,0.0,ISUZU NPR85FAJ6 2999c.c. A6 2D 大貨車底盤
台北合眾汽車有限公司,C5D647001H-1,進口,JSZ03.0FZA6-C4,4JJ1E6N-C,ISUZU NPR85FAJ6  2999c.c. A6 2D  大貨車底盤,7500.0,0.0,ISUZU NPR85FAJ6 2999c.c. A6 2D,大貨車底盤,,0.0,0.0,ISUZU NPR85FAJ6 2999c.c. A6 2D 大貨車底盤
台北合眾汽車有限公司,C5D647001H-1,進口,JSZ03.0FZA6-C4,4JJ1E6N-C,ISUZU NMR85HMJ6  2999c.c. M5 2D  大貨車底盤,6500.0,0.0,ISUZU NMR85HMJ6 2999c.c. M5 2D,大貨車底盤,,0.0,0.0,ISUZU NMR85HMJ6 2999c.c. M5 2D 大貨車底盤
台北合眾汽車有限公司,C5D647001H-1,進口,JSZ03.0FZA6-C4,4JJ1E6N-C,ISUZU NMR85FMJ6  2999c.c. M5 2D  大貨車底盤,6500.0,0.0,ISUZU NMR85FMJ6 2999c.c. M5 2D,大貨車底盤,,0.0,0.0,ISUZU NMR85FMJ6 2999c.c. M5 2D 大貨車底盤
台北合眾汽車有限公司,C5D647001H-1,進口,JSZ03.0FZA6-C4,4JJ1E6N-C,ISUZU NPR85HMJ6  2999c.c. M6 2D  大貨車底盤,7500.0,0.0,ISUZU NPR85HMJ6 2999c.c. M6 2D,大貨車底盤,,0.0,0.0,ISUZU NPR85HMJ6 2999c.c. M6 2D 大貨車底盤
台北合眾汽車有限公司,C4D647002H-1,進口,JSZ03.0FZA6-C4,4JJ1E6N-C,ISUZU NMR85FAJ6  2999c.c. A6 2D  大貨車底盤,6500.0,2.0,ISUZU NMR85FAJ6 2999c.c. A6 2D,大貨車底盤,,0.0,2.0,ISUZU NMR85FAJ6 2999c.c. A6 2D 大貨車底盤
台北合眾汽車有限公司,C4D647002H-1,進口,JSZ03.0FZA6-C4,4JJ1E6N-C,ISUZU NMR85FMJ6  2999c.c. M5 2D  大貨車底盤,6500.0,2.0,ISUZU NMR85FMJ6 2999c.c. M5 2D,大貨車底盤,,0.0,2.0,ISUZU NMR85FMJ6 2999c.c. M5 2D 大貨車底盤
台北合眾汽車有限公司,C4D647002H-1,進口,JSZ03.0FZA6-C4,4JJ1E6N-C,ISUZU NPR85HAJ6  2999c.c. A6 2D  大貨車底盤,7500.0,0.0,ISUZU NPR85HAJ6 2999c.c. A6 2D,大貨車底盤,,0.0,0.0,ISUZU NPR85HAJ6 2999c.c. A6 2D 大貨車底盤
台北合眾汽車有限公司,C4D647002H-1,進口,JSZ03.0FZA6-C4,4JJ1E6N-C,ISUZU NLR85HMJ6  2999c.c. M5 2D  貨車底盤,5000.0,573.0,ISUZU NLR85HMJ6 2999c.c. M5 2D,貨車底盤,,0.0,573.0,ISUZU NLR85HMJ6 2999c.c. M5 2D 貨車底盤
台北合眾汽車有限公司,C4D647002H-1,進口,JSZ03.0FZA6-C4,4JJ1E6N-C,ISUZU NMR85HAJ6  2999c.c. A6 2D  大貨車底盤,6500.0,36.0,ISUZU NMR85HAJ6 2999c.c. A6 2D,大貨車底盤,,0.0,36.0,ISUZU NMR85HAJ6 2999c.c. A6 2D 大貨車底盤
台北合眾汽車有限公司,C4D647002H-1,進口,JSZ03.0FZA6-C4,4JJ1E6N-C,ISUZU NPR85HMJ6  2999c.c. M6 2D  大貨車底盤,7500.0,0.0,ISUZU NPR85HMJ6 2999c.c. M6 2D,大貨車底盤,,0.0,0.0,ISUZU NPR85HMJ6 2999c.c. M6 2D 大貨車底盤
台北合眾汽車有限公司,C4D647002H-1,進口,JSZ03.0FZA6-C4,4JJ1E6N-C,ISUZU NLR85HAJ6  2999c.c. A5 2D  貨車底盤,5000.0,446.0,ISUZU NLR85HAJ6 2999c.c. A5 2D,貨車底盤,,0.0,446.0,ISUZU NLR85HAJ6 2999c.c. A5 2D 貨車底盤
台北合眾汽車有限公司,C4D647002H-1,進口,JSZ03.0FZA6-C4,4JJ1E6N-C,ISUZU NLR85FAJ6  2999c.c. A5 2D  貨車底盤,5000.0,442.0,ISUZU NLR85FAJ6 2999c.c. A5 2D,貨車底盤,,0.0,442.0,ISUZU NLR85FAJ6 2999c.c. A5 2D 貨車底盤
台北合眾汽車有限公司,C5D647001H-1,進口,JSZ03.0FZA6-C4,4JJ1E6N-C,ISUZU NLR85FAJ6  2999c.c. A5 2D  貨車底盤,5000.0,0.0,ISUZU NLR85FAJ6 2999c.c. A5 2D,貨車底盤,,0.0,0.0,ISUZU NLR85FAJ6 2999c.c. A5 2D 貨車底盤
台北合眾汽車有限公司,C5D647002H-1,進口,JSZ05.2FZA4-C4,4HK1E6C-C,ISUZU NPR75HMJ6  5193c.c. M6 2D  大貨車底盤,7500.0,0.0,ISUZU NPR75HMJ6 5193c.c. M6 2D,大貨車底盤,,0.0,0.0,ISUZU NPR75HMJ6 5193c.c. M6 2D 大貨車底盤
台北合眾汽車有限公司,C5D647002H-1,進口,JSZ05.2FZA4-C4,4HK1E6C-C,ISUZU NPR75FMJ6  5193c.c. M6 2D  大貨車底盤,7500.0,0.0,ISUZU NPR75FMJ6 5193c.c. M6 2D,大貨車底盤,,0.0,0.0,ISUZU NPR75FMJ6 5193c.c. M6 2D 大貨車底盤
台北合眾汽車有限公司,C5D647002H-1,進口,JSZ05.2FZA4-C4,4HK1E6C-C,ISUZU NPR75KMJ6  5193c.c. M6 2D  大貨車底盤,7500.0,0.0,ISUZU NPR75KMJ6 5193c.c. M6 2D,大貨車底盤,,0.0,0.0,ISUZU NPR75KMJ6 5193c.c. M6 2D 大貨車底盤
台北合眾汽車有限公司,C5D647002H-1,進口,JSZ05.2FZA4-C4,4HK1E6C-C,ISUZU NQR90LAJ6  5193c.c. A6 2D  大貨車底盤,9500.0,0.0,ISUZU NQR90LAJ6 5193c.c. A6 2D,大貨車底盤,,0.0,0.0,ISUZU NQR90LAJ6 5193c.c. A6 2D 大貨車底盤
台北合眾汽車有限公司,C5D647002H-1,進口,JSZ05.2FZA4-C4,4HK1E6C-C,ISUZU NPR75KAL6  5193c.c. A6 4D  大貨車底盤,7500.0,0.0,ISUZU NPR75KAL6 5193c.c. A6 4D,大貨車底盤,,0.0,0.0,ISUZU NPR75KAL6 5193c.c. A6 4D 大貨車底盤
台北合眾汽車有限公司,C4D647001H-1,進口,JSZ05.2FZA4-C4,4HK1E6H-C,ISUZU FVR90LA6  5193c.c. A6 2D  大貨車底盤,15000.0,64.0,ISUZU FVR90LA6 5193c.c. A6 2D,大貨車底盤,,0.0,64.0,ISUZU FVR90LA6 5193c.c. A6 2D 大貨車底盤
台北合眾汽車有限公司,C5D647002H-1,進口,JSZ05.2FZA4-C4,4HK1E6C-C,ISUZU NQR90LMJ6  5193c.c. M6 2D  大貨車底盤,9500.0,0.0,ISUZU NQR90LMJ6 5193c.c. M6 2D,大貨車底盤,,0.0,0.0,ISUZU NQR90LMJ6 5193c.c. M6 2D 大貨車底盤
台北合眾汽車有限公司,C5D647002H-1,進口,JSZ05.2FZA4-C4,4HK1E6C-C,ISUZU NPR75HAJ6  5193c.c. A6 2D  大貨車底盤,7500.0,0.0,ISUZU NPR75HAJ6 5193c.c. A6 2D,大貨車底盤,,0.0,0.0,ISUZU NPR75HAJ6 5193c.c. A6 2D 大貨車底盤
台北合眾汽車有限公司,C4D647001H-1,進口,JSZ05.2FZA4-C4,4HK1E6C-C,ISUZU NQR90LMJ6  5193c.c. M6 2D  大貨車底盤,9500.0,7.0,ISUZU NQR90LMJ6 5193c.c. M6 2D,大貨車底盤,,0.0,7.0,ISUZU NQR90LMJ6 5193c.c. M6 2D 大貨車底盤
台北合眾汽車有限公司,C5D647002H-1,進口,JSZ05.2FZA4-C4,4HK1E6C-C,ISUZU NPR75FAJ6  5193c.c. A6 2D  大貨車底盤,7500.0,0.0,ISUZU NPR75FAJ6 5193c.c. A6 2D,大貨車底盤,,0.0,0.0,ISUZU NPR75FAJ6 5193c.c. A6 2D 大貨車底盤
台北合眾汽車有限公司,C4D647001H-1,進口,JSZ05.2FZA4-C4,4HK1E6C-C,ISUZU NQR90LAJ6  5193c.c. A6 2D  大貨車底盤,9500.0,2.0,ISUZU NQR90LAJ6 5193c.c. A6 2D,大貨車底盤,,0.0,2.0,ISUZU NQR90LAJ6 5193c.c. A6 2D 大貨車底盤
台北合眾汽車有限公司,C4D647001H-1,進口,JSZ05.2FZA4-C4,4HK1E6C-C,ISUZU NPR75KAL6  5193c.c. A6 4D  大貨車底盤,7500.0,1.0,ISUZU NPR75KAL6 5193c.c. A6 4D,大貨車底盤,,0.0,1.0,ISUZU NPR75KAL6 5193c.c. A6 4D 大貨車底盤
台北合眾汽車有限公司,C4D647001H-1,進口,JSZ05.2FZA4-C4,4HK1E6C-C,ISUZU NPR75HMJ6  5193c.c. M6 2D  大貨車底盤,7500.0,12.0,ISUZU NPR75HMJ6 5193c.c. M6 2D,大貨車底盤,,0.0,12.0,ISUZU NPR75HMJ6 5193c.c. M6 2D 大貨車底盤
台北合眾汽車有限公司,C5D647002H-1,進口,JSZ05.2FZA4-C4,4HK1E6C-C,ISUZU NQR90KAJ6  5193c.c. A6 2D  大貨車底盤,9500.0,0.0,ISUZU NQR90KAJ6 5193c.c. A6 2D,大貨車底盤,,0.0,0.0,ISUZU NQR90KAJ6 5193c.c. A6 2D 大貨車底盤
台北合眾汽車有限公司,C4D647001H-1,進口,JSZ05.2FZA4-C4,4HK1E6C-C,ISUZU NPR75HAJ6  5193c.c. A6 2D  大貨車底盤,7500.0,15.0,ISUZU NPR75HAJ6 5193c.c. A6 2D,大貨車底盤,,0.0,15.0,ISUZU NPR75HAJ6 5193c.c. A6 2D 大貨車底盤
台北合眾汽車有限公司,C5D647002H-1,進口,JSZ05.2FZA4-C4,4HK1E6H-C,ISUZU FVR90LA6  5193c.c. A6 2D  大貨車底盤,15000.0,0.0,ISUZU FVR90LA6 5193c.c. A6 2D,大貨車底盤,,0.0,0.0,ISUZU FVR90LA6 5193c.c. A6 2D 大貨車底盤
台北合眾汽車有限公司,C4D647001H-1,進口,JSZ05.2FZA4-C4,4HK1E6C-C,ISUZU NQR90KAJ6  5193c.c. A6 2D  大貨車底盤,9500.0,10.0,ISUZU NQR90KAJ6 5193c.c. A6 2D,大貨車底盤,,0.0,10.0,ISUZU NQR90KAJ6 5193c.c. A6 2D 大貨車底盤
台北合眾汽車有限公司,C4D647001H-1,進口,JSZ05.2FZA4-C4,4HK1E6C-C,ISUZU NPR75FMJ6  5193c.c. M6 2D  大貨車底盤,7500.0,4.0,ISUZU NPR75FMJ6 5193c.c. M6 2D,大貨車底盤,,0.0,4.0,ISUZU NPR75FMJ6 5193c.c. M6 2D 大貨車底盤
台北合眾汽車有限公司,C5D647002H-1,進口,JSZ05.2FZA4-C4,4HK1E6C-C,ISUZU NPR75KAJ6  5193c.c. A6 2D  大貨車底盤,7500.0,0.0,ISUZU NPR75KAJ6 5193c.c. A6 2D,大貨車底盤,,0.0,0.0,ISUZU NPR75KAJ6 5193c.c. A6 2D 大貨車底盤
台北合眾汽車有限公司,C5D647002H-1,進口,JSZ05.2FZA4-C4,4HK1E6C-C,ISUZU NPR75KML6  5193c.c. M6 4D  大貨車底盤,7500.0,0.0,ISUZU NPR75KML6 5193c.c. M6 4D,大貨車底盤,,0.0,0.0,ISUZU NPR75KML6 5193c.c. M6 4D 大貨車底盤
台北合眾汽車有限公司,C4D647001H-1,進口,JSZ05.2FZA4-C4,4HK1E6C-C,ISUZU NPR75KML6  5193c.c. M6 4D  大貨車底盤,7500.0,0.0,ISUZU NPR75KML6 5193c.c. M6 4D,大貨車底盤,,0.0,0.0,ISUZU NPR75KML6 5193c.c. M6 4D 大貨車底盤
台北合眾汽車有限公司,C4D647001H-1,進口,JSZ05.2FZA4-C4,4HK1E6C-C,ISUZU NQR90KMJ6  5193c.c. M6 2D  大貨車底盤,9500.0,23.0,ISUZU NQR90KMJ6 5193c.c. M6 2D,大貨車底盤,,0.0,23.0,ISUZU NQR90KMJ6 5193c.c. M6 2D 大貨車底盤
台北合眾汽車有限公司,C4D647001H-1,進口,JSZ05.2FZA4-C4,4HK1E6C-C,ISUZU NPR75KAJ6  5193c.c. A6 2D  大貨車底盤,7500.0,86.0,ISUZU NPR75KAJ6 5193c.c. A6 2D,大貨車底盤,,0.0,86.0,ISUZU NPR75KAJ6 5193c.c. A6 2D 大貨車底盤
台北合眾汽車有限公司,C4D647001H-1,進口,JSZ05.2FZA4-C4,4HK1E6C-C,ISUZU NPR75KMJ6  5193c.c. M6 2D  大貨車底盤,7500.0,81.0,ISUZU NPR75KMJ6 5193c.c. M6 2D,大貨車底盤,,0.0,81.0,ISUZU NPR75KMJ6 5193c.c. M6 2D 大貨車底盤
台北合眾汽車有限公司,C4D647001H-1,進口,JSZ05.2FZA4-C4,4HK1E6C-C,ISUZU NPR75FAJ6  5193c.c. A6 2D  大貨車底盤,7500.0,32.0,ISUZU NPR75FAJ6 5193c.c. A6 2D,大貨車底盤,,0.0,32.0,ISUZU NPR75FAJ6 5193c.c. A6 2D 大貨車底盤
台北合眾汽車有限公司,C5D647002H-1,進口,JSZ05.2FZA4-C4,4HK1E6C-C,ISUZU NQR90KMJ6  5193c.c. M6 2D  大貨車底盤,9500.0,0.0,ISUZU NQR90KMJ6 5193c.c. M6 2D,大貨車底盤,,0.0,0.0,ISUZU NQR90KMJ6 5193c.c. M6 2D 大貨車底盤
台中眾鈴汽車股份有限公司,C5D658001H-1,國產,JSZ03.0FZA6-C4,4JJ1E6N-C,五十鈴 NPR85KMD6  2999c.c. M6 2D  大貨車底盤,7500.0,0.0,五十鈴 NPR85KMD6 2999c.c. M6 2D,大貨車底盤,,0.0,0.0,五十鈴 NPR85KMD6 2999c.c. M6 2D 大貨車底盤
台中眾鈴汽車股份有限公司,C4D658003H-1,國產,JSZ03.0FZA6-C4,4JJ1E6N-C,五十鈴 NPR85KAD6  2999c.c. A6 2D  大貨車底盤,7500.0,0.0,五十鈴 NPR85KAD6 2999c.c. A6 2D,大貨車底盤,,0.0,0.0,五十鈴 NPR85KAD6 2999c.c. A6 2D 大貨車底盤
台中眾鈴汽車股份有限公司,C4D658003H-1,國產,JSZ03.0FZA6-C4,4JJ1E6N-C,五十鈴 NLR85HMD6  2999c.c. M5 2D  貨車底盤,5000.0,0.0,五十鈴 NLR85HMD6 2999c.c. M5 2D,貨車底盤,,0.0,0.0,五十鈴 NLR85HMD6 2999c.c. M5 2D 貨車底盤
台中眾鈴汽車股份有限公司,C5D658001H-1,國產,JSZ03.0FZA6-C4,4JJ1E6N-C,五十鈴 NPR85HMD6  2999c.c. M6 2D  大貨車底盤,7500.0,0.0,五十鈴 NPR85HMD6 2999c.c. M6 2D,大貨車底盤,,0.0,0.0,五十鈴 NPR85HMD6 2999c.c. M6 2D 大貨車底盤
台中眾鈴汽車股份有限公司,C5D658001H-1,國產,JSZ03.0FZA6-C4,4JJ1E6N-C,五十鈴 NMR85HMD6  2999c.c. M5 2D  大貨車底盤,6500.0,0.0,五十鈴 NMR85HMD6 2999c.c. M5 2D,大貨車底盤,,0.0,0.0,五十鈴 NMR85HMD6 2999c.c. M5 2D 大貨車底盤
台中眾鈴汽車股份有限公司,C5D658001H-1,國產,JSZ03.0FZA6-C4,4JJ1E6N-C,五十鈴 NLR85HMD6  2999c.c. M5 2D  貨車底盤,5000.0,0.0,五十鈴 NLR85HMD6 2999c.c. M5 2D,貨車底盤,,0.0,0.0,五十鈴 NLR85HMD6 2999c.c. M5 2D 貨車底盤
台中眾鈴汽車股份有限公司,C4D658003H-1,國產,JSZ03.0FZA6-C4,4JJ1E6N-C,五十鈴 NPR85HMD6  2999c.c. M6 2D  大貨車底盤,7500.0,0.0,五十鈴 NPR85HMD6 2999c.c. M6 2D,大貨車底盤,,0.0,0.0,五十鈴 NPR85HMD6 2999c.c. M6 2D 大貨車底盤
台中眾鈴汽車股份有限公司,C5D658001H-1,國產,JSZ03.0FZA6-C4,4JJ1E6N-C,五十鈴 NMR85FMD6  2999c.c. M5 2D  大貨車底盤,6500.0,0.0,五十鈴 NMR85FMD6 2999c.c. M5 2D,大貨車底盤,,0.0,0.0,五十鈴 NMR85FMD6 2999c.c. M5 2D 大貨車底盤
台中眾鈴汽車股份有限公司,C4D658003H-1,國產,JSZ03.0FZA6-C4,4JJ1E6N-C,五十鈴 NPR85HAD6  2999c.c. A6 2D  大貨車底盤,7500.0,0.0,五十鈴 NPR85HAD6 2999c.c. A6 2D,大貨車底盤,,0.0,0.0,五十鈴 NPR85HAD6 2999c.c. A6 2D 大貨車底盤
台中眾鈴汽車股份有限公司,C4D658003H-1,國產,JSZ03.0FZA6-C4,4JJ1E6N-C,五十鈴 NLR85HAD6  2999c.c. A5 2D  貨車底盤,5000.0,0.0,五十鈴 NLR85HAD6 2999c.c. A5 2D,貨車底盤,,0.0,0.0,五十鈴 NLR85HAD6 2999c.c. A5 2D 貨車底盤
台中眾鈴汽車股份有限公司,C4D658003H-1,國產,JSZ03.0FZA6-C4,4JJ1E6N-C,五十鈴 NMR85FMD6  2999c.c. M5 2D  大貨車底盤,6500.0,0.0,五十鈴 NMR85FMD6 2999c.c. M5 2D,大貨車底盤,,0.0,0.0,五十鈴 NMR85FMD6 2999c.c. M5 2D 大貨車底盤
台中眾鈴汽車股份有限公司,C4D658003H-1,國產,JSZ03.0FZA6-C4,4JJ1E6N-C,五十鈴 NPR85KMD6  2999c.c. M6 2D  大貨車底盤,7500.0,0.0,五十鈴 NPR85KMD6 2999c.c. M6 2D,大貨車底盤,,0.0,0.0,五十鈴 NPR85KMD6 2999c.c. M6 2D 大貨車底盤
台中眾鈴汽車股份有限公司,C4D658003H-1,國產,JSZ03.0FZA6-C4,4JJ1E6N-C,五十鈴 NLR85FMD6  2999c.c. M5 2D  貨車底盤,5000.0,0.0,五十鈴 NLR85FMD6 2999c.c. M5 2D,貨車底盤,,0.0,0.0,五十鈴 NLR85FMD6 2999c.c. M5 2D 貨車底盤
台中眾鈴汽車股份有限公司,C4D658003H-1,國產,JSZ03.0FZA6-C4,4JJ1E6N-C,五十鈴 NPR85FAD6  2999c.c. A6 2D  大貨車底盤,7500.0,0.0,五十鈴 NPR85FAD6 2999c.c. A6 2D,大貨車底盤,,0.0,0.0,五十鈴 NPR85FAD6 2999c.c. A6 2D 大貨車底盤
台中眾鈴汽車股份有限公司,C5D658001H-1,國產,JSZ03.0FZA6-C4,4JJ1E6N-C,五十鈴 NPR85HAD6  2999c.c. A6 2D  大貨車底盤,7500.0,0.0,五十鈴 NPR85HAD6 2999c.c. A6 2D,大貨車底盤,,0.0,0.0,五十鈴 NPR85HAD6 2999c.c. A6 2D 大貨車底盤
台中眾鈴汽車股份有限公司,C5D658001H-1,國產,JSZ03.0FZA6-C4,4JJ1E6N-C,五十鈴 NMR85HAD6  2999c.c. A6 2D  大貨車底盤,6500.0,0.0,五十鈴 NMR85HAD6 2999c.c. A6 2D,大貨車底盤,,0.0,0.0,五十鈴 NMR85HAD6 2999c.c. A6 2D 大貨車底盤
台中眾鈴汽車股份有限公司,C5D658001H-1,國產,JSZ03.0FZA6-C4,4JJ1E6N-C,五十鈴 NPR85FAD6  2999c.c. A6 2D  大貨車底盤,7500.0,0.0,五十鈴 NPR85FAD6 2999c.c. A6 2D,大貨車底盤,,0.0,0.0,五十鈴 NPR85FAD6 2999c.c. A6 2D 大貨車底盤
台中眾鈴汽車股份有限公司,C5D658001H-1,國產,JSZ03.0FZA6-C4,4JJ1E6N-C,五十鈴 NPR85KAD6  2999c.c. A6 2D  大貨車底盤,7500.0,0.0,五十鈴 NPR85KAD6 2999c.c. A6 2D,大貨車底盤,,0.0,0.0,五十鈴 NPR85KAD6 2999c.c. A6 2D 大貨車底盤
台中眾鈴汽車股份有限公司,C5D658001H-1,國產,JSZ03.0FZA6-C4,4JJ1E6N-C,五十鈴 NMR85FAD6  2999c.c. A6 2D  大貨車底盤,6500.0,0.0,五十鈴 NMR85FAD6 2999c.c. A6 2D,大貨車底盤,,0.0,0.0,五十鈴 NMR85FAD6 2999c.c. A6 2D 大貨車底盤
台中眾鈴汽車股份有限公司,C4D658003H-1,國產,JSZ03.0FZA6-C4,4JJ1E6N-C,五十鈴 NMR85FAD6  2999c.c. A6 2D  大貨車底盤,6500.0,0.0,五十鈴 NMR85FAD6 2999c.c. A6 2D,大貨車底盤,,0.0,0.0,五十鈴 NMR85FAD6 2999c.c. A6 2D 大貨車底盤
台中眾鈴汽車股份有限公司,C4D658003H-1,國產,JSZ03.0FZA6-C4,4JJ1E6N-C,五十鈴 NPR85FMD6  2999c.c. M6 2D  大貨車底盤,7500.0,0.0,五十鈴 NPR85FMD6 2999c.c. M6 2D,大貨車底盤,,0.0,0.0,五十鈴 NPR85FMD6 2999c.c. M6 2D 大貨車底盤
台中眾鈴汽車股份有限公司,C4D658003H-1,國產,JSZ03.0FZA6-C4,4JJ1E6N-C,五十鈴 NLR85FAD6  2999c.c. A5 2D  貨車底盤,5000.0,0.0,五十鈴 NLR85FAD6 2999c.c. A5 2D,貨車底盤,,0.0,0.0,五十鈴 NLR85FAD6 2999c.c. A5 2D 貨車底盤
台中眾鈴汽車股份有限公司,C5D658001H-1,國產,JSZ03.0FZA6-C4,4JJ1E6N-C,五十鈴 NLR85FAD6  2999c.c. A5 2D  貨車底盤,5000.0,0.0,五十鈴 NLR85FAD6 2999c.c. A5 2D,貨車底盤,,0.0,0.0,五十鈴 NLR85FAD6 2999c.c. A5 2D 貨車底盤
台中眾鈴汽車股份有限公司,C5D658001H-1,國產,JSZ03.0FZA6-C4,4JJ1E6N-C,五十鈴 NLR85HAD6  2999c.c. A5 2D  貨車底盤,5000.0,0.0,五十鈴 NLR85HAD6 2999c.c. A5 2D,貨車底盤,,0.0,0.0,五十鈴 NLR85HAD6 2999c.c. A5 2D 貨車底盤
台中眾鈴汽車股份有限公司,C4D658003H-1,國產,JSZ03.0FZA6-C4,4JJ1E6N-C,五十鈴 NMR85HMD6  2999c.c. M5 2D  大貨車底盤,6500.0,0.0,五十鈴 NMR85HMD6 2999c.c. M5 2D,大貨車底盤,,0.0,0.0,五十鈴 NMR85HMD6 2999c.c. M5 2D 大貨車底盤
台中眾鈴汽車股份有限公司,C5D658001H-1,國產,JSZ03.0FZA6-C4,4JJ1E6N-C,五十鈴 NLR85FMD6  2999c.c. M5 2D  貨車底盤,5000.0,0.0,五十鈴 NLR85FMD6 2999c.c. M5 2D,貨車底盤,,0.0,0.0,五十鈴 NLR85FMD6 2999c.c. M5 2D 貨車底盤
台中眾鈴汽車股份有限公司,C4D658003H-1,國產,JSZ03.0FZA6-C4,4JJ1E6N-C,五十鈴 NMR85HAD6  2999c.c. A6 2D  大貨車底盤,6500.0,0.0,五十鈴 NMR85HAD6 2999c.c. A6 2D,大貨車底盤,,0.0,0.0,五十鈴 NMR85HAD6 2999c.c. A6 2D 大貨車底盤
台中眾鈴汽車股份有限公司,C5D658001H-1,國產,JSZ03.0FZA6-C4,4JJ1E6N-C,五十鈴 NPR85FMD6  2999c.c. M6 2D  大貨車底盤,7500.0,0.0,五十鈴 NPR85FMD6 2999c.c. M6 2D,大貨車底盤,,0.0,0.0,五十鈴 NPR85FMD6 2999c.c. M6 2D 大貨車底盤
台中眾鈴汽車股份有限公司,C3D658002H-1,國產,JSZ05.2FZA4-C3,4HK1E6C-C,五十鈴 LR490KMB6  5193c.c. M6  大客車底盤,10500.0,0.0,五十鈴 LR490KMB6 5193c.c. M6,大客車底盤,,0.0,0.0,五十鈴 LR490KMB6 5193c.c. M6 大客車底盤
台中眾鈴汽車股份有限公司,C4D658002H-1,國產,JSZ05.2FZA4-C4,4HK1E6C-C,五十鈴 NQR90KMD6  5193c.c. M6 2D  大貨車底盤,9500.0,6.0,五十鈴 NQR90KMD6 5193c.c. M6 2D,大貨車底盤,,0.0,6.0,五十鈴 NQR90KMD6 5193c.c. M6 2D 大貨車底盤
台中眾鈴汽車股份有限公司,C5D658003H-1,國產,JSZ05.2FZA4-C4,4HK1E6H-C,五十鈴 FRR90LAC6  5193c.c. A6 2D  大貨車底盤,11000.0,0.0,五十鈴 FRR90LAC6 5193c.c. A6 2D,大貨車底盤,,0.0,0.0,五十鈴 FRR90LAC6 5193c.c. A6 2D 大貨車底盤
台中眾鈴汽車股份有限公司,C4D658002H-1,國產,JSZ05.2FZA4-C4,4HK1E6C-C,五十鈴 NQR90KAD6  5193c.c. A6 2D  大貨車底盤,9500.0,0.0,五十鈴 NQR90KAD6 5193c.c. A6 2D,大貨車底盤,,0.0,0.0,五十鈴 NQR90KAD6 5193c.c. A6 2D 大貨車底盤
台中眾鈴汽車股份有限公司,C5D658003H-1,國產,JSZ05.2FZA4-C4,4HK1E6H-C,五十鈴 FRR90JMC6  5193c.c. M6 2D  大貨車底盤,11000.0,0.0,五十鈴 FRR90JMC6 5193c.c. M6 2D,大貨車底盤,,0.0,0.0,五十鈴 FRR90JMC6 5193c.c. M6 2D 大貨車底盤
台中眾鈴汽車股份有限公司,C5D658003H-1,國產,JSZ05.2FZA4-C4,4HK1E6C-C,五十鈴 LR490KMB6  5193c.c. M6  大客車底盤,10500.0,0.0,五十鈴 LR490KMB6 5193c.c. M6,大客車底盤,,0.0,0.0,五十鈴 LR490KMB6 5193c.c. M6 大客車底盤
台中眾鈴汽車股份有限公司,C4D658002H-1,國產,JSZ05.2FZA4-C4,4HK1E6C-C,五十鈴 NQR90HAD6  5193c.c. A6 2D  大貨車底盤,9500.0,53.0,五十鈴 NQR90HAD6 5193c.c. A6 2D,大貨車底盤,,0.0,53.0,五十鈴 NQR90HAD6 5193c.c. A6 2D 大貨車底盤
台中眾鈴汽車股份有限公司,C4D658002H-1,國產,JSZ05.2FZA4-C4,4HK1E6H-C,五十鈴 FRR90NAC6  5193c.c. A6 2D  大貨車底盤,11000.0,26.0,五十鈴 FRR90NAC6 5193c.c. A6 2D,大貨車底盤,,0.0,26.0,五十鈴 FRR90NAC6 5193c.c. A6 2D 大貨車底盤
台中眾鈴汽車股份有限公司,C4D658002H-1,國產,JSZ05.2FZA4-C4,4HK1E6H-C,五十鈴 FRR90QMC6  5193c.c. M6 2D  大貨車底盤,11000.0,24.0,五十鈴 FRR90QMC6 5193c.c. M6 2D,大貨車底盤,,0.0,24.0,五十鈴 FRR90QMC6 5193c.c. M6 2D 大貨車底盤
台中眾鈴汽車股份有限公司,C4D658002H-1,國產,JSZ05.2FZA4-C4,4HK1E6C-C,五十鈴 NQR90LAD6  5193c.c. A6 2D  大貨車底盤,9500.0,6.0,五十鈴 NQR90LAD6 5193c.c. A6 2D,大貨車底盤,,0.0,6.0,五十鈴 NQR90LAD6 5193c.c. A6 2D 大貨車底盤
台中眾鈴汽車股份有限公司,C4D658002H-1,國產,JSZ05.2FZA4-C4,4HK1E6C-C,五十鈴 NQR90HMD6  5193c.c. M6 2D  大貨車底盤,9500.0,96.0,五十鈴 NQR90HMD6 5193c.c. M6 2D,大貨車底盤,,0.0,96.0,五十鈴 NQR90HMD6 5193c.c. M6 2D 大貨車底盤
台中眾鈴汽車股份有限公司,C4D658002H-1,國產,JSZ05.2FZA4-C4,4HK1E6H-C,五十鈴 FRR90QAC6  5193c.c. A6 2D  大貨車底盤,11000.0,30.0,五十鈴 FRR90QAC6 5193c.c. A6 2D,大貨車底盤,,0.0,30.0,五十鈴 FRR90QAC6 5193c.c. A6 2D 大貨車底盤
台中眾鈴汽車股份有限公司,C4D658002H-1,國產,JSZ05.2FZA4-C4,4HK1E6C-C,五十鈴 LR490KMB6  5193c.c. M6  大客車底盤,10500.0,10.0,五十鈴 LR490KMB6 5193c.c. M6,大客車底盤,,0.0,10.0,五十鈴 LR490KMB6 5193c.c. M6 大客車底盤
台中眾鈴汽車股份有限公司,C5D658003H-1,國產,JSZ05.2FZA4-C4,4HK1E6C-C,五十鈴 NQR90KAD6  5193c.c. A6 2D  大貨車底盤,9500.0,0.0,五十鈴 NQR90KAD6 5193c.c. A6 2D,大貨車底盤,,0.0,0.0,五十鈴 NQR90KAD6 5193c.c. A6 2D 大貨車底盤
台中眾鈴汽車股份有限公司,C4D658002H-1,國產,JSZ05.2FZA4-C4,4HK1E6H-C,五十鈴 FRR90JAC6  5193c.c. A6 2D  大貨車底盤,11000.0,24.0,五十鈴 FRR90JAC6 5193c.c. A6 2D,大貨車底盤,,0.0,24.0,五十鈴 FRR90JAC6 5193c.c. A6 2D 大貨車底盤
台中眾鈴汽車股份有限公司,C5D658003H-1,國產,JSZ05.2FZA4-C4,4HK1E6C-C,五十鈴 NQR90HMD6  5193c.c. M6 2D  大貨車底盤,9500.0,0.0,五十鈴 NQR90HMD6 5193c.c. M6 2D,大貨車底盤,,0.0,0.0,五十鈴 NQR90HMD6 5193c.c. M6 2D 大貨車底盤
台中眾鈴汽車股份有限公司,C5D658003H-1,國產,JSZ05.2FZA4-C4,4HK1E6C-C,五十鈴 NQR90LAD6  5193c.c. A6 2D  大貨車底盤,9500.0,0.0,五十鈴 NQR90LAD6 5193c.c. A6 2D,大貨車底盤,,0.0,0.0,五十鈴 NQR90LAD6 5193c.c. A6 2D 大貨車底盤
台中眾鈴汽車股份有限公司,C4D658002H-1,國產,JSZ05.2FZA4-C4,4HK1E6C-C,五十鈴 NQR90LMD6  5193c.c. M6 2D  大貨車底盤,9500.0,6.0,五十鈴 NQR90LMD6 5193c.c. M6 2D,大貨車底盤,,0.0,6.0,五十鈴 NQR90LMD6 5193c.c. M6 2D 大貨車底盤
台中眾鈴汽車股份有限公司,C5D658003H-1,國產,JSZ05.2FZA4-C4,4HK1E6H-C,五十鈴 FRR90JAC6  5193c.c. A6 2D  大貨車底盤,11000.0,0.0,五十鈴 FRR90JAC6 5193c.c. A6 2D,大貨車底盤,,0.0,0.0,五十鈴 FRR90JAC6 5193c.c. A6 2D 大貨車底盤
台中眾鈴汽車股份有限公司,C4D658002H-1,國產,JSZ05.2FZA4-C4,4HK1E6H-C,五十鈴 FRR90LMC6  5193c.c. M6 2D  大貨車底盤,11000.0,72.0,五十鈴 FRR90LMC6 5193c.c. M6 2D,大貨車底盤,,0.0,72.0,五十鈴 FRR90LMC6 5193c.c. M6 2D 大貨車底盤
台中眾鈴汽車股份有限公司,C5D658003H-1,國產,JSZ05.2FZA4-C4,4HK1E6H-C,五十鈴 FRR90LMC6  5193c.c. M6 2D  大貨車底盤,11000.0,0.0,五十鈴 FRR90LMC6 5193c.c. M6 2D,大貨車底盤,,0.0,0.0,五十鈴 FRR90LMC6 5193c.c. M6 2D 大貨車底盤
台中眾鈴汽車股份有限公司,C4D658002H-1,國產,JSZ05.2FZA4-C4,4HK1E6H-C,五十鈴 FRR90NMC6  5193c.c. M6 2D  大貨車底盤,11000.0,42.0,五十鈴 FRR90NMC6 5193c.c. M6 2D,大貨車底盤,,0.0,42.0,五十鈴 FRR90NMC6 5193c.c. M6 2D 大貨車底盤
台中眾鈴汽車股份有限公司,C5D658003H-1,國產,JSZ05.2FZA4-C4,4HK1E6C-C,五十鈴 NQR90KMD6  5193c.c. M6 2D  大貨車底盤,9500.0,0.0,五十鈴 NQR90KMD6 5193c.c. M6 2D,大貨車底盤,,0.0,0.0,五十鈴 NQR90KMD6 5193c.c. M6 2D 大貨車底盤
台中眾鈴汽車股份有限公司,C4D658002H-1,國產,JSZ05.2FZA4-C4,4HK1E6H-C,五十鈴 FRR90LAC6  5193c.c. A6 2D  大貨車底盤,11000.0,35.0,五十鈴 FRR90LAC6 5193c.c. A6 2D,大貨車底盤,,0.0,35.0,五十鈴 FRR90LAC6 5193c.c. A6 2D 大貨車底盤
台中眾鈴汽車股份有限公司,C5D658003H-1,國產,JSZ05.2FZA4-C4,4HK1E6C-C,五十鈴 NQR90LMD6  5193c.c. M6 2D  大貨車底盤,9500.0,0.0,五十鈴 NQR90LMD6 5193c.c. M6 2D,大貨車底盤,,0.0,0.0,五十鈴 NQR90LMD6 5193c.c. M6 2D 大貨車底盤
台中眾鈴汽車股份有限公司,C5D658003H-1,國產,JSZ05.2FZA4-C4,4HK1E6H-C,五十鈴 FRR90QAC6  5193c.c. A6 2D  大貨車底盤,11000.0,0.0,五十鈴 FRR90QAC6 5193c.c. A6 2D,大貨車底盤,,0.0,0.0,五十鈴 FRR90QAC6 5193c.c. A6 2D 大貨車底盤
台中眾鈴汽車股份有限公司,C5D658003H-1,國產,JSZ05.2FZA4-C4,4HK1E6H-C,五十鈴 FRR90NAC6  5193c.c. A6 2D  大貨車底盤,11000.0,0.0,五十鈴 FRR90NAC6 5193c.c. A6 2D,大貨車底盤,,0.0,0.0,五十鈴 FRR90NAC6 5193c.c. A6 2D 大貨車底盤
台中眾鈴汽車股份有限公司,C5D658003H-1,國產,JSZ05.2FZA4-C4,4HK1E6C-C,五十鈴 NQR90HAD6  5193c.c. A6 2D  大貨車底盤,9500.0,0.0,五十鈴 NQR90HAD6 5193c.c. A6 2D,大貨車底盤,,0.0,0.0,五十鈴 NQR90HAD6 5193c.c. A6 2D 大貨車底盤
台中眾鈴汽車股份有限公司,C5D658003H-1,國產,JSZ05.2FZA4-C4,4HK1E6H-C,五十鈴 FRR90NMC6  5193c.c. M6 2D  大貨車底盤,11000.0,0.0,五十鈴 FRR90NMC6 5193c.c. M6 2D,大貨車底盤,,0.0,0.0,五十鈴 FRR90NMC6 5193c.c. M6 2D 大貨車底盤
台中眾鈴汽車股份有限公司,C4D658002H-1,國產,JSZ05.2FZA4-C4,4HK1E6H-C,五十鈴 FRR90JMC6  5193c.c. M6 2D  大貨車底盤,11000.0,18.0,五十鈴 FRR90JMC6 5193c.c. M6 2D,大貨車底盤,,0.0,18.0,五十鈴 FRR90JMC6 5193c.c. M6 2D 大貨車底盤
台中眾鈴汽車股份有限公司,C5D658003H-1,國產,JSZ05.2FZA4-C4,4HK1E6H-C,五十鈴 FRR90QMC6  5193c.c. M6 2D  大貨車底盤,11000.0,0.0,五十鈴 FRR90QMC6 5193c.c. M6 2D,大貨車底盤,,0.0,0.0,五十鈴 FRR90QMC6 5193c.c. M6 2D 大貨車底盤
台中眾鈴汽車股份有限公司,C5D658002H-1,國產,JSZ07.8FZA7-C4,6HK1E6S,五十鈴 FVR34SAC6  7790c.c. A6 2D  大貨車底盤,18500.0,0.0,五十鈴 FVR34SAC6 7790c.c. A6 2D,大貨車底盤,,0.0,0.0,五十鈴 FVR34SAC6 7790c.c. A6 2D 大貨車底盤
台中眾鈴汽車股份有限公司,C4D658001H-1,國產,JSZ07.8FZA7-C4,6HK1E6S,五十鈴 FVR34TMC6  7790c.c. M6 2D  大貨車底盤,18500.0,53.0,五十鈴 FVR34TMC6 7790c.c. M6 2D,大貨車底盤,,0.0,53.0,五十鈴 FVR34TMC6 7790c.c. M6 2D 大貨車底盤
台中眾鈴汽車股份有限公司,C4D658001H-1,國產,JSZ07.8FZA7-C4,6HK1E6S,五十鈴 FVR34PAC6  7790c.c. A6 2D  大貨車底盤,18500.0,54.0,五十鈴 FVR34PAC6 7790c.c. A6 2D,大貨車底盤,,0.0,54.0,五十鈴 FVR34PAC6 7790c.c. A6 2D 大貨車底盤
台中眾鈴汽車股份有限公司,C5D658002H-1,國產,JSZ07.8FZA7-C4,6HK1E6S,五十鈴 FVR34PMC6  7790c.c. M6 2D  大貨車底盤,18500.0,0.0,五十鈴 FVR34PMC6 7790c.c. M6 2D,大貨車底盤,,0.0,0.0,五十鈴 FVR34PMC6 7790c.c. M6 2D 大貨車底盤
台中眾鈴汽車股份有限公司,C4D658001H-1,國產,JSZ07.8FZA7-C4,6HK1E6S,五十鈴 FVR34QAC6  7790c.c. A6 2D  大貨車底盤,18500.0,18.0,五十鈴 FVR34QAC6 7790c.c. A6 2D,大貨車底盤,,0.0,18.0,五十鈴 FVR34QAC6 7790c.c. A6 2D 大貨車底盤
台中眾鈴汽車股份有限公司,C5D658002H-1,國產,JSZ07.8FZA7-C4,6HK1E6S,五十鈴 FVR34SMC6  7790c.c. M6 2D  大貨車底盤,18500.0,0.0,五十鈴 FVR34SMC6 7790c.c. M6 2D,大貨車底盤,,0.0,0.0,五十鈴 FVR34SMC6 7790c.c. M6 2D 大貨車底盤
台中眾鈴汽車股份有限公司,C5D658002H-1,國產,JSZ07.8FZA7-C4,6HK1E6S,五十鈴 FVR34TMC6  7790c.c. M6 2D  大貨車底盤,18500.0,0.0,五十鈴 FVR34TMC6 7790c.c. M6 2D,大貨車底盤,,0.0,0.0,五十鈴 FVR34TMC6 7790c.c. M6 2D 大貨車底盤
台中眾鈴汽車股份有限公司,C5D658002H-1,國產,JSZ07.8FZA7-C4,6HK1E6S,五十鈴 FVR34QAC6  7790c.c. A6 2D  大貨車底盤,18500.0,0.0,五十鈴 FVR34QAC6 7790c.c. A6 2D,大貨車底盤,,0.0,0.0,五十鈴 FVR34QAC6 7790c.c. A6 2D 大貨車底盤
台中眾鈴汽車股份有限公司,C4D658001H-1,國產,JSZ07.8FZA7-C4,6HK1E6S,五十鈴 FVR34SMC6  7790c.c. M6 2D  大貨車底盤,18500.0,36.0,五十鈴 FVR34SMC6 7790c.c. M6 2D,大貨車底盤,,0.0,36.0,五十鈴 FVR34SMC6 7790c.c. M6 2D 大貨車底盤
台中眾鈴汽車股份有限公司,C5D658002H-1,國產,JSZ07.8FZA7-C4,6HK1E6S,五十鈴 FVR34PAC6  7790c.c. A6 2D  大貨車底盤,18500.0,0.0,五十鈴 FVR34PAC6 7790c.c. A6 2D,大貨車底盤,,0.0,0.0,五十鈴 FVR34PAC6 7790c.c. A6 2D 大貨車底盤
台中眾鈴汽車股份有限公司,C4D658001H-1,國產,JSZ07.8FZA7-C4,6HK1E6S,五十鈴 FVR34QMC6  7790c.c. M6 2D  大貨車底盤,18500.0,42.0,五十鈴 FVR34QMC6 7790c.c. M6 2D,大貨車底盤,,0.0,42.0,五十鈴 FVR34QMC6 7790c.c. M6 2D 大貨車底盤
台中眾鈴汽車股份有限公司,C4D658001H-1,國產,JSZ07.8FZA7-C4,6HK1E6S,五十鈴 FVR34SAC6  7790c.c. A6 2D  大貨車底盤,18500.0,45.0,五十鈴 FVR34SAC6 7790c.c. A6 2D,大貨車底盤,,0.0,45.0,五十鈴 FVR34SAC6 7790c.c. A6 2D 大貨車底盤
台中眾鈴汽車股份有限公司,C4D658001H-1,國產,JSZ07.8FZA7-C4,6HK1E6S,五十鈴 FVR34PMC6  7790c.c. M6 2D  大貨車底盤,18500.0,54.0,五十鈴 FVR34PMC6 7790c.c. M6 2D,大貨車底盤,,0.0,54.0,五十鈴 FVR34PMC6 7790c.c. M6 2D 大貨車底盤
台中眾鈴汽車股份有限公司,C4D658001H-1,國產,JSZ07.8FZA7-C4,6HK1E6S,五十鈴 FVR34TAC6  7790c.c. A6 2D  大貨車底盤,18500.0,37.0,五十鈴 FVR34TAC6 7790c.c. A6 2D,大貨車底盤,,0.0,37.0,五十鈴 FVR34TAC6 7790c.c. A6 2D 大貨車底盤
台中眾鈴汽車股份有限公司,C5D658002H-1,國產,JSZ07.8FZA7-C4,6HK1E6S,五十鈴 FVR34QMC6  7790c.c. M6 2D  大貨車底盤,18500.0,0.0,五十鈴 FVR34QMC6 7790c.c. M6 2D,大貨車底盤,,0.0,0.0,五十鈴 FVR34QMC6 7790c.c. M6 2D 大貨車底盤
台中眾鈴汽車股份有限公司,C5D658002H-1,國產,JSZ07.8FZA7-C4,6HK1E6S,五十鈴 FVR34TAC6  7790c.c. A6 2D  大貨車底盤,18500.0,0.0,五十鈴 FVR34TAC6 7790c.c. A6 2D,大貨車底盤,,0.0,0.0,五十鈴 FVR34TAC6 7790c.c. A6 2D 大貨車底盤
中華汽車工業股份有限公司,C4D668002M-1,進口國產別,JMF07.5FZS0-C4,6M60-CAT5,MITSUBISHI FUSO FK62FJ5  7545c.c. M6 2D  大貨車底盤,5.0,0.0,MITSUBISHI FUSO FK62FJ5 7545c.c. M6 2D,大貨車底盤,,0.0,0.0,MITSUBISHI FUSO FK62FJ5 7545c.c. M6 2D 大貨車底盤
台灣戴姆勒亞洲商車股份有限公司,C4D668002M-1,進口,JMF07.5FZS0-C4,6M60-CAT5,MITSUBISHI FUSO FM65FHF5  7545c.c. M6 2D  大貨車底盤,15100.0,0.0,MITSUBISHI FUSO FM65FHF5 7545c.c. M6 2D,大貨車底盤,,0.0,0.0,MITSUBISHI FUSO FM65FHF5 7545c.c. M6 2D 大貨車底盤
台灣戴姆勒亞洲商車股份有限公司,C4D668002M-1,進口,JMF07.5FZS0-C4,6M60-CAT5,MITSUBISHI FUSO FK62FMY5  7545c.c. M6 2D  大貨車底盤,11000.0,0.0,MITSUBISHI FUSO FK62FMY5 7545c.c. M6 2D,大貨車底盤,,0.0,0.0,MITSUBISHI FUSO FK62FMY5 7545c.c. M6 2D 大貨車底盤
台灣戴姆勒亞洲商車股份有限公司,C4D668002M-1,進口,JMF07.5FZS0-C4,6M60-CAT5,MITSUBISHI FUSO FK62FKY5  7545c.c. M6 2D  大貨車底盤,11000.0,0.0,MITSUBISHI FUSO FK62FKY5 7545c.c. M6 2D,大貨車底盤,,0.0,0.0,MITSUBISHI FUSO FK62FKY5 7545c.c. M6 2D 大貨車底盤
中華汽車工業股份有限公司,C4D668002M-1,進口國產別,JMF07.5FZS0-C4,6M60-CAT6,MITSUBISHI FUSO FM65FP8  7545c.c. M9 2D  大貨車底盤,5.0,0.0,MITSUBISHI FUSO FM65FP8 7545c.c. M9 2D,大貨車底盤,,0.0,0.0,MITSUBISHI FUSO FM65FP8 7545c.c. M9 2D 大貨車底盤
台灣戴姆勒亞洲商車股份有限公司,C4D668002M-1,進口,JMF07.5FZS0-C4,6M60-CAT5,MITSUBISHI FUSO FK62FGZ5  7545c.c. M6 2D  大貨車底盤,13500.0,26.0,MITSUBISHI FUSO FK62FGZ5 7545c.c. M6 2D,大貨車底盤,,0.0,26.0,MITSUBISHI FUSO FK62FGZ5 7545c.c. M6 2D 大貨車底盤
台灣戴姆勒亞洲商車股份有限公司,C4D668002M-1,進口,JMF07.5FZS0-C4,6M60-CAT6,MITSUBISHI FUSO FM65FP6  7545c.c. M9 2D  大貨車底盤,16300.0,0.0,MITSUBISHI FUSO FM65FP6 7545c.c. M9 2D,大貨車底盤,,0.0,0.0,MITSUBISHI FUSO FM65FP6 7545c.c. M9 2D 大貨車底盤
中華汽車工業股份有限公司,C4D668002M-1,進口國產別,JMF07.5FZS0-C4,6M60-CAT6,MITSUBISHI FUSO FM65FN6  7545c.c. M9 2D  大貨車底盤,5.0,0.0,MITSUBISHI FUSO FM65FN6 7545c.c. M9 2D,大貨車底盤,,0.0,0.0,MITSUBISHI FUSO FM65FN6 7545c.c. M9 2D 大貨車底盤
台灣戴姆勒亞洲商車股份有限公司,C4D668002M-1,進口,JMF07.5FZS0-C4,6M60-CAT6,MITSUBISHI FUSO FM65FL6  7545c.c. M6 2D  大貨車底盤,15600.0,34.0,MITSUBISHI FUSO FM65FL6 7545c.c. M6 2D,大貨車底盤,,0.0,34.0,MITSUBISHI FUSO FM65FL6 7545c.c. M6 2D 大貨車底盤
台灣戴姆勒亞洲商車股份有限公司,C4D668002M-1,進口,JMF07.5FZS0-C4,6M60-CAT5,MITSUBISHI FUSO FK62FGY5  7545c.c. M6 2D  大貨車底盤,11000.0,38.0,MITSUBISHI FUSO FK62FGY5 7545c.c. M6 2D,大貨車底盤,,0.0,38.0,MITSUBISHI FUSO FK62FGY5 7545c.c. M6 2D 大貨車底盤
台灣戴姆勒亞洲商車股份有限公司,C4D668002M-1,進口,JMF07.5FZS0-C4,6M60-CAT6,MITSUBISHI FUSO FM65FH6  7545c.c. M6 2D  大貨車底盤,15600.0,36.0,MITSUBISHI FUSO FM65FH6 7545c.c. M6 2D,大貨車底盤,,0.0,36.0,MITSUBISHI FUSO FM65FH6 7545c.c. M6 2D 大貨車底盤
台灣戴姆勒亞洲商車股份有限公司,C4D668002M-1,進口,JMF07.5FZS0-C4,6M60-CAT6,MITSUBISHI FUSO FM65FN8  7545c.c. M9 2D  大貨車底盤,18000.0,0.0,MITSUBISHI FUSO FM65FN8 7545c.c. M9 2D,大貨車底盤,,0.0,0.0,MITSUBISHI FUSO FM65FN8 7545c.c. M9 2D 大貨車底盤
台灣戴姆勒亞洲商車股份有限公司,C4D668003S-1,進口,JVE03.0FZS0-C4,4P10-NA T4,MITSUBISHI FUSO FEAY1EL3  2998c.c. A6 2D  大貨車底盤,6500.0,0.0,MITSUBISHI FUSO FEAY1EL3 2998c.c. A6 2D,大貨車底盤,,0.0,0.0,MITSUBISHI FUSO FEAY1EL3 2998c.c. A6 2D 大貨車底盤
台灣戴姆勒亞洲商車股份有限公司,C4D668003S-1,進口,JVE03.0FZS0-C4,4P10-NA T4,MITSUBISHI FUSO FEAY1CL3  2998c.c. A6 2D  大貨車底盤,6500.0,0.0,MITSUBISHI FUSO FEAY1CL3 2998c.c. A6 2D,大貨車底盤,,0.0,0.0,MITSUBISHI FUSO FEAY1CL3 2998c.c. A6 2D 大貨車底盤
台灣戴姆勒亞洲商車股份有限公司,C4D668003S-1,進口,JVE03.0FZS0-C4,4P10-NA T6,MITSUBISHI FUSO FECX1EL3  2998c.c. A6 2D  大貨車底盤,8550.0,16.0,MITSUBISHI FUSO FECX1EL3 2998c.c. A6 2D,大貨車底盤,,0.0,16.0,MITSUBISHI FUSO FECX1EL3 2998c.c. A6 2D 大貨車底盤
台灣戴姆勒亞洲商車股份有限公司,C4D668003S-1,進口,JVE03.0FZS0-C4,4P10-NA T6,MITSUBISHI FUSO FEBY1EL4  2998c.c. M5 2D  大貨車底盤,6500.0,20.0,MITSUBISHI FUSO FEBY1EL4 2998c.c. M5 2D,大貨車底盤,,0.0,20.0,MITSUBISHI FUSO FEBY1EL4 2998c.c. M5 2D 大貨車底盤
台灣戴姆勒亞洲商車股份有限公司,C4D668003S-1,進口,JVE03.0FZS0-C4,4P10-NA T2,MITSUBISHI FUSO FEA01BL1  2998c.c. A6 2D  小貨車底盤,3500.0,0.0,MITSUBISHI FUSO FEA01BL1 2998c.c. A6 2D,小貨車底盤,,0.0,0.0,MITSUBISHI FUSO FEA01BL1 2998c.c. A6 2D 小貨車底盤
台灣戴姆勒亞洲商車股份有限公司,C4D668003S-1,進口,JVE03.0FZS0-C4,4P10-NA T6,MITSUBISHI FUSO FEB91CL4  2998c.c. M5 2D  大貨車底盤,7900.0,0.0,MITSUBISHI FUSO FEB91CL4 2998c.c. M5 2D,大貨車底盤,,0.0,0.0,MITSUBISHI FUSO FEB91CL4 2998c.c. M5 2D 大貨車底盤
台灣戴姆勒亞洲商車股份有限公司,C4D668003S-1,進口,JVE03.0FZS0-C4,4P10-NA T6,MITSUBISHI FUSO FEB91CL3  2998c.c. A6 2D  大貨車底盤,7900.0,0.0,MITSUBISHI FUSO FEB91CL3 2998c.c. A6 2D,大貨車底盤,,0.0,0.0,MITSUBISHI FUSO FEB91CL3 2998c.c. A6 2D 大貨車底盤
台灣戴姆勒亞洲商車股份有限公司,C4D668003S-1,進口,JVE03.0FZS0-C4,4P10-NA T4,MITSUBISHI FUSO FEAY1CL4  2998c.c. M5 2D  大貨車底盤,6500.0,0.0,MITSUBISHI FUSO FEAY1CL4 2998c.c. M5 2D,大貨車底盤,,0.0,0.0,MITSUBISHI FUSO FEAY1CL4 2998c.c. M5 2D 大貨車底盤
台灣戴姆勒亞洲商車股份有限公司,C4D668003S-1,進口,JVE03.0FZS0-C4,4P10-NA T4,MITSUBISHI FUSO FEA51BL3  2998c.c. A6 2D  大貨車底盤,5000.0,0.0,MITSUBISHI FUSO FEA51BL3 2998c.c. A6 2D,大貨車底盤,,0.0,0.0,MITSUBISHI FUSO FEA51BL3 2998c.c. A6 2D 大貨車底盤
台灣戴姆勒亞洲商車股份有限公司,C4D668003S-1,進口,JVE03.0FZS0-C4,4P10-NA T4,MITSUBISHI FUSO FEA51EL3  2998c.c. A6 2D  大貨車底盤,5000.0,0.0,MITSUBISHI FUSO FEA51EL3 2998c.c. A6 2D,大貨車底盤,,0.0,0.0,MITSUBISHI FUSO FEA51EL3 2998c.c. A6 2D 大貨車底盤
台灣戴姆勒亞洲商車股份有限公司,C4D668003S-1,進口,JVE03.0FZS0-C4,4P10-NA T6,MITSUBISHI FUSO FGB71EL6  2998c.c. M5 2D  大貨車底盤,6500.0,0.0,MITSUBISHI FUSO FGB71EL6 2998c.c. M5 2D,大貨車底盤,,0.0,0.0,MITSUBISHI FUSO FGB71EL6 2998c.c. M5 2D 大貨車底盤
台灣戴姆勒亞洲商車股份有限公司,C4D668003S-1,進口,JVE03.0FZS0-C4,4P10-NA T6,MITSUBISHI FUSO FECX1GL3  2998c.c. A6 2D  大貨車底盤,8550.0,15.0,MITSUBISHI FUSO FECX1GL3 2998c.c. A6 2D,大貨車底盤,,0.0,15.0,MITSUBISHI FUSO FECX1GL3 2998c.c. A6 2D 大貨車底盤
台灣戴姆勒亞洲商車股份有限公司,C4D668003S-1,進口,JVE03.0FZS0-C4,4P10-NA T4,MITSUBISHI FUSO FEA51CL3  2998c.c. A6 2D  大貨車底盤,5000.0,0.0,MITSUBISHI FUSO FEA51CL3 2998c.c. A6 2D,大貨車底盤,,0.0,0.0,MITSUBISHI FUSO FEA51CL3 2998c.c. A6 2D 大貨車底盤
台灣戴姆勒亞洲商車股份有限公司,C4D668001G-1,進口,LMB1068FZL3-C4,OM 470 LA.6-12,MITSUBISHI FUSO FV70HMM2  10677c.c. A12 2D  大貨車底盤,24800.0,317.0,MITSUBISHI FUSO FV70HMM2 10677c.c. A12 2D,大貨車底盤,,0.0,317.0,MITSUBISHI FUSO FV70HMM2 10677c.c. A12 2D 大貨車底盤
台灣戴姆勒亞洲商車股份有限公司,C2D668004G-1,進口,MMB10.6FZEX,OM470LA.6GE-04,MERCEDES-BENZ AROCS 2036  10677c.c. A12 2D  大貨車底盤,21000.0,0.0,MERCEDES-BENZ AROCS 2036 10677c.c. A12 2D,大貨車底盤,,0.0,0.0,MERCEDES-BENZ AROCS 2036 10677c.c. A12 2D 大貨車底盤
台灣戴姆勒亞洲商車股份有限公司,C2D668004G-1,進口,MMB10.6FZEX,OM470LA.6GE-04,MERCEDES-BENZ AROCS 2636  10677c.c. A12 2D  消防車底盤,28000.0,0.0,MERCEDES-BENZ AROCS 2636 10677c.c. A12 2D,消防車底盤,,0.0,0.0,MERCEDES-BENZ AROCS 2636 10677c.c. A12 2D 消防車底盤
台灣戴姆勒亞洲商車股份有限公司,C3D668004G-1,進口,MMB10.6FZEX-C3,OM470LA.6GE-04,MERCEDES-BENZ AROCS 2036  10677c.c. A12 2D  消防車底盤,21000.0,0.0,MERCEDES-BENZ AROCS 2036 10677c.c. A12 2D,消防車底盤,,0.0,0.0,MERCEDES-BENZ AROCS 2036 10677c.c. A12 2D 消防車底盤
台灣戴姆勒亞洲商車股份有限公司,C3D668004G-1,進口,MMB10.6FZEX-C3,OM470LA.6GE-04,MERCEDES-BENZ AROCS 2636  10677c.c. A12 2D  大貨車底盤,28000.0,0.0,MERCEDES-BENZ AROCS 2636 10677c.c. A12 2D,大貨車底盤,,0.0,0.0,MERCEDES-BENZ AROCS 2636 10677c.c. A12 2D 大貨車底盤
台灣戴姆勒亞洲商車股份有限公司,C3D668004G-1,進口,MMB10.6FZEX-C3,OM470LA.6GE-04,MERCEDES-BENZ AROCS 2636  10677c.c. A12 2D  消防車底盤,28000.0,0.0,MERCEDES-BENZ AROCS 2636 10677c.c. A12 2D,消防車底盤,,0.0,0.0,MERCEDES-BENZ AROCS 2636 10677c.c. A12 2D 消防車底盤
台灣戴姆勒亞洲商車股份有限公司,C3D668004G-1,進口,MMB10.6FZEX-C3,OM470LA.6GE-04,MERCEDES-BENZ AROCS 2036  10677c.c. A12 2D  大貨車底盤,21000.0,0.0,MERCEDES-BENZ AROCS 2036 10677c.c. A12 2D,大貨車底盤,,0.0,0.0,MERCEDES-BENZ AROCS 2036 10677c.c. A12 2D 大貨車底盤
台灣戴姆勒亞洲商車股份有限公司,C4D668005G-1,進口,MMB10.6FZEX-C4,OM470LA.6GE-04,MERCEDES-BENZ AROCS 2636  10677c.c. A12 2D  大貨車底盤,28000.0,27.0,MERCEDES-BENZ AROCS 2636 10677c.c. A12 2D,大貨車底盤,,0.0,27.0,MERCEDES-BENZ AROCS 2636 10677c.c. A12 2D 大貨車底盤
台灣戴姆勒亞洲商車股份有限公司,C4D668005G-1,進口,MMB10.6FZEX-C4,OM470LA.6GE-04,MERCEDES-BENZ AROCS 2636  10677c.c. A12 2D  消防車底盤,28000.0,27.0,MERCEDES-BENZ AROCS 2636 10677c.c. A12 2D,消防車底盤,,0.0,27.0,MERCEDES-BENZ AROCS 2636 10677c.c. A12 2D 消防車底盤
台灣戴姆勒亞洲商車股份有限公司,C4D668005G-1,進口,MMB10.6FZEX-C4,OM470LA.6GE-04,MERCEDES-BENZ AROCS 2036  10677c.c. A12 2D  消防車底盤,21000.0,0.0,MERCEDES-BENZ AROCS 2036 10677c.c. A12 2D,消防車底盤,,0.0,0.0,MERCEDES-BENZ AROCS 2036 10677c.c. A12 2D 消防車底盤
台灣戴姆勒亞洲商車股份有限公司,C4D668005G-1,進口,MMB10.6FZEX-C4,OM470LA.6GE-02,MERCEDES-BENZ AROCS 2643  10677c.c. A12 2D  大貨車底盤,26000.0,0.0,MERCEDES-BENZ AROCS 2643 10677c.c. A12 2D,大貨車底盤,,0.0,0.0,MERCEDES-BENZ AROCS 2643 10677c.c. A12 2D 大貨車底盤
台灣戴姆勒亞洲商車股份有限公司,C4D668005G-1,進口,MMB10.6FZEX-C4,OM470LA.6GE-04,MERCEDES-BENZ AROCS 2036  10677c.c. A12 2D  大貨車底盤,21000.0,0.0,MERCEDES-BENZ AROCS 2036 10677c.c. A12 2D,大貨車底盤,,0.0,0.0,MERCEDES-BENZ AROCS 2036 10677c.c. A12 2D 大貨車底盤
台灣戴姆勒亞洲商車股份有限公司,C2D668006G-2,進口,MMB5132FZEX,OM934LA.6GE-02,MERCEDES-BENZ ATEGO 921  5132c.c. A6 2D  大貨車底盤,9500.0,0.0,MERCEDES-BENZ ATEGO 921 5132c.c. A6 2D,大貨車底盤,,0.0,0.0,MERCEDES-BENZ ATEGO 921 5132c.c. A6 2D 大貨車底盤
台灣戴姆勒亞洲商車股份有限公司,C3D668006G-1,進口,MMB5132FZEX-C3,OM934LA.6GE-02,MERCEDES-BENZ ATEGO 921  5132c.c. A6 2D  消防車底盤,9500.0,0.0,MERCEDES-BENZ ATEGO 921 5132c.c. A6 2D,消防車底盤,,0.0,0.0,MERCEDES-BENZ ATEGO 921 5132c.c. A6 2D 消防車底盤
台灣戴姆勒亞洲商車股份有限公司,C3D668006G-1,進口,MMB5132FZEX-C3,OM934LA.6GE-02,MERCEDES-BENZ ATEGO 1021  5132c.c. A6 4D  消防車底盤,10500.0,3.0,MERCEDES-BENZ ATEGO 1021 5132c.c. A6 4D,消防車底盤,,0.0,3.0,MERCEDES-BENZ ATEGO 1021 5132c.c. A6 4D 消防車底盤
台灣戴姆勒亞洲商車股份有限公司,C3D668006G-1,進口,MMB5132FZEX-C3,OM934LA.6GE-02,MERCEDES-BENZ ATEGO 921  5132c.c. A6 2D  大貨車底盤,9500.0,0.0,MERCEDES-BENZ ATEGO 921 5132c.c. A6 2D,大貨車底盤,,0.0,0.0,MERCEDES-BENZ ATEGO 921 5132c.c. A6 2D 大貨車底盤
台灣戴姆勒亞洲商車股份有限公司,C4D668006G-1,進口,MMB5132FZEX-C4,OM934LA.6GE-02,MERCEDES-BENZ ATEGO 1021  5132c.c. A6 4D  消防車底盤,10500.0,0.0,MERCEDES-BENZ ATEGO 1021 5132c.c. A6 4D,消防車底盤,,0.0,0.0,MERCEDES-BENZ ATEGO 1021 5132c.c. A6 4D 消防車底盤
台灣戴姆勒亞洲商車股份有限公司,C4D668006G-1,進口,MMB5132FZEX-C4,OM934LA.6GE-02,MERCEDES-BENZ ATEGO 921  5132c.c. A6 2D  消防車底盤,9500.0,1.0,MERCEDES-BENZ ATEGO 921 5132c.c. A6 2D,消防車底盤,,0.0,1.0,MERCEDES-BENZ ATEGO 921 5132c.c. A6 2D 消防車底盤
台灣戴姆勒亞洲商車股份有限公司,C4D668006G-1,進口,MMB5132FZEX-C4,OM934LA.6GE-02,MERCEDES-BENZ ATEGO 921  5132c.c. A6 2D  大貨車底盤,9500.0,1.0,MERCEDES-BENZ ATEGO 921 5132c.c. A6 2D,大貨車底盤,,0.0,1.0,MERCEDES-BENZ ATEGO 921 5132c.c. A6 2D 大貨車底盤
台灣戴姆勒亞洲商車股份有限公司,C2D668005G-2,進口,MMB7698FZE9,OM936LA.6GE-05,MERCEDES-BENZ ATEGO 1524  7698c.c. A6 2D  消防車底盤,15000.0,0.0,MERCEDES-BENZ ATEGO 1524 7698c.c. A6 2D,消防車底盤,,0.0,0.0,MERCEDES-BENZ ATEGO 1524 7698c.c. A6 2D 消防車底盤
台灣戴姆勒亞洲商車股份有限公司,C2D668005G-1,進口,MMB7698FZE9,OM936LA.6GE-04,MERCEDES-BENZ ATEGO 1527  7698c.c. A8 2D  大貨車底盤,15000.0,0.0,MERCEDES-BENZ ATEGO 1527 7698c.c. A8 2D,大貨車底盤,,0.0,0.0,MERCEDES-BENZ ATEGO 1527 7698c.c. A8 2D 大貨車底盤
台灣戴姆勒亞洲商車股份有限公司,C3D668007G-1,進口,MMB7698FZE9-C3,OM936LA.6GE-04,MERCEDES-BENZ ATEGO 1527  7698c.c. A8 2D  消防車底盤,15000.0,0.0,MERCEDES-BENZ ATEGO 1527 7698c.c. A8 2D,消防車底盤,,0.0,0.0,MERCEDES-BENZ ATEGO 1527 7698c.c. A8 2D 消防車底盤
台灣戴姆勒亞洲商車股份有限公司,C3D668007G-1,進口,MMB7698FZE9-C3,OM936LA.6GE-05,MERCEDES-BENZ ATEGO 1524  7698c.c. A6 2D  大貨車底盤,15000.0,1.0,MERCEDES-BENZ ATEGO 1524 7698c.c. A6 2D,大貨車底盤,,0.0,1.0,MERCEDES-BENZ ATEGO 1524 7698c.c. A6 2D 大貨車底盤
台灣戴姆勒亞洲商車股份有限公司,C3D668007G-1,進口,MMB7698FZE9-C3,OM936LA.6GE-03,MERCEDES-BENZ ATEGO 1530AF  7698c.c. A8 2D  消防車底盤,15000.0,0.0,MERCEDES-BENZ ATEGO 1530AF 7698c.c. A8 2D,消防車底盤,,0.0,0.0,MERCEDES-BENZ ATEGO 1530AF 7698c.c. A8 2D 消防車底盤
台灣戴姆勒亞洲商車股份有限公司,C3D668007G-1,進口,MMB7698FZE9-C3,OM936LA.6GE-05,MERCEDES-BENZ ATEGO 1524  7698c.c. A6 2D  消防車底盤,15000.0,1.0,MERCEDES-BENZ ATEGO 1524 7698c.c. A6 2D,消防車底盤,,0.0,1.0,MERCEDES-BENZ ATEGO 1524 7698c.c. A6 2D 消防車底盤
台灣戴姆勒亞洲商車股份有限公司,C3D668007G-1,進口,MMB7698FZE9-C3,OM936LA.6GE-05,MERCEDES-BENZ ATEGO 1524  7698c.c. A6 4D  消防車底盤,15000.0,0.0,MERCEDES-BENZ ATEGO 1524 7698c.c. A6 4D,消防車底盤,,0.0,0.0,MERCEDES-BENZ ATEGO 1524 7698c.c. A6 4D 消防車底盤
台灣戴姆勒亞洲商車股份有限公司,C3D668007G-1,進口,MMB7698FZE9-C3,OM936LA.6GE-04,MERCEDES-BENZ ATEGO 1527  7698c.c. A8 2D  大貨車底盤,15000.0,0.0,MERCEDES-BENZ ATEGO 1527 7698c.c. A8 2D,大貨車底盤,,0.0,0.0,MERCEDES-BENZ ATEGO 1527 7698c.c. A8 2D 大貨車底盤
台灣戴姆勒亞洲商車股份有限公司,C4D668004G-1,進口,MMB7698FZE9-C4,OM936LA.6GE-05,MERCEDES-BENZ ATEGO 1524  7698c.c. A6 2D  消防車底盤,15000.0,0.0,MERCEDES-BENZ ATEGO 1524 7698c.c. A6 2D,消防車底盤,,0.0,0.0,MERCEDES-BENZ ATEGO 1524 7698c.c. A6 2D 消防車底盤
台灣戴姆勒亞洲商車股份有限公司,C4D668004G-1,進口,MMB7698FZE9-C4,OM936LA.6GE-05,MERCEDES-BENZ ATEGO 1524  7698c.c. A6 2D  大貨車底盤,15000.0,0.0,MERCEDES-BENZ ATEGO 1524 7698c.c. A6 2D,大貨車底盤,,0.0,0.0,MERCEDES-BENZ ATEGO 1524 7698c.c. A6 2D 大貨車底盤
台灣戴姆勒亞洲商車股份有限公司,C4D668004G-1,進口,MMB7698FZE9-C4,OM936LA.6GE-04,MERCEDES-BENZ ATEGO 1527  7698c.c. A8 2D  消防車底盤,15000.0,4.0,MERCEDES-BENZ ATEGO 1527 7698c.c. A8 2D,消防車底盤,,0.0,4.0,MERCEDES-BENZ ATEGO 1527 7698c.c. A8 2D 消防車底盤
台灣戴姆勒亞洲商車股份有限公司,C4D668004G-1,進口,MMB7698FZE9-C4,OM936LA.6GE-04,MERCEDES-BENZ ATEGO 1527  7698c.c. A8 4D  消防車底盤,15000.0,0.0,MERCEDES-BENZ ATEGO 1527 7698c.c. A8 4D,消防車底盤,,0.0,0.0,MERCEDES-BENZ ATEGO 1527 7698c.c. A8 4D 消防車底盤
台灣戴姆勒亞洲商車股份有限公司,C4D668004G-1,進口,MMB7698FZE9-C4,OM936LA.6GE-05,MERCEDES-BENZ ATEGO 1524  7698c.c. A6 4D  消防車底盤,15000.0,0.0,MERCEDES-BENZ ATEGO 1524 7698c.c. A6 4D,消防車底盤,,0.0,0.0,MERCEDES-BENZ ATEGO 1524 7698c.c. A6 4D 消防車底盤
台灣戴姆勒亞洲商車股份有限公司,C4D668004G-1,進口,MMB7698FZE9-C4,OM936LA.6GE-03,MERCEDES-BENZ ATEGO 1530AF  7698c.c. A8 2D  消防車底盤,15000.0,0.0,MERCEDES-BENZ ATEGO 1530AF 7698c.c. A8 2D,消防車底盤,,0.0,0.0,MERCEDES-BENZ ATEGO 1530AF 7698c.c. A8 2D 消防車底盤
台灣戴姆勒亞洲商車股份有限公司,C4D668004G-1,進口,MMB7698FZE9-C4,OM936LA.6GE-04,MERCEDES-BENZ ATEGO 1527  7698c.c. A8 2D  大貨車底盤,15000.0,4.0,MERCEDES-BENZ ATEGO 1527 7698c.c. A8 2D,大貨車底盤,,0.0,4.0,MERCEDES-BENZ ATEGO 1527 7698c.c. A8 2D 大貨車底盤
台灣戴姆勒亞洲商車股份有限公司,C5D668001I-1,進口,OVE03.0FZS0,4P10-VAT4,MITSUBISHI FUSO FEAY1EL3C  2998c.c. A6 2D  大貨車底盤,6500.0,0.0,MITSUBISHI FUSO FEAY1EL3C 2998c.c. A6 2D,大貨車底盤,,0.0,0.0,MITSUBISHI FUSO FEAY1EL3C 2998c.c. A6 2D 大貨車底盤
台灣戴姆勒亞洲商車股份有限公司,C5D668001I-1,進口,OVE03.0FZS0,4P10-VAT6,MITSUBISHI FUSO FEBY1EL4C  2998c.c. M5 2D  大貨車底盤,6500.0,0.0,MITSUBISHI FUSO FEBY1EL4C 2998c.c. M5 2D,大貨車底盤,,0.0,0.0,MITSUBISHI FUSO FEBY1EL4C 2998c.c. M5 2D 大貨車底盤
台灣戴姆勒亞洲商車股份有限公司,C5D668001I-1,進口,OVE03.0FZS0,4P10-VAT4,MITSUBISHI FUSO FEAY1CL3C  2998c.c. A6 2D  大貨車底盤,6500.0,0.0,MITSUBISHI FUSO FEAY1CL3C 2998c.c. A6 2D,大貨車底盤,,0.0,0.0,MITSUBISHI FUSO FEAY1CL3C 2998c.c. A6 2D 大貨車底盤
台灣戴姆勒亞洲商車股份有限公司,C4D668007I-1,進口,OVE03.0FZS0,4P10-VAT6,MITSUBISHI FUSO FEB91CL4C  2998c.c. M5 2D  大貨車底盤,7900.0,0.0,MITSUBISHI FUSO FEB91CL4C 2998c.c. M5 2D,大貨車底盤,,0.0,0.0,MITSUBISHI FUSO FEB91CL4C 2998c.c. M5 2D 大貨車底盤
台灣戴姆勒亞洲商車股份有限公司,C4D668007I-1,進口,OVE03.0FZS0,4P10-VAT6,MITSUBISHI FUSO FGB71EL6C  2998c.c. M5 2D  大貨車底盤,6500.0,0.0,MITSUBISHI FUSO FGB71EL6C 2998c.c. M5 2D,大貨車底盤,,0.0,0.0,MITSUBISHI FUSO FGB71EL6C 2998c.c. M5 2D 大貨車底盤
台灣戴姆勒亞洲商車股份有限公司,C4D668007I-1,進口,OVE03.0FZS0,4P10-VAT6,MITSUBISHI FUSO FECX1EL3C  2998c.c. A6 2D  大貨車底盤,8550.0,0.0,MITSUBISHI FUSO FECX1EL3C 2998c.c. A6 2D,大貨車底盤,,0.0,0.0,MITSUBISHI FUSO FECX1EL3C 2998c.c. A6 2D 大貨車底盤
台灣戴姆勒亞洲商車股份有限公司,C4D668007I-1,進口,OVE03.0FZS0,4P10-VAT6,MITSUBISHI FUSO FEB91CL3C  2998c.c. A6 2D  大貨車底盤,7900.0,0.0,MITSUBISHI FUSO FEB91CL3C 2998c.c. A6 2D,大貨車底盤,,0.0,0.0,MITSUBISHI FUSO FEB91CL3C 2998c.c. A6 2D 大貨車底盤
台灣戴姆勒亞洲商車股份有限公司,C5D668001I-1,進口,OVE03.0FZS0,4P10-VAT6,MITSUBISHI FUSO FECX1GL3C  2998c.c. A6 2D  大貨車底盤,8550.0,0.0,MITSUBISHI FUSO FECX1GL3C 2998c.c. A6 2D,大貨車底盤,,0.0,0.0,MITSUBISHI FUSO FECX1GL3C 2998c.c. A6 2D 大貨車底盤
嘉馬汽車股份有限公司,C3D638003R-1,國產,MCE06.7FZC9-C3,D6.7EVIE290B,大金龍 JC290E6-5850  6690c.c. A6 2D  大客車,16300.0,0.0,大金龍 JC290E6-5850 6690c.c. A6 2D,大客車,,0.0,0.0,大金龍 JC290E6-5850 6690c.c. A6 2D 大客車
嘉馬汽車股份有限公司,C4D638002R-1,國產,MCE06.7FZC9-C4,D6.7EVIE290B,大金龍 JC290E6-5850  6690c.c. A6 2D  大客車,16300.0,34.0,大金龍 JC290E6-5850 6690c.c. A6 2D,大客車,,0.0,34.0,大金龍 JC290E6-5850 6690c.c. A6 2D 大客車
嘉馬汽車股份有限公司,C4D638002R-1,國產,MCE06.7FZC9-C4,D6.7EVIE320,大金龍 JM320E6-3980  6690c.c. A6 1D  大客車,14100.0,4.0,大金龍 JM320E6-3980 6690c.c. A6 1D,大客車,,0.0,4.0,大金龍 JM320E6-3980 6690c.c. A6 1D 大客車
嘉馬汽車股份有限公司,C3D638001H-1,國產,MDF10.8FZDX-C3,MX-11 270 H3,大金龍 DAF410E6-6100  10837c.c. A6 2D  大客車,18500.0,0.0,大金龍 DAF410E6-6100 10837c.c. A6 2D,大客車,,0.0,0.0,大金龍 DAF410E6-6100 10837c.c. A6 2D 大客車
嘉馬汽車股份有限公司,C4D638003H-1,國產,MDF10.8FZDX-C4,MX-11 270 H3,大金龍 DAF410E6-6100  10837c.c. A6 2D  大客車,18500.0,1.0,大金龍 DAF410E6-6100 10837c.c. A6 2D,大客車,,0.0,1.0,大金龍 DAF410E6-6100 10837c.c. A6 2D 大客車
嘉馬汽車股份有限公司,C4D638001R-1,國產,NCE08.9FZE5-C4,L9EVIE400,大金龍 JM400E6-6100  8900c.c. A6 2D  大客車,18500.0,18.0,大金龍 JM400E6-6100 8900c.c. A6 2D,大客車,,0.0,18.0,大金龍 JM400E6-6100 8900c.c. A6 2D 大客車
國瑞汽車股份有限公司,C4D720001M-1,國產,JHM04.0FZA4-C4,N04C-WP,國瑞 XZU720L-WCFTWR3  4009c.c. M6 2D  大貨車底盤,8500.0,0.0,國瑞 XZU720L-WCFTWR3 4009c.c. M6 2D,大貨車底盤,,0.0,0.0,國瑞 XZU720L-WCFTWR3 4009c.c. M6 2D 大貨車底盤
國瑞汽車股份有限公司,C5D720003M-1,國產,JHM04.0FZA4-C4,N04C-WN,國瑞 XZU640L-WCTQVR3  4009c.c. A6 2D  大貨車底盤,6500.0,0.0,國瑞 XZU640L-WCTQVR3 4009c.c. A6 2D,大貨車底盤,,0.0,0.0,國瑞 XZU640L-WCTQVR3 4009c.c. A6 2D 大貨車底盤
國瑞汽車股份有限公司,C5D720003M-1,國產,JHM04.0FZA4-C4,N04C-WP,國瑞 XZU710L-WCFQWR3  4009c.c. M6 2D  大貨車底盤,6500.0,0.0,國瑞 XZU710L-WCFQWR3 4009c.c. M6 2D,大貨車底盤,,0.0,0.0,國瑞 XZU710L-WCFQWR3 4009c.c. M6 2D 大貨車底盤
國瑞汽車股份有限公司,C5D720003M-1,國產,JHM04.0FZA4-C4,N04C-WN,國瑞 XZU720L-WCTQVR3  4009c.c. A6 2D  大貨車底盤,6500.0,0.0,國瑞 XZU720L-WCTQVR3 4009c.c. A6 2D,大貨車底盤,,0.0,0.0,國瑞 XZU720L-WCTQVR3 4009c.c. A6 2D 大貨車底盤
國瑞汽車股份有限公司,C5D720003M-1,國產,JHM04.0FZA4-C4,N04C-WN,國瑞 XZU600L-WCMQVR3  4009c.c. M5 2D  大貨車底盤,6500.0,0.0,國瑞 XZU600L-WCMQVR3 4009c.c. M5 2D,大貨車底盤,,0.0,0.0,國瑞 XZU600L-WCMQVR3 4009c.c. M5 2D 大貨車底盤
國瑞汽車股份有限公司,C5D720003M-1,國產,JHM04.0FZA4-C4,N04C-WN,國瑞 XZU650L-WDMRVR3  4009c.c. M5 2D  大貨車底盤,7400.0,0.0,國瑞 XZU650L-WDMRVR3 4009c.c. M5 2D,大貨車底盤,,0.0,0.0,國瑞 XZU650L-WDMRVR3 4009c.c. M5 2D 大貨車底盤
國瑞汽車股份有限公司,C4D720001M-1,國產,JHM04.0FZA4-C4,N04C-WP,國瑞 XZU720L-WCFSWR3  4009c.c. M6 2D  大貨車底盤,8000.0,80.0,國瑞 XZU720L-WCFSWR3 4009c.c. M6 2D,大貨車底盤,,0.0,80.0,國瑞 XZU720L-WCFSWR3 4009c.c. M6 2D 大貨車底盤
國瑞汽車股份有限公司,C5D720003M-1,國產,JHM04.0FZA4-C4,N04C-WN,國瑞 XZU650L-WCTQVR3  4009c.c. A6 2D  大貨車底盤,6500.0,0.0,國瑞 XZU650L-WCTQVR3 4009c.c. A6 2D,大貨車底盤,,0.0,0.0,國瑞 XZU650L-WCTQVR3 4009c.c. A6 2D 大貨車底盤
國瑞汽車股份有限公司,C5D720003M-1,國產,JHM04.0FZA4-C4,N04C-WN,國瑞 XZU640L-WDMMVR3  4009c.c. M5 2D  貨車底盤,5000.0,26.0,國瑞 XZU640L-WDMMVR3 4009c.c. M5 2D,貨車底盤,,0.0,26.0,國瑞 XZU640L-WDMMVR3 4009c.c. M5 2D 貨車底盤
國瑞汽車股份有限公司,C5D720003M-1,國產,JHM04.0FZA4-C4,N04C-WN,國瑞 XZU650L-WCTMVR3  4009c.c. A6 2D  貨車底盤,5000.0,0.0,國瑞 XZU650L-WCTMVR3 4009c.c. A6 2D,貨車底盤,,0.0,0.0,國瑞 XZU650L-WCTMVR3 4009c.c. A6 2D 貨車底盤
國瑞汽車股份有限公司,C5D720003M-1,國產,JHM04.0FZA4-C4,N04C-WN,國瑞 XZU650L-WCMRVR3  4009c.c. M5 2D  大貨車底盤,7400.0,0.0,國瑞 XZU650L-WCMRVR3 4009c.c. M5 2D,大貨車底盤,,0.0,0.0,國瑞 XZU650L-WCMRVR3 4009c.c. M5 2D 大貨車底盤
國瑞汽車股份有限公司,C5D720003M-1,國產,JHM04.0FZA4-C4,N04C-WN,國瑞 XZU640L-WCMQVR3  4009c.c. M5 2D  大貨車底盤,6500.0,0.0,國瑞 XZU640L-WCMQVR3 4009c.c. M5 2D,大貨車底盤,,0.0,0.0,國瑞 XZU640L-WCMQVR3 4009c.c. M5 2D 大貨車底盤
國瑞汽車股份有限公司,C4D720001M-1,國產,JHM04.0FZA4-C4,N04C-WN,國瑞 XZU710L-WCTRVR3  4009c.c. A6 2D  大貨車底盤,7500.0,40.0,國瑞 XZU710L-WCTRVR3 4009c.c. A6 2D,大貨車底盤,,0.0,40.0,國瑞 XZU710L-WCTRVR3 4009c.c. A6 2D 大貨車底盤
國瑞汽車股份有限公司,C5D720003M-1,國產,JHM04.0FZA4-C4,N04C-WN,國瑞 XZU640L-WCTMVR3  4009c.c. A6 2D  貨車底盤,5000.0,0.0,國瑞 XZU640L-WCTMVR3 4009c.c. A6 2D,貨車底盤,,0.0,0.0,國瑞 XZU640L-WCTMVR3 4009c.c. A6 2D 貨車底盤
國瑞汽車股份有限公司,C4D720001M-2,國產,JHM04.0FZA4-C4,N04C-WP,國瑞 XZU710L-WDFQWR3  4009c.c. M6 2D  大貨車底盤,6500.0,2.0,國瑞 XZU710L-WDFQWR3 4009c.c. M6 2D,大貨車底盤,,0.0,2.0,國瑞 XZU710L-WDFQWR3 4009c.c. M6 2D 大貨車底盤
國瑞汽車股份有限公司,C5D720003M-1,國產,JHM04.0FZA4-C4,N04C-WP,國瑞 XZU720L-WDFQWR3  4009c.c. M6 2D  大貨車底盤,6500.0,0.0,國瑞 XZU720L-WDFQWR3 4009c.c. M6 2D,大貨車底盤,,0.0,0.0,國瑞 XZU720L-WDFQWR3 4009c.c. M6 2D 大貨車底盤
國瑞汽車股份有限公司,C5D720003M-1,國產,JHM04.0FZA4-C4,N04C-WN,國瑞 XZU650L-WCMQVR3  4009c.c. M5 2D  大貨車底盤,6500.0,0.0,國瑞 XZU650L-WCMQVR3 4009c.c. M5 2D,大貨車底盤,,0.0,0.0,國瑞 XZU650L-WCMQVR3 4009c.c. M5 2D 大貨車底盤
國瑞汽車股份有限公司,C5D720003M-1,國產,JHM04.0FZA4-C4,N04C-WP,國瑞 XZU720L-WCFQWR3  4009c.c. M6 2D  大貨車底盤,6500.0,0.0,國瑞 XZU720L-WCFQWR3 4009c.c. M6 2D,大貨車底盤,,0.0,0.0,國瑞 XZU720L-WCFQWR3 4009c.c. M6 2D 大貨車底盤
國瑞汽車股份有限公司,C5D720003M-1,國產,JHM04.0FZA4-C4,N04C-WN,國瑞 XZU600L-WDMQVR3  4009c.c. M5 2D  大貨車底盤,6500.0,4.0,國瑞 XZU600L-WDMQVR3 4009c.c. M5 2D,大貨車底盤,,0.0,4.0,國瑞 XZU600L-WDMQVR3 4009c.c. M5 2D 大貨車底盤
國瑞汽車股份有限公司,C4D720001M-2,國產,JHM04.0FZA4-C4,N04C-WN,國瑞 XZU650L-WDMMVR3  4009c.c. M5 2D  貨車底盤,5000.0,412.0,國瑞 XZU650L-WDMMVR3 4009c.c. M5 2D,貨車底盤,,0.0,412.0,國瑞 XZU650L-WDMMVR3 4009c.c. M5 2D 貨車底盤
國瑞汽車股份有限公司,C5D720003M-1,國產,JHM04.0FZA4-C4,N04C-WP,國瑞 XZU720L-WDFSWR3  4009c.c. M6 2D  大貨車底盤,8000.0,6.0,國瑞 XZU720L-WDFSWR3 4009c.c. M6 2D,大貨車底盤,,0.0,6.0,國瑞 XZU720L-WDFSWR3 4009c.c. M6 2D 大貨車底盤
國瑞汽車股份有限公司,C4D720001M-1,國產,JHM04.0FZA4-C4,N04C-WN,國瑞 XZU640L-WCMRVR3  4009c.c. M5 2D  大貨車底盤,7400.0,28.0,國瑞 XZU640L-WCMRVR3 4009c.c. M5 2D,大貨車底盤,,0.0,28.0,國瑞 XZU640L-WCMRVR3 4009c.c. M5 2D 大貨車底盤
國瑞汽車股份有限公司,C5D720003M-1,國產,JHM04.0FZA4-C4,N04C-WN,國瑞 XZU640L-WCMMVR3  4009c.c. M5 2D  貨車底盤,5000.0,0.0,國瑞 XZU640L-WCMMVR3 4009c.c. M5 2D,貨車底盤,,0.0,0.0,國瑞 XZU640L-WCMMVR3 4009c.c. M5 2D 貨車底盤
國瑞汽車股份有限公司,C4D720001M-1,國產,JHM04.0FZA4-C4,N04C-WN,國瑞 XZU600L-WCTMVR3  4009c.c. A6 2D  貨車底盤,5000.0,40.0,國瑞 XZU600L-WCTMVR3 4009c.c. A6 2D,貨車底盤,,0.0,40.0,國瑞 XZU600L-WCTMVR3 4009c.c. A6 2D 貨車底盤
國瑞汽車股份有限公司,C5D720003M-1,國產,JHM04.0FZA4-C4,N04C-WN,國瑞 XZU600L-WDMMVR3  4009c.c. M5 2D  貨車底盤,5000.0,6.0,國瑞 XZU600L-WDMMVR3 4009c.c. M5 2D,貨車底盤,,0.0,6.0,國瑞 XZU600L-WDMMVR3 4009c.c. M5 2D 貨車底盤
國瑞汽車股份有限公司,C5D720003M-1,國產,JHM04.0FZA4-C4,N04C-WN,國瑞 XZU600L-WCMMVR3  4009c.c. M5 2D  貨車底盤,5000.0,0.0,國瑞 XZU600L-WCMMVR3 4009c.c. M5 2D,貨車底盤,,0.0,0.0,國瑞 XZU600L-WCMMVR3 4009c.c. M5 2D 貨車底盤
國瑞汽車股份有限公司,C4D720001M-2,國產,JHM04.0FZA4-C4,N04C-WP,國瑞 XZU710L-WDFSWR3  4009c.c. M6 2D  大貨車底盤,8000.0,28.0,國瑞 XZU710L-WDFSWR3 4009c.c. M6 2D,大貨車底盤,,0.0,28.0,國瑞 XZU710L-WDFSWR3 4009c.c. M6 2D 大貨車底盤
國瑞汽車股份有限公司,C4D720001M-2,國產,JHM04.0FZA4-C4,N04C-WN,國瑞 XZU640L-WDMRVR3  4009c.c. M5 2D  大貨車底盤,7400.0,54.0,國瑞 XZU640L-WDMRVR3 4009c.c. M5 2D,大貨車底盤,,0.0,54.0,國瑞 XZU640L-WDMRVR3 4009c.c. M5 2D 大貨車底盤
國瑞汽車股份有限公司,C5D720003M-1,國產,JHM04.0FZA4-C4,N04C-WN,國瑞 XZU600L-WCTQVR3  4009c.c. A6 2D  大貨車底盤,6500.0,0.0,國瑞 XZU600L-WCTQVR3 4009c.c. A6 2D,大貨車底盤,,0.0,0.0,國瑞 XZU600L-WCTQVR3 4009c.c. A6 2D 大貨車底盤
國瑞汽車股份有限公司,C5D720003M-1,國產,JHM04.0FZA4-C4,N04C-WN,國瑞 XZU710L-WCTQVR3  4009c.c. A6 2D  大貨車底盤,6500.0,0.0,國瑞 XZU710L-WCTQVR3 4009c.c. A6 2D,大貨車底盤,,0.0,0.0,國瑞 XZU710L-WCTQVR3 4009c.c. A6 2D 大貨車底盤
國瑞汽車股份有限公司,C4D720001M-1,國產,JHM04.0FZA4-C4,N04C-WN,國瑞 XZU650L-WCMMVR3  4009c.c. M5 2D  貨車底盤,5000.0,176.0,國瑞 XZU650L-WCMMVR3 4009c.c. M5 2D,貨車底盤,,0.0,176.0,國瑞 XZU650L-WCMMVR3 4009c.c. M5 2D 貨車底盤
國瑞汽車股份有限公司,C4D720001M-1,國產,JHM04.0FZA4-C4,N04C-WP,國瑞 XZU710L-WCFSWR3  4009c.c. M6 2D  大貨車底盤,8000.0,40.0,國瑞 XZU710L-WCFSWR3 4009c.c. M6 2D,大貨車底盤,,0.0,40.0,國瑞 XZU710L-WCFSWR3 4009c.c. M6 2D 大貨車底盤
國瑞汽車股份有限公司,C4D720001M-1,國產,JHM04.0FZA4-C4,N04C-WP,國瑞 XZU710L-WCFTWR3  4009c.c. M6 2D  大貨車底盤,8500.0,20.0,國瑞 XZU710L-WCFTWR3 4009c.c. M6 2D,大貨車底盤,,0.0,20.0,國瑞 XZU710L-WCFTWR3 4009c.c. M6 2D 大貨車底盤
國瑞汽車股份有限公司,C5D720003M-1,國產,JHM04.0FZA4-C4,N04C-WN,國瑞 XZU720L-WCTRVR3  4009c.c. A6 2D  大貨車底盤,7500.0,0.0,國瑞 XZU720L-WCTRVR3 4009c.c. A6 2D,大貨車底盤,,0.0,0.0,國瑞 XZU720L-WCTRVR3 4009c.c. A6 2D 大貨車底盤
國瑞汽車股份有限公司,C4D720007M-1,國產,KHM05.1FZB3-C4,A05C-TL,國瑞 RK2ARXA-PJF  5123c.c. M6  大客車底盤,14500.0,18.0,國瑞 RK2ARXA-PJF 5123c.c. M6,大客車底盤,,0.0,18.0,國瑞 RK2ARXA-PJF 5123c.c. M6 大客車底盤
國瑞汽車股份有限公司,C3D720003M-1,國產,KHM08.9FZA8-C3,A09C-VN,國瑞 RM1ASXU-VSF  8866c.c. A6  大客車底盤,18000.0,95.0,國瑞 RM1ASXU-VSF 8866c.c. A6,大客車底盤,,0.0,95.0,國瑞 RM1ASXU-VSF 8866c.c. A6 大客車底盤
國瑞汽車股份有限公司,C4D720002M-1,國產,KHM08.9FZA8-C4,A09C-VN,國瑞 RM1ASXU-ZSF  8866c.c. M6  大客車底盤,18000.0,0.0,國瑞 RM1ASXU-ZSF 8866c.c. M6,大客車底盤,,0.0,0.0,國瑞 RM1ASXU-ZSF 8866c.c. M6 大客車底盤
國瑞汽車股份有限公司,C4D720002M-1,國產,KHM08.9FZA8-C4,A09C-VN,國瑞 RM1ASXU-VSF  8866c.c. A6  大客車底盤,18000.0,12.0,國瑞 RM1ASXU-VSF 8866c.c. A6,大客車底盤,,0.0,12.0,國瑞 RM1ASXU-VSF 8866c.c. A6 大客車底盤
國瑞汽車股份有限公司,C4D720004M-1,國產,MHM04.0FZA1-C4,N04C-WR,國瑞 XKU720L-WCVSVR3  4009c.c. A6 2D HYBRID 大貨車底盤,8000.0,6.0,國瑞 XKU720L-WCVSVR3 4009c.c. A6 2D HYBRID,大貨車底盤,,0.0,6.0,國瑞 XKU720L-WCVSVR3 4009c.c. A6 2D HYBRID 大貨車底盤
國瑞汽車股份有限公司,C4D720004M-2,國產,MHM04.0FZA1-C4,N04C-WR,國瑞 XKU710L-WDVQVR3  4009c.c. A6 2D HYBRID 大貨車底盤,6500.0,6.0,國瑞 XKU710L-WDVQVR3 4009c.c. A6 2D HYBRID,大貨車底盤,,0.0,6.0,國瑞 XKU710L-WDVQVR3 4009c.c. A6 2D HYBRID 大貨車底盤
國瑞汽車股份有限公司,C4D720004M-2,國產,MHM04.0FZA1-C4,N04C-WR,國瑞 XKU720L-WDVSVR3  4009c.c. A6 2D HYBRID 大貨車底盤,8000.0,16.0,國瑞 XKU720L-WDVSVR3 4009c.c. A6 2D HYBRID,大貨車底盤,,0.0,16.0,國瑞 XKU720L-WDVSVR3 4009c.c. A6 2D HYBRID 大貨車底盤
國瑞汽車股份有限公司,C5D720002M-1,國產,MHM04.0FZA1-C4,N04C-WR,國瑞 XKU710L-WCVQVR3  4009c.c. A6 2D HYBRID 大貨車底盤,6500.0,0.0,國瑞 XKU710L-WCVQVR3 4009c.c. A6 2D HYBRID,大貨車底盤,,0.0,0.0,國瑞 XKU710L-WCVQVR3 4009c.c. A6 2D HYBRID 大貨車底盤
國瑞汽車股份有限公司,C5D720002M-1,國產,MHM04.0FZA1-C4,N04C-WR,國瑞 XKU710L-WCVTVR3  4009c.c. A6 2D HYBRID 大貨車底盤,8500.0,0.0,國瑞 XKU710L-WCVTVR3 4009c.c. A6 2D HYBRID,大貨車底盤,,0.0,0.0,國瑞 XKU710L-WCVTVR3 4009c.c. A6 2D HYBRID 大貨車底盤
國瑞汽車股份有限公司,C4D720004M-1,國產,MHM04.0FZA1-C4,N04C-WR,國瑞 XKU720L-WCVTVR3  4009c.c. A6 2D HYBRID 大貨車底盤,8500.0,0.0,國瑞 XKU720L-WCVTVR3 4009c.c. A6 2D HYBRID,大貨車底盤,,0.0,0.0,國瑞 XKU720L-WCVTVR3 4009c.c. A6 2D HYBRID 大貨車底盤
國瑞汽車股份有限公司,C5D720002M-1,國產,MHM04.0FZA1-C4,N04C-WR,國瑞 XKU710L-WCVSVR3  4009c.c. A6 2D HYBRID 大貨車底盤,8000.0,0.0,國瑞 XKU710L-WCVSVR3 4009c.c. A6 2D HYBRID,大貨車底盤,,0.0,0.0,國瑞 XKU710L-WCVSVR3 4009c.c. A6 2D HYBRID 大貨車底盤
大益興業股份有限公司,C3D653003S-1,國產,MST07.3FZAX-C3,MC07H.35-60,賽德卡 C5H6A64LSS3S  7360c.c. A10 2D  大貨車底盤,18500.0,0.0,賽德卡 C5H6A64LSS3S 7360c.c. A10 2D,大貨車底盤,,0.0,0.0,賽德卡 C5H6A64LSS3S 7360c.c. A10 2D 大貨車底盤
大益興業股份有限公司,C3D653003S-1,國產,MST07.3FZAX-C3,MC07H.35-60,賽德卡 C5H6A64SAS3S  7360c.c. A10 2D  大貨車底盤,18500.0,0.0,賽德卡 C5H6A64SAS3S 7360c.c. A10 2D,大貨車底盤,,0.0,0.0,賽德卡 C5H6A64SAS3S 7360c.c. A10 2D 大貨車底盤
大益興業股份有限公司,C3D653003S-1,國產,MST07.3FZAX-C3,MC07H.35-60,賽德卡 C5H6A64LAF3S  7360c.c. A10 2D  大貨車底盤,18500.0,0.0,賽德卡 C5H6A64LAF3S 7360c.c. A10 2D,大貨車底盤,,0.0,0.0,賽德卡 C5H6A64LAF3S 7360c.c. A10 2D 大貨車底盤
大益興業股份有限公司,C3D653003S-1,國產,MST07.3FZAX-C3,MC07H.31-60,賽德卡 C5H6C57LSF1S  7360c.c. M9 2D  大貨車底盤,18500.0,0.0,賽德卡 C5H6C57LSF1S 7360c.c. M9 2D,大貨車底盤,,0.0,0.0,賽德卡 C5H6C57LSF1S 7360c.c. M9 2D 大貨車底盤
大益興業股份有限公司,C3D653003S-1,國產,MST07.3FZAX-C3,MC07H.31-60,賽德卡 C5H6A45MSS1S  7360c.c. A10 2D  大貨車底盤,18500.0,0.0,賽德卡 C5H6A45MSS1S 7360c.c. A10 2D,大貨車底盤,,0.0,0.0,賽德卡 C5H6A45MSS1S 7360c.c. A10 2D 大貨車底盤
大益興業股份有限公司,C3D653003S-1,國產,MST07.3FZAX-C3,MC07H.31-60,賽德卡 C5H6C50LSF1S  7360c.c. M9 2D  大貨車底盤,18500.0,0.0,賽德卡 C5H6C50LSF1S 7360c.c. M9 2D,大貨車底盤,,0.0,0.0,賽德卡 C5H6C50LSF1S 7360c.c. M9 2D 大貨車底盤
大益興業股份有限公司,C3D653003S-1,國產,MST07.3FZAX-C3,MC07H.35-60,賽德卡 C5H6A64MSF3S  7360c.c. A10 2D  大貨車底盤,18500.0,0.0,賽德卡 C5H6A64MSF3S 7360c.c. A10 2D,大貨車底盤,,0.0,0.0,賽德卡 C5H6A64MSF3S 7360c.c. A10 2D 大貨車底盤
大益興業股份有限公司,C3D653003S-1,國產,MST07.3FZAX-C3,MC07H.31-60,賽德卡 C5H6A57MSF1S  7360c.c. A10 2D  大貨車底盤,18500.0,0.0,賽德卡 C5H6A57MSF1S 7360c.c. A10 2D,大貨車底盤,,0.0,0.0,賽德卡 C5H6A57MSF1S 7360c.c. A10 2D 大貨車底盤
大益興業股份有限公司,C3D653003S-1,國產,MST07.3FZAX-C3,MC07H.31-60,賽德卡 C5H6C50LSS1S  7360c.c. M9 2D  大貨車底盤,18500.0,0.0,賽德卡 C5H6C50LSS1S 7360c.c. M9 2D,大貨車底盤,,0.0,0.0,賽德卡 C5H6C50LSS1S 7360c.c. M9 2D 大貨車底盤
大益興業股份有限公司,C3D653003S-1,國產,MST07.3FZAX-C3,MC07H.31-60,賽德卡 C5H6C45SSS1S  7360c.c. M9 2D  大貨車底盤,18500.0,0.0,賽德卡 C5H6C45SSS1S 7360c.c. M9 2D,大貨車底盤,,0.0,0.0,賽德卡 C5H6C45SSS1S 7360c.c. M9 2D 大貨車底盤
大益興業股份有限公司,C3D653003S-1,國產,MST07.3FZAX-C3,MC07H.31-60,賽德卡 C5H6C38MSS1B  7360c.c. M9 2D  大貨車底盤,18500.0,3.0,賽德卡 C5H6C38MSS1B 7360c.c. M9 2D,大貨車底盤,,0.0,3.0,賽德卡 C5H6C38MSS1B 7360c.c. M9 2D 大貨車底盤
大益興業股份有限公司,C3D653003S-1,國產,MST07.3FZAX-C3,MC07H.31-60,賽德卡 C5H6C57MSF1S  7360c.c. M9 2D  大貨車底盤,18500.0,0.0,賽德卡 C5H6C57MSF1S 7360c.c. M9 2D,大貨車底盤,,0.0,0.0,賽德卡 C5H6C57MSF1S 7360c.c. M9 2D 大貨車底盤
大益興業股份有限公司,C4D653002S-1,國產,MST07.3FZAX-C4,MC07H.31-60,賽德卡 C5H6C75LAF1S  7360c.c. M9 2D  大貨車底盤,28000.0,0.0,賽德卡 C5H6C75LAF1S 7360c.c. M9 2D,大貨車底盤,,0.0,0.0,賽德卡 C5H6C75LAF1S 7360c.c. M9 2D 大貨車底盤
大益興業股份有限公司,C4D653002S-1,國產,MST07.3FZAX-C4,MC07H.35-60,賽德卡 C5H6A75LAF3S  7360c.c. A10 2D  大貨車底盤,28000.0,1.0,賽德卡 C5H6A75LAF3S 7360c.c. A10 2D,大貨車底盤,,0.0,1.0,賽德卡 C5H6A75LAF3S 7360c.c. A10 2D 大貨車底盤
大益興業股份有限公司,C4D653002S-1,國產,MST07.3FZAX-C4,MC07H.31-60,賽德卡 C5H6C62LSF1S  7360c.c. M9 2D  大貨車底盤,18500.0,0.0,賽德卡 C5H6C62LSF1S 7360c.c. M9 2D,大貨車底盤,,0.0,0.0,賽德卡 C5H6C62LSF1S 7360c.c. M9 2D 大貨車底盤
大益興業股份有限公司,C4D653002S-1,國產,MST07.3FZAX-C4,MC07H.31-60,賽德卡 C5H6C57MSF1S  7360c.c. M9 2D  大貨車底盤,18500.0,1.0,賽德卡 C5H6C57MSF1S 7360c.c. M9 2D,大貨車底盤,,0.0,1.0,賽德卡 C5H6C57MSF1S 7360c.c. M9 2D 大貨車底盤
大益興業股份有限公司,C4D653002S-1,國產,MST07.3FZAX-C4,MC07H.31-60,賽德卡 C5H6A38MSF1S  7360c.c. A10 2D  大貨車底盤,18500.0,0.0,賽德卡 C5H6A38MSF1S 7360c.c. A10 2D,大貨車底盤,,0.0,0.0,賽德卡 C5H6A38MSF1S 7360c.c. A10 2D 大貨車底盤
大益興業股份有限公司,C4D653002S-1,國產,MST07.3FZAX-C4,MC07H.31-60,賽德卡 C5H6A45MSS1S  7360c.c. A10 2D  大貨車底盤,18500.0,0.0,賽德卡 C5H6A45MSS1S 7360c.c. A10 2D,大貨車底盤,,0.0,0.0,賽德卡 C5H6A45MSS1S 7360c.c. A10 2D 大貨車底盤
大益興業股份有限公司,C4D653002S-1,國產,MST07.3FZAX-C4,MC07H.31-60,賽德卡 C5H6C38MSS1S  7360c.c. M9 2D  大貨車底盤,18500.0,10.0,賽德卡 C5H6C38MSS1S 7360c.c. M9 2D,大貨車底盤,,0.0,10.0,賽德卡 C5H6C38MSS1S 7360c.c. M9 2D 大貨車底盤
大益興業股份有限公司,C4D653002S-1,國產,MST07.3FZAX-C4,MC07H.31-60,賽德卡 C5H6C64LSF1S  7360c.c. M9 2D  大貨車底盤,18500.0,2.0,賽德卡 C5H6C64LSF1S 7360c.c. M9 2D,大貨車底盤,,0.0,2.0,賽德卡 C5H6C64LSF1S 7360c.c. M9 2D 大貨車底盤
大益興業股份有限公司,C4D653002S-1,國產,MST07.3FZAX-C4,MC07H.31-60,賽德卡 C5H6C57MSF1C  7360c.c. M9 2D  大貨車底盤,18500.0,0.0,賽德卡 C5H6C57MSF1C 7360c.c. M9 2D,大貨車底盤,,0.0,0.0,賽德卡 C5H6C57MSF1C 7360c.c. M9 2D 大貨車底盤
大益興業股份有限公司,C4D653002S-1,國產,MST07.3FZAX-C4,MC07H.31-60,賽德卡 C5H6A57MSF1S  7360c.c. A10 2D  大貨車底盤,18500.0,0.0,賽德卡 C5H6A57MSF1S 7360c.c. A10 2D,大貨車底盤,,0.0,0.0,賽德卡 C5H6A57MSF1S 7360c.c. A10 2D 大貨車底盤
大益興業股份有限公司,C4D653002S-1,國產,MST07.3FZAX-C4,MC07H.31-60,賽德卡 C5H6A57MSF1C  7360c.c. A10 2D  大貨車底盤,18500.0,0.0,賽德卡 C5H6A57MSF1C 7360c.c. A10 2D,大貨車底盤,,0.0,0.0,賽德卡 C5H6A57MSF1C 7360c.c. A10 2D 大貨車底盤
大益興業股份有限公司,C4D653002S-1,國產,MST07.3FZAX-C4,MC07H.31-60,賽德卡 C5H6C38MSS1B  7360c.c. M9 2D  大貨車底盤,18500.0,32.0,賽德卡 C5H6C38MSS1B 7360c.c. M9 2D,大貨車底盤,,0.0,32.0,賽德卡 C5H6C38MSS1B 7360c.c. M9 2D 大貨車底盤
大益興業股份有限公司,C4D653002S-1,國產,MST07.3FZAX-C4,MC07H.31-60,賽德卡 C5H6C62MSF1S  7360c.c. M9 2D  大貨車底盤,18500.0,1.0,賽德卡 C5H6C62MSF1S 7360c.c. M9 2D,大貨車底盤,,0.0,1.0,賽德卡 C5H6C62MSF1S 7360c.c. M9 2D 大貨車底盤
大益興業股份有限公司,C4D653002S-1,國產,MST07.3FZAX-C4,MC07H.31-60,賽德卡 C5H6A38MSS1S  7360c.c. A10 2D  大貨車底盤,18500.0,0.0,賽德卡 C5H6A38MSS1S 7360c.c. A10 2D,大貨車底盤,,0.0,0.0,賽德卡 C5H6A38MSS1S 7360c.c. A10 2D 大貨車底盤
大益興業股份有限公司,C4D653002S-1,國產,MST07.3FZAX-C4,MC07H.31-60,賽德卡 C5H6A62MSF1S  7360c.c. A10 2D  大貨車底盤,18500.0,2.0,賽德卡 C5H6A62MSF1S 7360c.c. A10 2D,大貨車底盤,,0.0,2.0,賽德卡 C5H6A62MSF1S 7360c.c. A10 2D 大貨車底盤
大益興業股份有限公司,C4D653002S-1,國產,MST07.3FZAX-C4,MC07H.31-60,賽德卡 C5H6A62LSF1S  7360c.c. A10 2D  大貨車底盤,18500.0,0.0,賽德卡 C5H6A62LSF1S 7360c.c. A10 2D,大貨車底盤,,0.0,0.0,賽德卡 C5H6A62LSF1S 7360c.c. A10 2D 大貨車底盤
大益興業股份有限公司,C4D653002S-1,國產,MST07.3FZAX-C4,MC07H.35-60,賽德卡 C5H6A64LSF3S  7360c.c. A10 2D  大貨車底盤,18500.0,4.0,賽德卡 C5H6A64LSF3S 7360c.c. A10 2D,大貨車底盤,,0.0,4.0,賽德卡 C5H6A64LSF3S 7360c.c. A10 2D 大貨車底盤
大益興業股份有限公司,C4D653002S-1,國產,MST07.3FZAX-C4,MC07H.31-60,賽德卡 C5H6C45SSS1S  7360c.c. M9 2D  大貨車底盤,18500.0,2.0,賽德卡 C5H6C45SSS1S 7360c.c. M9 2D,大貨車底盤,,0.0,2.0,賽德卡 C5H6C45SSS1S 7360c.c. M9 2D 大貨車底盤
大益興業股份有限公司,C4D653002S-1,國產,MST07.3FZAX-C4,MC07H.31-60,賽德卡 C5H6A57LSF1S  7360c.c. A10 2D  大貨車底盤,18500.0,0.0,賽德卡 C5H6A57LSF1S 7360c.c. A10 2D,大貨車底盤,,0.0,0.0,賽德卡 C5H6A57LSF1S 7360c.c. A10 2D 大貨車底盤
大益興業股份有限公司,C4D653002S-1,國產,MST07.3FZAX-C4,MC07H.35-60,賽德卡 C5H6A62MSF3S  7360c.c. A10 2D  大貨車底盤,18500.0,1.0,賽德卡 C5H6A62MSF3S 7360c.c. A10 2D,大貨車底盤,,0.0,1.0,賽德卡 C5H6A62MSF3S 7360c.c. A10 2D 大貨車底盤
大益興業股份有限公司,C4D653002S-1,國產,MST07.3FZAX-C4,MC07H.31-60,賽德卡 C5H6A45SSS1S  7360c.c. A10 2D  大貨車底盤,18500.0,1.0,賽德卡 C5H6A45SSS1S 7360c.c. A10 2D,大貨車底盤,,0.0,1.0,賽德卡 C5H6A45SSS1S 7360c.c. A10 2D 大貨車底盤
大益興業股份有限公司,C4D653002S-1,國產,MST07.3FZAX-C4,MC07H.31-60,賽德卡 C5H6C50LSS1S  7360c.c. M9 2D  大貨車底盤,18500.0,1.0,賽德卡 C5H6C50LSS1S 7360c.c. M9 2D,大貨車底盤,,0.0,1.0,賽德卡 C5H6C50LSS1S 7360c.c. M9 2D 大貨車底盤
大益興業股份有限公司,C4D653002S-1,國產,MST07.3FZAX-C4,MC07H.35-60,賽德卡 C5H6A64LAF3S  7360c.c. A10 2D  大貨車底盤,18500.0,6.0,賽德卡 C5H6A64LAF3S 7360c.c. A10 2D,大貨車底盤,,0.0,6.0,賽德卡 C5H6A64LAF3S 7360c.c. A10 2D 大貨車底盤
大益興業股份有限公司,C4D653002S-1,國產,MST07.3FZAX-C4,MC07H.31-60,賽德卡 C5H6A62MAF1S  7360c.c. A10 2D  大貨車底盤,18500.0,1.0,賽德卡 C5H6A62MAF1S 7360c.c. A10 2D,大貨車底盤,,0.0,1.0,賽德卡 C5H6A62MAF1S 7360c.c. A10 2D 大貨車底盤
大益興業股份有限公司,C4D653002S-1,國產,MST07.3FZAX-C4,MC07H.31-60,賽德卡 C5H6C50LSF1S  7360c.c. M9 2D  大貨車底盤,18500.0,2.0,賽德卡 C5H6C50LSF1S 7360c.c. M9 2D,大貨車底盤,,0.0,2.0,賽德卡 C5H6C50LSF1S 7360c.c. M9 2D 大貨車底盤
大益興業股份有限公司,C4D653002S-1,國產,MST07.3FZAX-C4,MC07H.31-60,賽德卡 C5H6C57LSF1S  7360c.c. M9 2D  大貨車底盤,18500.0,2.0,賽德卡 C5H6C57LSF1S 7360c.c. M9 2D,大貨車底盤,,0.0,2.0,賽德卡 C5H6C57LSF1S 7360c.c. M9 2D 大貨車底盤
大益興業股份有限公司,C4D653002S-1,國產,MST07.3FZAX-C4,MC07H.31-60,賽德卡 C5H6A42MSS1S  7360c.c. A10 2D  大貨車底盤,18500.0,0.0,賽德卡 C5H6A42MSS1S 7360c.c. A10 2D,大貨車底盤,,0.0,0.0,賽德卡 C5H6A42MSS1S 7360c.c. A10 2D 大貨車底盤
大益興業股份有限公司,C4D653002S-1,國產,MST07.3FZAX-C4,MC07H.31-60,賽德卡 C5H6A42DSS1S  7360c.c. A10 4D  大貨車底盤,18500.0,9.0,賽德卡 C5H6A42DSS1S 7360c.c. A10 4D,大貨車底盤,,0.0,9.0,賽德卡 C5H6A42DSS1S 7360c.c. A10 4D 大貨車底盤
大益興業股份有限公司,C4D653002S-1,國產,MST07.3FZAX-C4,MC07H.35-60,賽德卡 C5H6A64MSF3S  7360c.c. A10 2D  大貨車底盤,18500.0,0.0,賽德卡 C5H6A64MSF3S 7360c.c. A10 2D,大貨車底盤,,0.0,0.0,賽德卡 C5H6A64MSF3S 7360c.c. A10 2D 大貨車底盤
大益興業股份有限公司,C4D653002S-1,國產,MST07.3FZAX-C4,MC07H.31-60,賽德卡 C5H6C57MSF1B  7360c.c. M9 2D  大貨車底盤,18500.0,0.0,賽德卡 C5H6C57MSF1B 7360c.c. M9 2D,大貨車底盤,,0.0,0.0,賽德卡 C5H6C57MSF1B 7360c.c. M9 2D 大貨車底盤
大益興業股份有限公司,C4D653002S-1,國產,MST07.3FZAX-C4,MC07H.35-60,賽德卡 C5H6A64SAS3S  7360c.c. A10 2D  大貨車底盤,18500.0,0.0,賽德卡 C5H6A64SAS3S 7360c.c. A10 2D,大貨車底盤,,0.0,0.0,賽德卡 C5H6A64SAS3S 7360c.c. A10 2D 大貨車底盤
大益興業股份有限公司,C4D653002S-1,國產,MST07.3FZAX-C4,MC07H.35-60,賽德卡 C5H6A64LSS3S  7360c.c. A10 2D  大貨車底盤,18500.0,3.0,賽德卡 C5H6A64LSS3S 7360c.c. A10 2D,大貨車底盤,,0.0,3.0,賽德卡 C5H6A64LSS3S 7360c.c. A10 2D 大貨車底盤
大益興業股份有限公司,C3D653005S-1,國產,MST10.5FZAX-C3,MC11.40-61,賽德卡 C7H6F6X4ASSS1B  10518c.c. M16 2D  大貨車底盤,21500.0,1.0,賽德卡 C7H6F6X4ASSS1B 10518c.c. M16 2D,大貨車底盤,,0.0,1.0,賽德卡 C7H6F6X4ASSS1B 10518c.c. M16 2D 大貨車底盤
大益興業股份有限公司,C3D653005S-1,國產,MST10.5FZAX-C3,MC11.46-61,賽德卡 C7H6F6X4ASSS3B  10518c.c. M16 2D  大貨車底盤,21500.0,1.0,賽德卡 C7H6F6X4ASSS3B 10518c.c. M16 2D,大貨車底盤,,0.0,1.0,賽德卡 C7H6F6X4ASSS3B 10518c.c. M16 2D 大貨車底盤
大益興業股份有限公司,C3D653005S-1,國產,MST10.5FZAX-C3,MC11.40-61,賽德卡 C7H6F6X4BSSS1B  10518c.c. M16 2D  大貨車底盤,24000.0,0.0,賽德卡 C7H6F6X4BSSS1B 10518c.c. M16 2D,大貨車底盤,,0.0,0.0,賽德卡 C7H6F6X4BSSS1B 10518c.c. M16 2D 大貨車底盤
大益興業股份有限公司,C3D653002S-1,進口,MST10.5FZAX-C3,MC11.46-61,SITRAK C7H6D6X2BLAF3BJ  10518c.c. A12 2D  曳引車,20000.0,0.0,SITRAK C7H6D6X2BLAF3BJ 10518c.c. A12 2D,曳引車,,0.0,0.0,SITRAK C7H6D6X2BLAF3BJ 10518c.c. A12 2D 曳引車
大益興業股份有限公司,C3D653002S-1,進口,MST10.5FZAX-C3,MC11.46-61,SITRAK C7H6D4X2ALSFJ  10518c.c. A12 2D  曳引車,20000.0,0.0,SITRAK C7H6D4X2ALSFJ 10518c.c. A12 2D,曳引車,,0.0,0.0,SITRAK C7H6D4X2ALSFJ 10518c.c. A12 2D 曳引車
大益興業股份有限公司,C3D653005S-1,國產,MST10.5FZAX-C3,MC11.46-61,賽德卡 C7H6F6X4DLSS3B  10518c.c. M16 2D  大貨車底盤,26000.0,1.0,賽德卡 C7H6F6X4DLSS3B 10518c.c. M16 2D,大貨車底盤,,0.0,1.0,賽德卡 C7H6F6X4DLSS3B 10518c.c. M16 2D 大貨車底盤
大益興業股份有限公司,C3D653002S-1,進口,MST10.5FZAX-C3,MC11.46-61,SITRAK C7H6D4X2ALAFJ  10518c.c. A12 2D  曳引車,20000.0,0.0,SITRAK C7H6D4X2ALAFJ 10518c.c. A12 2D,曳引車,,0.0,0.0,SITRAK C7H6D4X2ALAFJ 10518c.c. A12 2D 曳引車
大益興業股份有限公司,C3D653005S-1,國產,MST10.5FZAX-C3,MC11.46-61,賽德卡 C7H6D6X4BDSS3B  10518c.c. A12 4D  大貨車底盤,24000.0,0.0,賽德卡 C7H6D6X4BDSS3B 10518c.c. A12 4D,大貨車底盤,,0.0,0.0,賽德卡 C7H6D6X4BDSS3B 10518c.c. A12 4D 大貨車底盤
大益興業股份有限公司,C3D653002S-1,進口,MST10.5FZAX-C3,MC11.40-61,SITRAK C7H6F4X2ALAFJ  10518c.c. M16 2D  曳引車,20000.0,0.0,SITRAK C7H6F4X2ALAFJ 10518c.c. M16 2D,曳引車,,0.0,0.0,SITRAK C7H6F4X2ALAFJ 10518c.c. M16 2D 曳引車
大益興業股份有限公司,C3D653002S-1,進口,MST10.5FZAX-C3,MC11.40-61,SITRAK C7H6F4X2ALSFJ  10518c.c. M16 2D  曳引車,20000.0,0.0,SITRAK C7H6F4X2ALSFJ 10518c.c. M16 2D,曳引車,,0.0,0.0,SITRAK C7H6F4X2ALSFJ 10518c.c. M16 2D 曳引車
大益興業股份有限公司,C3D653002S-1,進口,MST10.5FZAX-C3,MC11.40-61,SITRAK C7H6A4X2ALSFJ  10518c.c. A16 2D  曳引車,20000.0,0.0,SITRAK C7H6A4X2ALSFJ 10518c.c. A16 2D,曳引車,,0.0,0.0,SITRAK C7H6A4X2ALSFJ 10518c.c. A16 2D 曳引車
大益興業股份有限公司,C3D653002S-1,進口,MST10.5FZAX-C3,MC11.40-61,SITRAK C7H6A4X2ALAFJ  10518c.c. A16 2D  曳引車,20000.0,0.0,SITRAK C7H6A4X2ALAFJ 10518c.c. A16 2D,曳引車,,0.0,0.0,SITRAK C7H6A4X2ALAFJ 10518c.c. A16 2D 曳引車
大益興業股份有限公司,C3D653005S-1,國產,MST10.5FZAX-C3,MC11.46-61,賽德卡 C7H6D6X2DLAF3B  10518c.c. A12 2D  大貨車底盤,26000.0,0.0,賽德卡 C7H6D6X2DLAF3B 10518c.c. A12 2D,大貨車底盤,,0.0,0.0,賽德卡 C7H6D6X2DLAF3B 10518c.c. A12 2D 大貨車底盤
大益興業股份有限公司,C4D653005S-1,進口,MST10.5FZAX-C4,MC11.40-61,SITRAK C7H6F4X2ALSFJ  10518c.c. M16 2D  曳引車,20000.0,0.0,SITRAK C7H6F4X2ALSFJ 10518c.c. M16 2D,曳引車,,0.0,0.0,SITRAK C7H6F4X2ALSFJ 10518c.c. M16 2D 曳引車
大益興業股份有限公司,C4D653005S-1,進口,MST10.5FZAX-C4,MC11.46-61,SITRAK C7H6D4X2ALAFJ  10518c.c. A12 2D  曳引車,20000.0,0.0,SITRAK C7H6D4X2ALAFJ 10518c.c. A12 2D,曳引車,,0.0,0.0,SITRAK C7H6D4X2ALAFJ 10518c.c. A12 2D 曳引車
大益興業股份有限公司,C4D653005S-1,進口,MST10.5FZAX-C4,MC11.40-61,SITRAK C7H6A4X2ALSFJ  10518c.c. A16 2D  曳引車,20000.0,0.0,SITRAK C7H6A4X2ALSFJ 10518c.c. A16 2D,曳引車,,0.0,0.0,SITRAK C7H6A4X2ALSFJ 10518c.c. A16 2D 曳引車
大益興業股份有限公司,C4D653003S-1,國產,MST10.5FZAX-C4,MC11.46-61,賽德卡 C7H6D6X2DLAF3B  10518c.c. A12 2D  大貨車底盤,26000.0,7.0,賽德卡 C7H6D6X2DLAF3B 10518c.c. A12 2D,大貨車底盤,,0.0,7.0,賽德卡 C7H6D6X2DLAF3B 10518c.c. A12 2D 大貨車底盤
大益興業股份有限公司,C4D653003S-1,國產,MST10.5FZAX-C4,MC11.46-61,賽德卡 C7H6F6X2DLAF3B  10518c.c. M16 2D  大貨車底盤,26000.0,3.0,賽德卡 C7H6F6X2DLAF3B 10518c.c. M16 2D,大貨車底盤,,0.0,3.0,賽德卡 C7H6F6X2DLAF3B 10518c.c. M16 2D 大貨車底盤
大益興業股份有限公司,C4D653003S-1,國產,MST10.5FZAX-C4,MC11.46-61,賽德卡 C7H6D6X4ESSS3B  10518c.c. A12 2D  大貨車底盤,25000.0,0.0,賽德卡 C7H6D6X4ESSS3B 10518c.c. A12 2D,大貨車底盤,,0.0,0.0,賽德卡 C7H6D6X4ESSS3B 10518c.c. A12 2D 大貨車底盤
大益興業股份有限公司,C4D653003S-1,國產,MST10.5FZAX-C4,MC11.46-61,賽德卡 C7H6F6X4ESSS3B  10518c.c. M16 2D  大貨車底盤,25000.0,12.0,賽德卡 C7H6F6X4ESSS3B 10518c.c. M16 2D,大貨車底盤,,0.0,12.0,賽德卡 C7H6F6X4ESSS3B 10518c.c. M16 2D 大貨車底盤
大益興業股份有限公司,C4D653003S-1,國產,MST10.5FZAX-C4,MC11.46-61,賽德卡 C7H6F8X4HLSF3S  10518c.c. M16 2D  大貨車底盤,35000.0,0.0,賽德卡 C7H6F8X4HLSF3S 10518c.c. M16 2D,大貨車底盤,,0.0,0.0,賽德卡 C7H6F8X4HLSF3S 10518c.c. M16 2D 大貨車底盤
大益興業股份有限公司,C4D653005S-1,進口,MST10.5FZAX-C4,MC11.40-61,SITRAK C7H6F4X2ALAFJ  10518c.c. M16 2D  曳引車,20000.0,0.0,SITRAK C7H6F4X2ALAFJ 10518c.c. M16 2D,曳引車,,0.0,0.0,SITRAK C7H6F4X2ALAFJ 10518c.c. M16 2D 曳引車
大益興業股份有限公司,C4D653003S-1,國產,MST10.5FZAX-C4,MC11.46-61,賽德卡 C7H6F6X4BSSF3B  10518c.c. M16 2D  大貨車底盤,24000.0,3.0,賽德卡 C7H6F6X4BSSF3B 10518c.c. M16 2D,大貨車底盤,,0.0,3.0,賽德卡 C7H6F6X4BSSF3B 10518c.c. M16 2D 大貨車底盤
大益興業股份有限公司,C4D653003S-1,國產,MST10.5FZAX-C4,MC11.46-61,賽德卡 C7H6F6X4DLSS3B  10518c.c. M16 2D  大貨車底盤,26000.0,8.0,賽德卡 C7H6F6X4DLSS3B 10518c.c. M16 2D,大貨車底盤,,0.0,8.0,賽德卡 C7H6F6X4DLSS3B 10518c.c. M16 2D 大貨車底盤
大益興業股份有限公司,C4D653003S-1,國產,MST10.5FZAX-C4,MC11.46-61,賽德卡 C7H6F6X4ESSF3B  10518c.c. M16 2D  大貨車底盤,25000.0,0.0,賽德卡 C7H6F6X4ESSF3B 10518c.c. M16 2D,大貨車底盤,,0.0,0.0,賽德卡 C7H6F6X4ESSF3B 10518c.c. M16 2D 大貨車底盤
大益興業股份有限公司,C4D653003S-1,國產,MST10.5FZAX-C4,MC11.46-61,賽德卡 C7H6F6X4ASSS3S  10518c.c. M16 2D  大貨車底盤,21500.0,5.0,賽德卡 C7H6F6X4ASSS3S 10518c.c. M16 2D,大貨車底盤,,0.0,5.0,賽德卡 C7H6F6X4ASSS3S 10518c.c. M16 2D 大貨車底盤
大益興業股份有限公司,C4D653005S-1,進口,MST10.5FZAX-C4,MC11.46-61,SITRAK C7H6K4X2ALAFJ  10518c.c. A12 2D  曳引車,20000.0,1.0,SITRAK C7H6K4X2ALAFJ 10518c.c. A12 2D,曳引車,,0.0,1.0,SITRAK C7H6K4X2ALAFJ 10518c.c. A12 2D 曳引車
大益興業股份有限公司,C4D653003S-1,國產,MST10.5FZAX-C4,MC11.46-61,賽德卡 C7H6D6X4BDSS3B  10518c.c. A12 4D  大貨車底盤,24000.0,1.0,賽德卡 C7H6D6X4BDSS3B 10518c.c. A12 4D,大貨車底盤,,0.0,1.0,賽德卡 C7H6D6X4BDSS3B 10518c.c. A12 4D 大貨車底盤
大益興業股份有限公司,C4D653003S-1,國產,MST10.5FZAX-C4,MC11.46-61,賽德卡 C7H6D6X4ESSS3B  10518c.c. A16 2D  大貨車底盤,25000.0,2.0,賽德卡 C7H6D6X4ESSS3B 10518c.c. A16 2D,大貨車底盤,,0.0,2.0,賽德卡 C7H6D6X4ESSS3B 10518c.c. A16 2D 大貨車底盤
大益興業股份有限公司,C4D653005S-1,進口,MST10.5FZAX-C4,MC11.46-61,SITRAK C7H6D6X2BLAF3BJ  10518c.c. A12 2D  曳引車,20000.0,0.0,SITRAK C7H6D6X2BLAF3BJ 10518c.c. A12 2D,曳引車,,0.0,0.0,SITRAK C7H6D6X2BLAF3BJ 10518c.c. A12 2D 曳引車
大益興業股份有限公司,C4D653003S-1,國產,MST10.5FZAX-C4,MC11.46-61,賽德卡 C7H6F6X4ASSS3B  10518c.c. M16 2D  大貨車底盤,21500.0,1.0,賽德卡 C7H6F6X4ASSS3B 10518c.c. M16 2D,大貨車底盤,,0.0,1.0,賽德卡 C7H6F6X4ASSS3B 10518c.c. M16 2D 大貨車底盤
大益興業股份有限公司,C4D653003S-1,國產,MST10.5FZAX-C4,MC11.40-61,賽德卡 C7H6F6X4ASSS1B  10518c.c. M16 2D  大貨車底盤,21500.0,4.0,賽德卡 C7H6F6X4ASSS1B 10518c.c. M16 2D,大貨車底盤,,0.0,4.0,賽德卡 C7H6F6X4ASSS1B 10518c.c. M16 2D 大貨車底盤
大益興業股份有限公司,C4D653003S-1,國產,MST10.5FZAX-C4,MC11.46-61,賽德卡 C7H6F6X4DLSF3B  10518c.c. M16 2D  大貨車底盤,26000.0,2.0,賽德卡 C7H6F6X4DLSF3B 10518c.c. M16 2D,大貨車底盤,,0.0,2.0,賽德卡 C7H6F6X4DLSF3B 10518c.c. M16 2D 大貨車底盤
大益興業股份有限公司,C4D653005S-1,進口,MST10.5FZAX-C4,MC11.46-61,SITRAK C7H6D4X2ALSFJ  10518c.c. A12 2D  曳引車,20000.0,0.0,SITRAK C7H6D4X2ALSFJ 10518c.c. A12 2D,曳引車,,0.0,0.0,SITRAK C7H6D4X2ALSFJ 10518c.c. A12 2D 曳引車
大益興業股份有限公司,C4D653003S-1,國產,MST10.5FZAX-C4,MC11.40-61,賽德卡 C7H6F6X4BSSS1B  10518c.c. M16 2D  大貨車底盤,24000.0,0.0,賽德卡 C7H6F6X4BSSS1B 10518c.c. M16 2D,大貨車底盤,,0.0,0.0,賽德卡 C7H6F6X4BSSS1B 10518c.c. M16 2D 大貨車底盤
大益興業股份有限公司,C4D653005S-1,進口,MST10.5FZAX-C4,MC11.40-61,SITRAK C7H6A4X2ALAFJ  10518c.c. A16 2D  曳引車,20000.0,1.0,SITRAK C7H6A4X2ALAFJ 10518c.c. A16 2D,曳引車,,0.0,1.0,SITRAK C7H6A4X2ALAFJ 10518c.c. A16 2D 曳引車
大益興業股份有限公司,C3D653001S-1,進口,MST12.4FZAX-C3,MC13.50-61,SITRAK C7H6D4X2AFSFJ  12419c.c. A12 2D  曳引車,35000.0,0.0,SITRAK C7H6D4X2AFSFJ 12419c.c. A12 2D,曳引車,,0.0,0.0,SITRAK C7H6D4X2AFSFJ 12419c.c. A12 2D 曳引車
大益興業股份有限公司,C3D653001S-1,進口,MST12.4FZAX-C3,MC13.54-61,SITRAK C7H6K4X2AFSFJ  12419c.c. A12 2D  曳引車,35000.0,0.0,SITRAK C7H6K4X2AFSFJ 12419c.c. A12 2D,曳引車,,0.0,0.0,SITRAK C7H6K4X2AFSFJ 12419c.c. A12 2D 曳引車
大益興業股份有限公司,C3D653001S-1,進口,MST12.4FZAX-C3,MC13.54-61,SITRAK C7H6J6X4BFSS5BJ  12419c.c. M16 2D  曳引車,43000.0,2.0,SITRAK C7H6J6X4BFSS5BJ 12419c.c. M16 2D,曳引車,,0.0,2.0,SITRAK C7H6J6X4BFSS5BJ 12419c.c. M16 2D 曳引車
大益興業股份有限公司,C3D653001S-1,進口,MST12.4FZAX-C3,MC13.54-61,SITRAK C7H6D6X2BFAF5BJ  12419c.c. A12 2D  曳引車,43000.0,0.0,SITRAK C7H6D6X2BFAF5BJ 12419c.c. A12 2D,曳引車,,0.0,0.0,SITRAK C7H6D6X2BFAF5BJ 12419c.c. A12 2D 曳引車
大益興業股份有限公司,C3D653001S-1,進口,MST12.4FZAX-C3,MC13.50-61,SITRAK C7H6D6X2CFAF4AJ  12419c.c. A12 2D  曳引車,43000.0,0.0,SITRAK C7H6D6X2CFAF4AJ 12419c.c. A12 2D,曳引車,,0.0,0.0,SITRAK C7H6D6X2CFAF4AJ 12419c.c. A12 2D 曳引車
大益興業股份有限公司,C3D653004S-1,國產,MST12.4FZAX-C3,MC13.54-61,賽德卡 C7H6D8X2GFAF5S  12419c.c. A12 2D  大貨車底盤,32000.0,0.0,賽德卡 C7H6D8X2GFAF5S 12419c.c. A12 2D,大貨車底盤,,0.0,0.0,賽德卡 C7H6D8X2GFAF5S 12419c.c. A12 2D 大貨車底盤
大益興業股份有限公司,C3D653001S-1,進口,MST12.4FZAX-C3,MC13.54-61,SITRAK C7H6K6X2BFAF5BJ  12419c.c. A12 2D  曳引車,43000.0,0.0,SITRAK C7H6K6X2BFAF5BJ 12419c.c. A12 2D,曳引車,,0.0,0.0,SITRAK C7H6K6X2BFAF5BJ 12419c.c. A12 2D 曳引車
大益興業股份有限公司,C3D653001S-1,進口,MST12.4FZAX-C3,MC13.50-61,SITRAK C7H6J4X2AFSFJ  12419c.c. M16 2D  曳引車,35000.0,0.0,SITRAK C7H6J4X2AFSFJ 12419c.c. M16 2D,曳引車,,0.0,0.0,SITRAK C7H6J4X2AFSFJ 12419c.c. M16 2D 曳引車
大益興業股份有限公司,C3D653001S-1,進口,MST12.4FZAX-C3,MC13.54-61,SITRAK C7H6D6X2BFAF5AJ  12419c.c. A12 2D  曳引車,43000.0,0.0,SITRAK C7H6D6X2BFAF5AJ 12419c.c. A12 2D,曳引車,,0.0,0.0,SITRAK C7H6D6X2BFAF5AJ 12419c.c. A12 2D 曳引車
大益興業股份有限公司,C4D653004S-1,進口,MST12.4FZAX-C4,MC13.54-61,SITRAK C7H6K6X2BHAF5BJ  12419c.c. A12 2D  曳引車,43000.0,1.0,SITRAK C7H6K6X2BHAF5BJ 12419c.c. A12 2D,曳引車,,0.0,1.0,SITRAK C7H6K6X2BHAF5BJ 12419c.c. A12 2D 曳引車
大益興業股份有限公司,C4D653004S-1,進口,MST12.4FZAX-C4,MC13.54-61,SITRAK C7H6J6X4BFSS5BJ  12419c.c. M16 2D  曳引車,43000.0,0.0,SITRAK C7H6J6X4BFSS5BJ 12419c.c. M16 2D,曳引車,,0.0,0.0,SITRAK C7H6J6X4BFSS5BJ 12419c.c. M16 2D 曳引車
大益興業股份有限公司,C4D653004S-1,進口,MST12.4FZAX-C4,MC13.54-61,SITRAK C7H6K4X2AFSFJ  12419c.c. A12 2D  曳引車,35000.0,0.0,SITRAK C7H6K4X2AFSFJ 12419c.c. A12 2D,曳引車,,0.0,0.0,SITRAK C7H6K4X2AFSFJ 12419c.c. A12 2D 曳引車
大益興業股份有限公司,C4D653001S-1,國產,MST12.4FZAX-C4,MC13.54-61,賽德卡 C7H6D6X2DFAF5B  12419c.c. A12 2D  大貨車底盤,26000.0,0.0,賽德卡 C7H6D6X2DFAF5B 12419c.c. A12 2D,大貨車底盤,,0.0,0.0,賽德卡 C7H6D6X2DFAF5B 12419c.c. A12 2D 大貨車底盤
大益興業股份有限公司,C4D653004S-1,進口,MST12.4FZAX-C4,MC13.50-61,SITRAK C7H6J4X2AFSFJ  12419c.c. M16 2D  曳引車,35000.0,0.0,SITRAK C7H6J4X2AFSFJ 12419c.c. M16 2D,曳引車,,0.0,0.0,SITRAK C7H6J4X2AFSFJ 12419c.c. M16 2D 曳引車
大益興業股份有限公司,C4D653004S-1,進口,MST12.4FZAX-C4,MC13.54-61,SITRAK C7H6D6X2BFAF5BJ  12419c.c. A12 2D  曳引車,43000.0,0.0,SITRAK C7H6D6X2BFAF5BJ 12419c.c. A12 2D,曳引車,,0.0,0.0,SITRAK C7H6D6X2BFAF5BJ 12419c.c. A12 2D 曳引車
大益興業股份有限公司,C4D653001S-1,國產,MST12.4FZAX-C4,MC13.54-61,賽德卡 C7H6D8X2GFAF5S  12419c.c. A12 2D  大貨車底盤,32000.0,3.0,賽德卡 C7H6D8X2GFAF5S 12419c.c. A12 2D,大貨車底盤,,0.0,3.0,賽德卡 C7H6D8X2GFAF5S 12419c.c. A12 2D 大貨車底盤
大益興業股份有限公司,C4D653004S-1,進口,MST12.4FZAX-C4,MC13.50-61,SITRAK C7H6D4X2AFSFJ  12419c.c. A12 2D  曳引車,35000.0,0.0,SITRAK C7H6D4X2AFSFJ 12419c.c. A12 2D,曳引車,,0.0,0.0,SITRAK C7H6D4X2AFSFJ 12419c.c. A12 2D 曳引車
大益興業股份有限公司,C4D653004S-1,進口,MST12.4FZAX-C4,MC13.54-61,SITRAK C7H6K4X2AHAFJ  12419c.c. A12 2D  曳引車,20000.0,0.0,SITRAK C7H6K4X2AHAFJ 12419c.c. A12 2D,曳引車,,0.0,0.0,SITRAK C7H6K4X2AHAFJ 12419c.c. A12 2D 曳引車
大益興業股份有限公司,C4D653004S-1,進口,MST12.4FZAX-C4,MC13.50-61,SITRAK C7H6D6X2CFAF4AJ  12419c.c. A12 2D  曳引車,43000.0,1.0,SITRAK C7H6D6X2CFAF4AJ 12419c.c. A12 2D,曳引車,,0.0,1.0,SITRAK C7H6D6X2CFAF4AJ 12419c.c. A12 2D 曳引車
大益興業股份有限公司,C4D653004S-1,進口,MST12.4FZAX-C4,MC13.50-61,SITRAK C7H6K6X2CFAF4AJ  12419c.c. A12 2D  曳引車,20000.0,1.0,SITRAK C7H6K6X2CFAF4AJ 12419c.c. A12 2D,曳引車,,0.0,1.0,SITRAK C7H6K6X2CFAF4AJ 12419c.c. A12 2D 曳引車
大益興業股份有限公司,C4D653004S-1,進口,MST12.4FZAX-C4,MC13.54-61,SITRAK C7H6D6X2BFAF5AJ  12419c.c. A12 2D  曳引車,43000.0,0.0,SITRAK C7H6D6X2BFAF5AJ 12419c.c. A12 2D,曳引車,,0.0,0.0,SITRAK C7H6D6X2BFAF5AJ 12419c.c. A12 2D 曳引車
大益興業股份有限公司,C4D653004S-1,進口,MST12.4FZAX-C4,MC13.54-61,SITRAK C7H6K6X2BFAF5BJ  12419c.c. A12 2D  曳引車,43000.0,8.0,SITRAK C7H6K6X2BFAF5BJ 12419c.c. A12 2D,曳引車,,0.0,8.0,SITRAK C7H6K6X2BFAF5BJ 12419c.c. A12 2D 曳引車
寶立華車輛工業股份有限公司,C0D621002S-1,國產,JQI02.94KH1-C0,4KH1CN6LB,寶立華慶鈴 QL1040BUEACYT-C  2999c.c. M5 2D  小貨車底盤,3490.0,0.0,寶立華慶鈴 QL1040BUEACYT-C 2999c.c. M5 2D,小貨車底盤,,0.0,0.0,寶立華慶鈴 QL1040BUEACYT-C 2999c.c. M5 2D 小貨車底盤
寶立華車輛工業股份有限公司,C0D621002S-1,國產,JQI02.94KH1-C0,4KH1CN6LB,寶立華慶鈴 QL1040BUEACYT  2999c.c. M5 2D  框式小貨車,3490.0,0.0,寶立華慶鈴 QL1040BUEACYT 2999c.c. M5 2D,框式小貨車,,0.0,0.0,寶立華慶鈴 QL1040BUEACYT 2999c.c. M5 2D 框式小貨車
寶立華車輛工業股份有限公司,C1D621001S-1,國產,JQI02.94KH1-C1,4KH1CN6LB,寶立華慶鈴 QL1040BUEACYT-C  2999c.c. M5 2D  小貨車底盤,3490.0,0.0,寶立華慶鈴 QL1040BUEACYT-C 2999c.c. M5 2D,小貨車底盤,,0.0,0.0,寶立華慶鈴 QL1040BUEACYT-C 2999c.c. M5 2D 小貨車底盤
寶立華車輛工業股份有限公司,C1D621001S-1,國產,JQI02.94KH1-C1,4KH1CN6LB,寶立華慶鈴 QL1040BUEACYT  2999c.c. M5 2D  框式小貨車,3490.0,0.0,寶立華慶鈴 QL1040BUEACYT 2999c.c. M5 2D,框式小貨車,,0.0,0.0,寶立華慶鈴 QL1040BUEACYT 2999c.c. M5 2D 框式小貨車
寶立華車輛工業股份有限公司,C2D621001S-1,國產,JQI02.94KH1-C2,4KH1CN6LB,寶立華慶鈴 QL1040BUEACYT  2999c.c. M5 2D  框式小貨車,3490.0,0.0,寶立華慶鈴 QL1040BUEACYT 2999c.c. M5 2D,框式小貨車,,0.0,0.0,寶立華慶鈴 QL1040BUEACYT 2999c.c. M5 2D 框式小貨車
寶立華車輛工業股份有限公司,C2D621001S-1,國產,JQI02.94KH1-C2,4KH1CN6LB,寶立華慶鈴 QL1040BUEACYT-C  2999c.c. M5 2D  小貨車底盤,3490.0,0.0,寶立華慶鈴 QL1040BUEACYT-C 2999c.c. M5 2D,小貨車底盤,,0.0,0.0,寶立華慶鈴 QL1040BUEACYT-C 2999c.c. M5 2D 小貨車底盤
寶立華車輛工業股份有限公司,C3D621001S-1,國產,JQI02.94KH1-C3,4KH1CN6LB,寶立華慶鈴 QL1040BUEACYT  2999c.c. M5 2D  框式小貨車,3490.0,0.0,寶立華慶鈴 QL1040BUEACYT 2999c.c. M5 2D,框式小貨車,,0.0,0.0,寶立華慶鈴 QL1040BUEACYT 2999c.c. M5 2D 框式小貨車
寶立華車輛工業股份有限公司,C3D621001S-1,國產,JQI02.94KH1-C3,4KH1CN6LB,寶立華慶鈴 QL1040BUEACYT-C  2999c.c. M5 2D  小貨車底盤,3490.0,0.0,寶立華慶鈴 QL1040BUEACYT-C 2999c.c. M5 2D,小貨車底盤,,0.0,0.0,寶立華慶鈴 QL1040BUEACYT-C 2999c.c. M5 2D 小貨車底盤
常榮機械股份有限公司,B9D672001I-1,進口,IFPT6728JA0-B9,F4AFE611D＊J,IVECO ML180E32P 6570  6728c.c. A12 2D  大貨車底盤,18000.0,0.0,IVECO ML180E32P 6570 6728c.c. A12 2D,大貨車底盤,,0.0,0.0,IVECO ML180E32P 6570 6728c.c. A12 2D 大貨車底盤
常榮機械股份有限公司,C1D672001I-1,進口,KFPT6728JA0-C1,F4AFE611D＊N,IVECO ML180E32K 3690  6728c.c. M9 2D  大貨車底盤,18500.0,0.0,IVECO ML180E32K 3690 6728c.c. M9 2D,大貨車底盤,,0.0,0.0,IVECO ML180E32K 3690 6728c.c. M9 2D 大貨車底盤
常榮機械股份有限公司,C1D672001I-1,進口,KFPT6728JA0-C1,F4AFE611K＊N,IVECO ML150E28W 4X4 3915  6728c.c. M6 2D  大貨車底盤,15000.0,0.0,IVECO ML150E28W 4X4 3915 6728c.c. M6 2D,大貨車底盤,,0.0,0.0,IVECO ML150E28W 4X4 3915 6728c.c. M6 2D 大貨車底盤
常榮機械股份有限公司,C1D672001I-1,進口,KFPT6728JA0-C1,F4AFE611D＊N,IVECO ML180E32 5175  6728c.c. M9 2D  大貨車底盤,18500.0,0.0,IVECO ML180E32 5175 6728c.c. M9 2D,大貨車底盤,,0.0,0.0,IVECO ML180E32 5175 6728c.c. M9 2D 大貨車底盤
常榮機械股份有限公司,C1D672001I-1,進口,KFPT6728JA0-C1,F4AFE611D＊N,IVECO ML180E32 6570  6728c.c. M9 2D  大貨車底盤,18500.0,0.0,IVECO ML180E32 6570 6728c.c. M9 2D,大貨車底盤,,0.0,0.0,IVECO ML180E32 6570 6728c.c. M9 2D 大貨車底盤
常榮機械股份有限公司,C1D672001I-1,進口,KFPT6728JA0-C1,F4AFE611D＊N,IVECO ML180E32 4185  6728c.c. A12 2D  大貨車底盤,18500.0,0.0,IVECO ML180E32 4185 6728c.c. A12 2D,大貨車底盤,,0.0,0.0,IVECO ML180E32 4185 6728c.c. A12 2D 大貨車底盤
常榮機械股份有限公司,C1D672001I-1,進口,KFPT6728JA0-C1,F4AFE611D＊N,IVECO ML180E32 6210  6728c.c. M9 2D  大貨車底盤,18500.0,0.0,IVECO ML180E32 6210 6728c.c. M9 2D,大貨車底盤,,0.0,0.0,IVECO ML180E32 6210 6728c.c. M9 2D 大貨車底盤
常榮機械股份有限公司,C1D672001I-1,進口,KFPT6728JA0-C1,F4AFE611E＊N,IVECO ML150E25D 4455  6728c.c. A6 4D  大貨車底盤,15000.0,0.0,IVECO ML150E25D 4455 6728c.c. A6 4D,大貨車底盤,,0.0,0.0,IVECO ML150E25D 4455 6728c.c. A6 4D 大貨車底盤
常榮機械股份有限公司,C1D672001I-1,進口,KFPT6728JA0-C1,F4AFE611D＊N,IVECO ML180E32 6210  6728c.c. A12 2D  大貨車底盤,18500.0,0.0,IVECO ML180E32 6210 6728c.c. A12 2D,大貨車底盤,,0.0,0.0,IVECO ML180E32 6210 6728c.c. A12 2D 大貨車底盤
常榮機械股份有限公司,C1D672001I-1,進口,KFPT6728JA0-C1,F4AFE611K＊N,IVECO ML150E28W 4X4 4150  6728c.c. M6 2D  大貨車底盤,15000.0,0.0,IVECO ML150E28W 4X4 4150 6728c.c. M6 2D,大貨車底盤,,0.0,0.0,IVECO ML150E28W 4X4 4150 6728c.c. M6 2D 大貨車底盤
常榮機械股份有限公司,C1D672001I-1,進口,KFPT6728JA0-C1,F4AFE611D＊N,IVECO ML180E32 4185  6728c.c. M9 2D  大貨車底盤,18500.0,0.0,IVECO ML180E32 4185 6728c.c. M9 2D,大貨車底盤,,0.0,0.0,IVECO ML180E32 4185 6728c.c. M9 2D 大貨車底盤
常榮機械股份有限公司,C1D672001I-1,進口,KFPT6728JA0-C1,F4AFE611D＊N,IVECO ML180E32 5175  6728c.c. A12 2D  大貨車底盤,18500.0,0.0,IVECO ML180E32 5175 6728c.c. A12 2D,大貨車底盤,,0.0,0.0,IVECO ML180E32 5175 6728c.c. A12 2D 大貨車底盤
常榮機械股份有限公司,C1D672001I-1,進口,KFPT6728JA0-C1,F4AFE611D＊N,IVECO ML180E32 6570  6728c.c. A12 2D  大貨車底盤,18500.0,0.0,IVECO ML180E32 6570 6728c.c. A12 2D,大貨車底盤,,0.0,0.0,IVECO ML180E32 6570 6728c.c. A12 2D 大貨車底盤
常榮機械股份有限公司,C1D672001I-1,進口,KFPT6728JA0-C1,F4AFE611D＊N,IVECO ML180E32K 3690  6728c.c. A12 2D  大貨車底盤,18500.0,0.0,IVECO ML180E32K 3690 6728c.c. A12 2D,大貨車底盤,,0.0,0.0,IVECO ML180E32K 3690 6728c.c. A12 2D 大貨車底盤
常榮機械股份有限公司,C1D672001I-1,進口,KFPT6728JA0-C1,F4AFE611D＊N,IVECO ML180E32 5670  6728c.c. M9 2D  大貨車底盤,18500.0,0.0,IVECO ML180E32 5670 6728c.c. M9 2D,大貨車底盤,,0.0,0.0,IVECO ML180E32 5670 6728c.c. M9 2D 大貨車底盤
常榮機械股份有限公司,C1D672001I-1,進口,KFPT6728JA0-C1,F4AFE611K＊N,IVECO ML150E28W 4X4 3690  6728c.c. M6 2D  大貨車底盤,15000.0,0.0,IVECO ML150E28W 4X4 3690 6728c.c. M6 2D,大貨車底盤,,0.0,0.0,IVECO ML150E28W 4X4 3690 6728c.c. M6 2D 大貨車底盤
常榮機械股份有限公司,C1D672001I-1,進口,KFPT6728JA0-C1,F4AFE611D＊N,IVECO ML180E32 5670  6728c.c. A12 2D  大貨車底盤,18500.0,0.0,IVECO ML180E32 5670 6728c.c. A12 2D,大貨車底盤,,0.0,0.0,IVECO ML180E32 5670 6728c.c. A12 2D 大貨車底盤
常榮機械股份有限公司,C1D672002I-1,進口,LFPT6728JA0,F4AFE611D＊P,IVECO ML180E32K 3690  6728c.c. A12 2D  大貨車底盤,18500.0,0.0,IVECO ML180E32K 3690 6728c.c. A12 2D,大貨車底盤,,0.0,0.0,IVECO ML180E32K 3690 6728c.c. A12 2D 大貨車底盤
常榮機械股份有限公司,C1D672002I-1,進口,LFPT6728JA0,F4AFE611D＊P,IVECO ML180E32 5175  6728c.c. M9 2D  大貨車底盤,18500.0,0.0,IVECO ML180E32 5175 6728c.c. M9 2D,大貨車底盤,,0.0,0.0,IVECO ML180E32 5175 6728c.c. M9 2D 大貨車底盤
常榮機械股份有限公司,C1D672002I-1,進口,LFPT6728JA0,F4AFE611D＊P,IVECO ML180E32 5670  6728c.c. M9 2D  大貨車底盤,18500.0,0.0,IVECO ML180E32 5670 6728c.c. M9 2D,大貨車底盤,,0.0,0.0,IVECO ML180E32 5670 6728c.c. M9 2D 大貨車底盤
常榮機械股份有限公司,C1D672002I-1,進口,LFPT6728JA0,F4AFE611D＊P,IVECO ML180E32 4185  6728c.c. A12 2D  大貨車底盤,18500.0,0.0,IVECO ML180E32 4185 6728c.c. A12 2D,大貨車底盤,,0.0,0.0,IVECO ML180E32 4185 6728c.c. A12 2D 大貨車底盤
常榮機械股份有限公司,C1D672002I-1,進口,LFPT6728JA0,F4AFE611D＊P,IVECO ML180E32 6210  6728c.c. A12 2D  大貨車底盤,18500.0,0.0,IVECO ML180E32 6210 6728c.c. A12 2D,大貨車底盤,,0.0,0.0,IVECO ML180E32 6210 6728c.c. A12 2D 大貨車底盤
常榮機械股份有限公司,C1D672002I-1,進口,LFPT6728JA0,F4AFE611D＊P,IVECO ML180E32 6210  6728c.c. M9 2D  大貨車底盤,18500.0,0.0,IVECO ML180E32 6210 6728c.c. M9 2D,大貨車底盤,,0.0,0.0,IVECO ML180E32 6210 6728c.c. M9 2D 大貨車底盤
常榮機械股份有限公司,C1D672002I-1,進口,LFPT6728JA0,F4AFE611D＊P,IVECO ML180E32 6570  6728c.c. M9 2D  大貨車底盤,18500.0,0.0,IVECO ML180E32 6570 6728c.c. M9 2D,大貨車底盤,,0.0,0.0,IVECO ML180E32 6570 6728c.c. M9 2D 大貨車底盤
常榮機械股份有限公司,C1D672002I-1,進口,LFPT6728JA0,F4AFE611D＊P,IVECO ML180E32K 3690  6728c.c. M9 2D  大貨車底盤,18500.0,0.0,IVECO ML180E32K 3690 6728c.c. M9 2D,大貨車底盤,,0.0,0.0,IVECO ML180E32K 3690 6728c.c. M9 2D 大貨車底盤
常榮機械股份有限公司,C1D672002I-1,進口,LFPT6728JA0,F4AFE611D＊P,IVECO ML180E32 6570  6728c.c. A12 2D  大貨車底盤,18500.0,0.0,IVECO ML180E32 6570 6728c.c. A12 2D,大貨車底盤,,0.0,0.0,IVECO ML180E32 6570 6728c.c. A12 2D 大貨車底盤
常榮機械股份有限公司,C1D672002I-1,進口,LFPT6728JA0,F4AFE611D＊P,IVECO ML180E32 4185  6728c.c. M9 2D  大貨車底盤,18500.0,6.0,IVECO ML180E32 4185 6728c.c. M9 2D,大貨車底盤,,0.0,6.0,IVECO ML180E32 4185 6728c.c. M9 2D 大貨車底盤
常榮機械股份有限公司,C1D672002I-1,進口,LFPT6728JA0,F4AFE611D＊P,IVECO ML180E32 5670  6728c.c. A12 2D  大貨車底盤,18500.0,0.0,IVECO ML180E32 5670 6728c.c. A12 2D,大貨車底盤,,0.0,0.0,IVECO ML180E32 5670 6728c.c. A12 2D 大貨車底盤
常榮機械股份有限公司,C1D672002I-1,進口,LFPT6728JA0,F4AFE611D＊P,IVECO ML180E32 5175  6728c.c. A12 2D  大貨車底盤,18500.0,0.0,IVECO ML180E32 5175 6728c.c. A12 2D,大貨車底盤,,0.0,0.0,IVECO ML180E32 5175 6728c.c. A12 2D 大貨車底盤
常榮機械股份有限公司,C3D672001I-1,進口,NFPT6728JA0,F4AFE611D＊P,IVECO ML180E32 5175  6728c.c. M9 2D  大貨車底盤,18500.0,2.0,IVECO ML180E32 5175 6728c.c. M9 2D,大貨車底盤,,0.0,2.0,IVECO ML180E32 5175 6728c.c. M9 2D 大貨車底盤
常榮機械股份有限公司,C3D672001I-1,進口,NFPT6728JA0,F4AFE611D＊P,IVECO ML180E32 3690  6728c.c. A12 2D  大貨車底盤,18500.0,0.0,IVECO ML180E32 3690 6728c.c. A12 2D,大貨車底盤,,0.0,0.0,IVECO ML180E32 3690 6728c.c. A12 2D 大貨車底盤
常榮機械股份有限公司,C3D672001I-1,進口,NFPT6728JA0,F4AFE611D＊P,IVECO ML180E32 5175  6728c.c. A12 2D  大貨車底盤,18500.0,2.0,IVECO ML180E32 5175 6728c.c. A12 2D,大貨車底盤,,0.0,2.0,IVECO ML180E32 5175 6728c.c. A12 2D 大貨車底盤
常榮機械股份有限公司,C3D672001I-1,進口,NFPT6728JA0,F4AFE611D＊P,IVECO ML180E32 4185  6728c.c. A12 2D  大貨車底盤,18500.0,0.0,IVECO ML180E32 4185 6728c.c. A12 2D,大貨車底盤,,0.0,0.0,IVECO ML180E32 4185 6728c.c. A12 2D 大貨車底盤
常榮機械股份有限公司,C3D672001I-1,進口,NFPT6728JA0,F4AFE611D＊P,IVECO ML180E32 6210  6728c.c. A12 2D  大貨車底盤,18500.0,1.0,IVECO ML180E32 6210 6728c.c. A12 2D,大貨車底盤,,0.0,1.0,IVECO ML180E32 6210 6728c.c. A12 2D 大貨車底盤
常榮機械股份有限公司,C3D672001I-1,進口,NFPT6728JA0,F4AFE611D＊P,IVECO ML180E32 6570  6728c.c. A12 2D  大貨車底盤,18500.0,12.0,IVECO ML180E32 6570 6728c.c. A12 2D,大貨車底盤,,0.0,12.0,IVECO ML180E32 6570 6728c.c. A12 2D 大貨車底盤
常榮機械股份有限公司,C3D672001I-1,進口,NFPT6728JA0,F4AFE611D＊P,IVECO ML180E32 6570  6728c.c. M9 2D  大貨車底盤,18500.0,0.0,IVECO ML180E32 6570 6728c.c. M9 2D,大貨車底盤,,0.0,0.0,IVECO ML180E32 6570 6728c.c. M9 2D 大貨車底盤
常榮機械股份有限公司,C3D672001I-1,進口,NFPT6728JA0,F4AFE611D＊P,IVECO ML180E32 4185  6728c.c. M9 2D  大貨車底盤,18500.0,4.0,IVECO ML180E32 4185 6728c.c. M9 2D,大貨車底盤,,0.0,4.0,IVECO ML180E32 4185 6728c.c. M9 2D 大貨車底盤
常榮機械股份有限公司,C3D672001I-1,進口,NFPT6728JA0,F4AFE611D＊P,IVECO ML180E32 3690  6728c.c. M9 2D  大貨車底盤,18500.0,3.0,IVECO ML180E32 3690 6728c.c. M9 2D,大貨車底盤,,0.0,3.0,IVECO ML180E32 3690 6728c.c. M9 2D 大貨車底盤
常榮機械股份有限公司,C3D672001I-1,進口,NFPT6728JA0,F4AFE611D＊P,IVECO ML180E32 5670  6728c.c. A12 2D  大貨車底盤,18500.0,1.0,IVECO ML180E32 5670 6728c.c. A12 2D,大貨車底盤,,0.0,1.0,IVECO ML180E32 5670 6728c.c. A12 2D 大貨車底盤
常榮機械股份有限公司,C3D672001I-1,進口,NFPT6728JA0,F4AFE611D＊P,IVECO ML180E32 6210  6728c.c. M9 2D  大貨車底盤,18500.0,0.0,IVECO ML180E32 6210 6728c.c. M9 2D,大貨車底盤,,0.0,0.0,IVECO ML180E32 6210 6728c.c. M9 2D 大貨車底盤
常榮機械股份有限公司,C3D672001I-1,進口,NFPT6728JA0,F4AFE611D＊P,IVECO ML180E32 5670  6728c.c. M9 2D  大貨車底盤,18500.0,2.0,IVECO ML180E32 5670 6728c.c. M9 2D,大貨車底盤,,0.0,2.0,IVECO ML180E32 5670 6728c.c. M9 2D 大貨車底盤
德曼汽車股份有限公司,C2D675003G-1,進口,KMN06.8FZA0-C2,D0836LFLAQ,MAN TGL 12.250 4X2 BB  6871c.c. A12 4D  消防車底盤,12800.0,0.0,MAN TGL 12.250 4X2 BB 6871c.c. A12 4D,消防車底盤,,0.0,0.0,MAN TGL 12.250 4X2 BB 6871c.c. A12 4D 消防車底盤
德曼汽車股份有限公司,C2D675003G-1,進口,KMN06.8FZA0-C2,D0836LFLAQ,MAN TGM 15.250 4X2 BB  6871c.c. A12 2D  消防車底盤,15000.0,0.0,MAN TGM 15.250 4X2 BB 6871c.c. A12 2D,消防車底盤,,0.0,0.0,MAN TGM 15.250 4X2 BB 6871c.c. A12 2D 消防車底盤
德曼汽車股份有限公司,C2D675003G-1,進口,KMN06.8FZA0-C2,D0836LFLAP,MAN TGM 18.320 4x2 BL CH  6871c.c. A12 2D 軸距6175mm 大貨車底盤,19000.0,0.0,MAN TGM 18.320 4x2 BL CH 6871c.c. A12 2D 軸距6175mm,大貨車底盤,,0.0,0.0,MAN TGM 18.320 4x2 BL CH 6871c.c. A12 2D 軸距6175mm 大貨車底盤
德曼汽車股份有限公司,C4D675004G-1,進口,KMN06.8FZA0-C4,D0836LFLAP,MAN TGM 18.320 4x2 BB CH  6871c.c. A12 2D 軸距4425mm (德國) 大貨車底盤,19000.0,0.0,MAN TGM 18.320 4x2 BB CH 6871c.c. A12 2D 軸距4425mm (德國),大貨車底盤,,0.0,0.0,MAN TGM 18.320 4x2 BB CH 6871c.c. A12 2D 軸距4425mm (德國) 大貨車底盤
德曼汽車股份有限公司,C4D675004G-1,進口,KMN06.8FZA0-C4,D0836LFLAR,MAN TGM 18.290 4x4 BB CH  6871c.c. A12 2D (德國) 消防車底盤,18000.0,0.0,MAN TGM 18.290 4x4 BB CH 6871c.c. A12 2D (德國),消防車底盤,,0.0,0.0,MAN TGM 18.290 4x4 BB CH 6871c.c. A12 2D (德國) 消防車底盤
德曼汽車股份有限公司,C4D675004G-1,進口,KMN06.8FZA0-C4,D0836LFLAQ,MAN TGM 15.250 4X2 BB  6871c.c. A12 2D (奧地利) 消防車底盤,15000.0,0.0,MAN TGM 15.250 4X2 BB 6871c.c. A12 2D (奧地利),消防車底盤,,0.0,0.0,MAN TGM 15.250 4X2 BB 6871c.c. A12 2D (奧地利) 消防車底盤
德曼汽車股份有限公司,C4D675004G-1,進口,KMN06.8FZA0-C4,D0836LFLAP,MAN TGM 18.320 4x2 BB CH  6871c.c. A12 2D 軸距4125mm (波蘭) 大貨車底盤,19000.0,0.0,MAN TGM 18.320 4x2 BB CH 6871c.c. A12 2D 軸距4125mm (波蘭),大貨車底盤,,0.0,0.0,MAN TGM 18.320 4x2 BB CH 6871c.c. A12 2D 軸距4125mm (波蘭) 大貨車底盤
德曼汽車股份有限公司,C4D675004G-1,進口,KMN06.8FZA0-C4,D0836LFLAP,MAN TGM 18.320 4x2 BB CH  6871c.c. M8 2D 軸距3875mm (波蘭) 大貨車底盤,18600.0,0.0,MAN TGM 18.320 4x2 BB CH 6871c.c. M8 2D 軸距3875mm (波蘭),大貨車底盤,,0.0,0.0,MAN TGM 18.320 4x2 BB CH 6871c.c. M8 2D 軸距3875mm (波蘭) 大貨車底盤
德曼汽車股份有限公司,C4D675004G-1,進口,KMN06.8FZA0-C4,D0836LFLAQ,MAN TGL 12.250 4X2 BB  6871c.c. A12 4D (奧地利) 消防車底盤,12800.0,0.0,MAN TGL 12.250 4X2 BB 6871c.c. A12 4D (奧地利),消防車底盤,,0.0,0.0,MAN TGL 12.250 4X2 BB 6871c.c. A12 4D (奧地利) 消防車底盤
德曼汽車股份有限公司,C4D675004G-1,進口,KMN06.8FZA0-C4,D0836LFLAQ,MAN TGL 12.250 4x2 BB CH  6871c.c. A12 4D (德國) 消防車底盤,12800.0,0.0,MAN TGL 12.250 4x2 BB CH 6871c.c. A12 4D (德國),消防車底盤,,0.0,0.0,MAN TGL 12.250 4x2 BB CH 6871c.c. A12 4D (德國) 消防車底盤
德曼汽車股份有限公司,C4D675004G-1,進口,KMN06.8FZA0-C4,D0836LFLAP,MAN TGM 18.320 4x2 BB CH  6871c.c. A12 2D 軸距5425mm (德國) 大貨車底盤,19000.0,0.0,MAN TGM 18.320 4x2 BB CH 6871c.c. A12 2D 軸距5425mm (德國),大貨車底盤,,0.0,0.0,MAN TGM 18.320 4x2 BB CH 6871c.c. A12 2D 軸距5425mm (德國) 大貨車底盤
德曼汽車股份有限公司,C4D675004G-1,進口,KMN06.8FZA0-C4,D0836LFLAR,MAN TGM 18.290 4x2 BL CH  6871c.c. A12 4D 軸距4425mm (波蘭) 消防車底盤,19500.0,2.0,MAN TGM 18.290 4x2 BL CH 6871c.c. A12 4D 軸距4425mm (波蘭),消防車底盤,,0.0,2.0,MAN TGM 18.290 4x2 BL CH 6871c.c. A12 4D 軸距4425mm (波蘭) 消防車底盤
德曼汽車股份有限公司,C4D675004G-1,進口,KMN06.8FZA0-C4,D0836LFLAP,MAN TGM 18.320 4x2 BB CH  6871c.c. M8 2D 軸距5775mm (波蘭) 大貨車底盤,18600.0,0.0,MAN TGM 18.320 4x2 BB CH 6871c.c. M8 2D 軸距5775mm (波蘭),大貨車底盤,,0.0,0.0,MAN TGM 18.320 4x2 BB CH 6871c.c. M8 2D 軸距5775mm (波蘭) 大貨車底盤
德曼汽車股份有限公司,C4D675004G-1,進口,KMN06.8FZA0-C4,D0836LFLAQ,MAN TGM 15.250 4x2 BB CH  6871c.c. A12 2D (德國) 消防車底盤,16000.0,0.0,MAN TGM 15.250 4x2 BB CH 6871c.c. A12 2D (德國),消防車底盤,,0.0,0.0,MAN TGM 15.250 4x2 BB CH 6871c.c. A12 2D (德國) 消防車底盤
德曼汽車股份有限公司,C4D675004G-1,進口,KMN06.8FZA0-C4,D0836LFLAP,MAN TGM 18.320 4x2 LL CH  6871c.c. A12 2D 軸距4425mm (德國) 大貨車底盤,19000.0,0.0,MAN TGM 18.320 4x2 LL CH 6871c.c. A12 2D 軸距4425mm (德國),大貨車底盤,,0.0,0.0,MAN TGM 18.320 4x2 LL CH 6871c.c. A12 2D 軸距4425mm (德國) 大貨車底盤
德曼汽車股份有限公司,C4D675004G-1,進口,KMN06.8FZA0-C4,D0836LFLAP,MAN TGM 18.320 4x2 BB CH  6871c.c. A12 2D 軸距6175mm (波蘭) 大貨車底盤,19000.0,1.0,MAN TGM 18.320 4x2 BB CH 6871c.c. A12 2D 軸距6175mm (波蘭),大貨車底盤,,0.0,1.0,MAN TGM 18.320 4x2 BB CH 6871c.c. A12 2D 軸距6175mm (波蘭) 大貨車底盤
德曼汽車股份有限公司,C4D675004G-1,進口,KMN06.8FZA0-C4,D0836LFLAQ,MAN TGM 15.250 4X2 BB  6871c.c. A12 2D (波蘭) 消防車底盤,15000.0,0.0,MAN TGM 15.250 4X2 BB 6871c.c. A12 2D (波蘭),消防車底盤,,0.0,0.0,MAN TGM 15.250 4X2 BB 6871c.c. A12 2D (波蘭) 消防車底盤
德曼汽車股份有限公司,C4D675004G-1,進口,KMN06.8FZA0-C4,D0836LFLAP,MAN TGM 18.320 4x2 BB CH  6871c.c. A12 2D 軸距3875mm (波蘭) 大貨車底盤,19000.0,1.0,MAN TGM 18.320 4x2 BB CH 6871c.c. A12 2D 軸距3875mm (波蘭),大貨車底盤,,0.0,1.0,MAN TGM 18.320 4x2 BB CH 6871c.c. A12 2D 軸距3875mm (波蘭) 大貨車底盤
德曼汽車股份有限公司,C4D675004G-1,進口,KMN06.8FZA0-C4,D0836LFLAR,MAN TGM 18.290 4x2 BL CH  6871c.c. A12 4D 軸距4425mm (德國) 消防車底盤,19500.0,0.0,MAN TGM 18.290 4x2 BL CH 6871c.c. A12 4D 軸距4425mm (德國),消防車底盤,,0.0,0.0,MAN TGM 18.290 4x2 BL CH 6871c.c. A12 4D 軸距4425mm (德國) 消防車底盤
德曼汽車股份有限公司,C4D675004G-1,進口,KMN06.8FZA0-C4,D0836LFLAP,MAN TGM 18.320 4x2 BB CH  6871c.c. A12 2D 軸距4125mm (德國) 大貨車底盤,19000.0,0.0,MAN TGM 18.320 4x2 BB CH 6871c.c. A12 2D 軸距4125mm (德國),大貨車底盤,,0.0,0.0,MAN TGM 18.320 4x2 BB CH 6871c.c. A12 2D 軸距4125mm (德國) 大貨車底盤
德曼汽車股份有限公司,C4D675004G-1,進口,KMN06.8FZA0-C4,D0836LFLAP,MAN TGM 18.320 4x2 BB CH  6871c.c. M8 2D 軸距4125mm (波蘭) 大貨車底盤,19000.0,0.0,MAN TGM 18.320 4x2 BB CH 6871c.c. M8 2D 軸距4125mm (波蘭),大貨車底盤,,0.0,0.0,MAN TGM 18.320 4x2 BB CH 6871c.c. M8 2D 軸距4125mm (波蘭) 大貨車底盤
德曼汽車股份有限公司,C4D675004G-1,進口,KMN06.8FZA0-C4,D0836LFLAQ,MAN TGM 15.250 4x2 BB CH  6871c.c. A12 4D (德國) 消防車底盤,16000.0,0.0,MAN TGM 15.250 4x2 BB CH 6871c.c. A12 4D (德國),消防車底盤,,0.0,0.0,MAN TGM 15.250 4x2 BB CH 6871c.c. A12 4D (德國) 消防車底盤
德曼汽車股份有限公司,C4D675004G-1,進口,KMN06.8FZA0-C4,D0836LFLAP,MAN TGM 18.320 4x2 BB CH  6871c.c. M8 2D 軸距5775mm (德國) 大貨車底盤,18600.0,0.0,MAN TGM 18.320 4x2 BB CH 6871c.c. M8 2D 軸距5775mm (德國),大貨車底盤,,0.0,0.0,MAN TGM 18.320 4x2 BB CH 6871c.c. M8 2D 軸距5775mm (德國) 大貨車底盤
德曼汽車股份有限公司,C4D675004G-1,進口,KMN06.8FZA0-C4,D0836LFLAP,MAN TGM 18.320 4x2 BB CH  6871c.c. A12 2D 軸距5775mm (德國) 大貨車底盤,18600.0,0.0,MAN TGM 18.320 4x2 BB CH 6871c.c. A12 2D 軸距5775mm (德國),大貨車底盤,,0.0,0.0,MAN TGM 18.320 4x2 BB CH 6871c.c. A12 2D 軸距5775mm (德國) 大貨車底盤
德曼汽車股份有限公司,C4D675004G-1,進口,KMN06.8FZA0-C4,D0836LFLAP,MAN TGM 18.320 4x2 BB CH  6871c.c. A12 2D 軸距3875mm (德國) 大貨車底盤,19000.0,0.0,MAN TGM 18.320 4x2 BB CH 6871c.c. A12 2D 軸距3875mm (德國),大貨車底盤,,0.0,0.0,MAN TGM 18.320 4x2 BB CH 6871c.c. A12 2D 軸距3875mm (德國) 大貨車底盤
德曼汽車股份有限公司,C4D675004G-1,進口,KMN06.8FZA0-C4,D0836LFLAP,MAN TGM 18.320 4x2 BB CH  6871c.c. A12 2D 軸距5075mm (德國) 大貨車底盤,18600.0,0.0,MAN TGM 18.320 4x2 BB CH 6871c.c. A12 2D 軸距5075mm (德國),大貨車底盤,,0.0,0.0,MAN TGM 18.320 4x2 BB CH 6871c.c. A12 2D 軸距5075mm (德國) 大貨車底盤
德曼汽車股份有限公司,C4D675004G-1,進口,KMN06.8FZA0-C4,D0836LFLAP,MAN TGM 18.320 4x2 BB CH  6871c.c. A12 2D 軸距5775mm (波蘭) 大貨車底盤,18600.0,1.0,MAN TGM 18.320 4x2 BB CH 6871c.c. A12 2D 軸距5775mm (波蘭),大貨車底盤,,0.0,1.0,MAN TGM 18.320 4x2 BB CH 6871c.c. A12 2D 軸距5775mm (波蘭) 大貨車底盤
德曼汽車股份有限公司,C4D675004G-1,進口,KMN06.8FZA0-C4,D0836LFLAQ,MAN TGM 15.250 4X2 BB  6871c.c. A12 2D (德國) 消防車底盤,15000.0,0.0,MAN TGM 15.250 4X2 BB 6871c.c. A12 2D (德國),消防車底盤,,0.0,0.0,MAN TGM 15.250 4X2 BB 6871c.c. A12 2D (德國) 消防車底盤
德曼汽車股份有限公司,C4D675004G-1,進口,KMN06.8FZA0-C4,D0836LFLAP,MAN TGM 18.320 4x2 BL CH  6871c.c. A12 2D 軸距6575mm (波蘭) 大貨車底盤,19000.0,1.0,MAN TGM 18.320 4x2 BL CH 6871c.c. A12 2D 軸距6575mm (波蘭),大貨車底盤,,0.0,1.0,MAN TGM 18.320 4x2 BL CH 6871c.c. A12 2D 軸距6575mm (波蘭) 大貨車底盤
德曼汽車股份有限公司,C4D675004G-1,進口,KMN06.8FZA0-C4,D0836LFLAP,MAN TGM 18.320 4x2 BL CH  6871c.c. A12 2D 軸距6575mm (德國) 大貨車底盤,19000.0,0.0,MAN TGM 18.320 4x2 BL CH 6871c.c. A12 2D 軸距6575mm (德國),大貨車底盤,,0.0,0.0,MAN TGM 18.320 4x2 BL CH 6871c.c. A12 2D 軸距6575mm (德國) 大貨車底盤
德曼汽車股份有限公司,C4D675004G-1,進口,KMN06.8FZA0-C4,D0836LFLAQ,MAN TGM 15.250 4x2 BB CH  6871c.c. A12 4D (波蘭) 消防車底盤,16000.0,29.0,MAN TGM 15.250 4x2 BB CH 6871c.c. A12 4D (波蘭),消防車底盤,,0.0,29.0,MAN TGM 15.250 4x2 BB CH 6871c.c. A12 4D (波蘭) 消防車底盤
德曼汽車股份有限公司,C4D675004G-1,進口,KMN06.8FZA0-C4,D0836LFLAP,MAN TGM 18.320 4x2 BB CH  6871c.c. A12 2D 軸距4425mm (波蘭) 大貨車底盤,19000.0,0.0,MAN TGM 18.320 4x2 BB CH 6871c.c. A12 2D 軸距4425mm (波蘭),大貨車底盤,,0.0,0.0,MAN TGM 18.320 4x2 BB CH 6871c.c. A12 2D 軸距4425mm (波蘭) 大貨車底盤
德曼汽車股份有限公司,C4D675004G-1,進口,KMN06.8FZA0-C4,D0836LFLAP,MAN TGM 18.320 4x2 BB CH  6871c.c. A12 2D 軸距5075mm (波蘭) 大貨車底盤,18600.0,0.0,MAN TGM 18.320 4x2 BB CH 6871c.c. A12 2D 軸距5075mm (波蘭),大貨車底盤,,0.0,0.0,MAN TGM 18.320 4x2 BB CH 6871c.c. A12 2D 軸距5075mm (波蘭) 大貨車底盤
德曼汽車股份有限公司,C4D675004G-1,進口,KMN06.8FZA0-C4,D0836LFLAQ,MAN TGM 15.250 4x2 BB CH  6871c.c. A12 2D (波蘭) 消防車底盤,16000.0,1.0,MAN TGM 15.250 4x2 BB CH 6871c.c. A12 2D (波蘭),消防車底盤,,0.0,1.0,MAN TGM 15.250 4x2 BB CH 6871c.c. A12 2D (波蘭) 消防車底盤
德曼汽車股份有限公司,C4D675004G-1,進口,KMN06.8FZA0-C4,D0836LFLAP,MAN TGM 18.320 4x2 BB CH  6871c.c. A12 2D 軸距5425mm (波蘭) 大貨車底盤,19000.0,1.0,MAN TGM 18.320 4x2 BB CH 6871c.c. A12 2D 軸距5425mm (波蘭),大貨車底盤,,0.0,1.0,MAN TGM 18.320 4x2 BB CH 6871c.c. A12 2D 軸距5425mm (波蘭) 大貨車底盤
德曼汽車股份有限公司,C4D675004G-1,進口,KMN06.8FZA0-C4,D0836LFLAR,MAN TGM 18.290 4x4 BB CH  6871c.c. A12 2D (波蘭) 消防車底盤,18000.0,0.0,MAN TGM 18.290 4x4 BB CH 6871c.c. A12 2D (波蘭),消防車底盤,,0.0,0.0,MAN TGM 18.290 4x4 BB CH 6871c.c. A12 2D (波蘭) 消防車底盤
德曼汽車股份有限公司,C4D675004G-1,進口,KMN06.8FZA0-C4,D0836LFLAP,MAN TGM 18.320 4x2 BL CH  6871c.c. A12 2D 軸距6175mm (奧地利) 大貨車底盤,19000.0,0.0,MAN TGM 18.320 4x2 BL CH 6871c.c. A12 2D 軸距6175mm (奧地利),大貨車底盤,,0.0,0.0,MAN TGM 18.320 4x2 BL CH 6871c.c. A12 2D 軸距6175mm (奧地利) 大貨車底盤
德曼汽車股份有限公司,C4D675004G-1,進口,KMN06.8FZA0-C4,D0836LFLAR,MAN TGM 18.290 4x4 BB CH  6871c.c. A12 2D (奧地利) 消防車底盤,18000.0,0.0,MAN TGM 18.290 4x4 BB CH 6871c.c. A12 2D (奧地利),消防車底盤,,0.0,0.0,MAN TGM 18.290 4x4 BB CH 6871c.c. A12 2D (奧地利) 消防車底盤
德曼汽車股份有限公司,C4D675004G-1,進口,KMN06.8FZA0-C4,D0836LFLAP,MAN TGM 18.320 4x2 BL CH  6871c.c. A12 2D 軸距6175mm (波蘭) 大貨車底盤,19000.0,2.0,MAN TGM 18.320 4x2 BL CH 6871c.c. A12 2D 軸距6175mm (波蘭),大貨車底盤,,0.0,2.0,MAN TGM 18.320 4x2 BL CH 6871c.c. A12 2D 軸距6175mm (波蘭) 大貨車底盤
德曼汽車股份有限公司,C4D675004G-1,進口,KMN06.8FZA0-C4,D0836LFLAP,MAN TGM 18.320 4x2 BL CH  6871c.c. A12 2D 軸距6175mm (德國) 大貨車底盤,19000.0,0.0,MAN TGM 18.320 4x2 BL CH 6871c.c. A12 2D 軸距6175mm (德國),大貨車底盤,,0.0,0.0,MAN TGM 18.320 4x2 BL CH 6871c.c. A12 2D 軸距6175mm (德國) 大貨車底盤
德曼汽車股份有限公司,C4D675004G-1,進口,KMN06.8FZA0-C4,D0836LFLAP,MAN TGM 18.320 4x2 BB CH  6871c.c. A12 2D 軸距6175mm (德國) 大貨車底盤,19000.0,0.0,MAN TGM 18.320 4x2 BB CH 6871c.c. A12 2D 軸距6175mm (德國),大貨車底盤,,0.0,0.0,MAN TGM 18.320 4x2 BB CH 6871c.c. A12 2D 軸距6175mm (德國) 大貨車底盤
德曼汽車股份有限公司,C4D675004G-1,進口,KMN06.8FZA0-C4,D0836LFLAP,MAN TGM 18.320 4x2 LL CH  6871c.c. A12 2D 軸距4425mm (波蘭) 大貨車底盤,19000.0,0.0,MAN TGM 18.320 4x2 LL CH 6871c.c. A12 2D 軸距4425mm (波蘭),大貨車底盤,,0.0,0.0,MAN TGM 18.320 4x2 LL CH 6871c.c. A12 2D 軸距4425mm (波蘭) 大貨車底盤
德曼汽車股份有限公司,C4D675004G-1,進口,KMN06.8FZA0-C4,D0836LFLAQ,MAN TGL 12.250 4x2 BB CH  6871c.c. A12 4D (波蘭) 消防車底盤,12800.0,20.0,MAN TGL 12.250 4x2 BB CH 6871c.c. A12 4D (波蘭),消防車底盤,,0.0,20.0,MAN TGL 12.250 4x2 BB CH 6871c.c. A12 4D (波蘭) 消防車底盤
德曼汽車股份有限公司,C4D675004G-1,進口,KMN06.8FZA0-C4,D0836LFLAP,MAN TGM 18.320 4x2 BB CH  6871c.c. M8 2D 軸距3875mm (德國) 大貨車底盤,18600.0,0.0,MAN TGM 18.320 4x2 BB CH 6871c.c. M8 2D 軸距3875mm (德國),大貨車底盤,,0.0,0.0,MAN TGM 18.320 4x2 BB CH 6871c.c. M8 2D 軸距3875mm (德國) 大貨車底盤
德曼汽車股份有限公司,C4D675004G-1,進口,KMN06.8FZA0-C4,D0836LFLAP,MAN TGM 18.320 4x2 BB CH  6871c.c. M8 2D 軸距4125mm (德國) 大貨車底盤,19000.0,0.0,MAN TGM 18.320 4x2 BB CH 6871c.c. M8 2D 軸距4125mm (德國),大貨車底盤,,0.0,0.0,MAN TGM 18.320 4x2 BB CH 6871c.c. M8 2D 軸距4125mm (德國) 大貨車底盤
德曼汽車股份有限公司,C2D675002G-1,進口,KMN12.4FZA8-C2,D2676LF78,MAN TGS 33.510 6x4 BB SA  12419c.c. M16 2D  曳引車,33000.0,0.0,MAN TGS 33.510 6x4 BB SA 12419c.c. M16 2D,曳引車,,0.0,0.0,MAN TGS 33.510 6x4 BB SA 12419c.c. M16 2D 曳引車
德曼汽車股份有限公司,C2D675002G-1,進口,KMN12.4FZA8-C2,D2676LF78,MAN TGX 33.510 6x4 BB SA  12419c.c. A12 2D  曳引車,33000.0,0.0,MAN TGX 33.510 6x4 BB SA 12419c.c. A12 2D,曳引車,,0.0,0.0,MAN TGX 33.510 6x4 BB SA 12419c.c. A12 2D 曳引車
德曼汽車股份有限公司,C2D675002G-1,進口,KMN12.4FZA8-C2,D2676LF79,MAN TGS 18.470 4x2 BL SA  12419c.c. A14 2D  曳引車,19000.0,0.0,MAN TGS 18.470 4x2 BL SA 12419c.c. A14 2D,曳引車,,0.0,0.0,MAN TGS 18.470 4x2 BL SA 12419c.c. A14 2D 曳引車
德曼汽車股份有限公司,C2D675002G-1,進口,KMN12.4FZA8-C2,D2676LF79,MAN TGS 26.470 6x2/2 BL SA  12419c.c. A12 2D  曳引車,26000.0,0.0,MAN TGS 26.470 6x2/2 BL SA 12419c.c. A12 2D,曳引車,,0.0,0.0,MAN TGS 26.470 6x2/2 BL SA 12419c.c. A12 2D 曳引車
德曼汽車股份有限公司,C2D675002G-1,進口,KMN12.4FZA8-C2,D2676LF79,MAN TGS 28.470 6x2=2 BL CH  12419c.c. A12 2D 軸距6850mm 兼供曳引大貨車底盤,28000.0,0.0,MAN TGS 28.470 6x2=2 BL CH 12419c.c. A12 2D 軸距6850mm,兼供曳引大貨車底盤,,0.0,0.0,MAN TGS 28.470 6x2=2 BL CH 12419c.c. A12 2D 軸距6850mm 兼供曳引大貨車底盤
德曼汽車股份有限公司,C2D675002G-1,進口,KMN12.4FZA8-C2,D2676LF79,MAN TGS 18.470 4x2 BL SA  12419c.c. A12 2D  曳引車,19000.0,0.0,MAN TGS 18.470 4x2 BL SA 12419c.c. A12 2D,曳引車,,0.0,0.0,MAN TGS 18.470 4x2 BL SA 12419c.c. A12 2D 曳引車
德曼汽車股份有限公司,C2D675002G-1,進口,KMN12.4FZA8-C2,D2676LF79,MAN TGS 28.470 6x2=2 BL SA  12419c.c. A12 2D  曳引車,28000.0,0.0,MAN TGS 28.470 6x2=2 BL SA 12419c.c. A12 2D,曳引車,,0.0,0.0,MAN TGS 28.470 6x2=2 BL SA 12419c.c. A12 2D 曳引車
德曼汽車股份有限公司,C4D675003G-1,進口,KMN12.4FZA8-C4,D2676LF79,MAN TGS 28.470 6x2=2 BL SA  12419c.c. A12 2D (波蘭) 曳引車,28000.0,0.0,MAN TGS 28.470 6x2=2 BL SA 12419c.c. A12 2D (波蘭),曳引車,,0.0,0.0,MAN TGS 28.470 6x2=2 BL SA 12419c.c. A12 2D (波蘭) 曳引車
德曼汽車股份有限公司,C4D675003G-1,進口,KMN12.4FZA8-C4,D2676LF78,MAN TGS 28.510 6x2=2 BL SA  12419c.c. A12 2D (波蘭) 曳引車,28000.0,2.0,MAN TGS 28.510 6x2=2 BL SA 12419c.c. A12 2D (波蘭),曳引車,,0.0,2.0,MAN TGS 28.510 6x2=2 BL SA 12419c.c. A12 2D (波蘭) 曳引車
德曼汽車股份有限公司,C4D675003G-1,進口,KMN12.4FZA8-C4,D2676LF79,MAN TGS 26.470 6x2/2 BL SA  12419c.c. A12 2D (德國) 曳引車,26000.0,0.0,MAN TGS 26.470 6x2/2 BL SA 12419c.c. A12 2D (德國),曳引車,,0.0,0.0,MAN TGS 26.470 6x2/2 BL SA 12419c.c. A12 2D (德國) 曳引車
德曼汽車股份有限公司,C4D675003G-1,進口,KMN12.4FZA8-C4,D2676LF79,MAN TGX 28.470 6x2=2 BL SA  12419c.c. A12 2D (波蘭) 曳引車,28000.0,0.0,MAN TGX 28.470 6x2=2 BL SA 12419c.c. A12 2D (波蘭),曳引車,,0.0,0.0,MAN TGX 28.470 6x2=2 BL SA 12419c.c. A12 2D (波蘭) 曳引車
德曼汽車股份有限公司,C4D675003G-1,進口,KMN12.4FZA8-C4,D2676LF78,MAN TGS 33.510 6x4 BB SA  12419c.c. M16 2D (德國) 曳引車,33000.0,0.0,MAN TGS 33.510 6x4 BB SA 12419c.c. M16 2D (德國),曳引車,,0.0,0.0,MAN TGS 33.510 6x4 BB SA 12419c.c. M16 2D (德國) 曳引車
德曼汽車股份有限公司,C4D675003G-1,進口,KMN12.4FZA8-C4,D2676LF79,MAN TGS 33.470 6x4 BB CH  12419c.c. M16 2D 軸距6500mm (德國) 兼供曳引大貨車底盤,33000.0,0.0,MAN TGS 33.470 6x4 BB CH 12419c.c. M16 2D 軸距6500mm (德國),兼供曳引大貨車底盤,,0.0,0.0,MAN TGS 33.470 6x4 BB CH 12419c.c. M16 2D 軸距6500mm (德國) 兼供曳引大貨車底盤
德曼汽車股份有限公司,C4D675003G-1,進口,KMN12.4FZA8-C4,D2676LF79,MAN TGS 28.470 6x2=2 BL CH  12419c.c. A12 2D 軸距6500mm (德國) 兼供曳引大貨車底盤,28000.0,0.0,MAN TGS 28.470 6x2=2 BL CH 12419c.c. A12 2D 軸距6500mm (德國),兼供曳引大貨車底盤,,0.0,0.0,MAN TGS 28.470 6x2=2 BL CH 12419c.c. A12 2D 軸距6500mm (德國) 兼供曳引大貨車底盤
德曼汽車股份有限公司,C4D675003G-1,進口,KMN12.4FZA8-C4,D2676LF78,MAN TGS 33.510 6x4 BB CH  12419c.c. A12 2D 軸距6500mm (德國) 兼供曳引大貨車底盤,33000.0,0.0,MAN TGS 33.510 6x4 BB CH 12419c.c. A12 2D 軸距6500mm (德國),兼供曳引大貨車底盤,,0.0,0.0,MAN TGS 33.510 6x4 BB CH 12419c.c. A12 2D 軸距6500mm (德國) 兼供曳引大貨車底盤
德曼汽車股份有限公司,C4D675003G-1,進口,KMN12.4FZA8-C4,D2676LF78,MAN TGS 33.510 6x4 BB SA  12419c.c. A12 2D (波蘭) 曳引車,33000.0,6.0,MAN TGS 33.510 6x4 BB SA 12419c.c. A12 2D (波蘭),曳引車,,0.0,6.0,MAN TGS 33.510 6x4 BB SA 12419c.c. A12 2D (波蘭) 曳引車
德曼汽車股份有限公司,C4D675003G-1,進口,KMN12.4FZA8-C4,D2676LF79,MAN TGS 33.470 6x4 BB CH  12419c.c. M16 2D 軸距6500mm (波蘭) 兼供曳引大貨車底盤,33000.0,0.0,MAN TGS 33.470 6x4 BB CH 12419c.c. M16 2D 軸距6500mm (波蘭),兼供曳引大貨車底盤,,0.0,0.0,MAN TGS 33.470 6x4 BB CH 12419c.c. M16 2D 軸距6500mm (波蘭) 兼供曳引大貨車底盤
德曼汽車股份有限公司,C4D675003G-1,進口,KMN12.4FZA8-C4,D2676LF78,MAN TGX 26.510 6x2/4 BL SA  12419c.c. A12 2D (波蘭) 曳引車,26000.0,0.0,MAN TGX 26.510 6x2/4 BL SA 12419c.c. A12 2D (波蘭),曳引車,,0.0,0.0,MAN TGX 26.510 6x2/4 BL SA 12419c.c. A12 2D (波蘭) 曳引車
德曼汽車股份有限公司,C4D675003G-1,進口,KMN12.4FZA8-C4,D2676LF79,MAN TGX 28.470 6x2=2 BL SA  12419c.c. A12 2D (德國) 曳引車,28000.0,0.0,MAN TGX 28.470 6x2=2 BL SA 12419c.c. A12 2D (德國),曳引車,,0.0,0.0,MAN TGX 28.470 6x2=2 BL SA 12419c.c. A12 2D (德國) 曳引車
德曼汽車股份有限公司,C4D675003G-1,進口,KMN12.4FZA8-C4,D2676LF79,MAN TGX 18.470 4x2 BL SA  12419c.c. A12 2D (德國) 曳引車,19000.0,0.0,MAN TGX 18.470 4x2 BL SA 12419c.c. A12 2D (德國),曳引車,,0.0,0.0,MAN TGX 18.470 4x2 BL SA 12419c.c. A12 2D (德國) 曳引車
德曼汽車股份有限公司,C4D675003G-1,進口,KMN12.4FZA8-C4,D2676LF79,MAN TGS 33.470 6x4 BB CH  12419c.c. A12 2D 軸距4700mm (波蘭) 大貨車底盤,33000.0,0.0,MAN TGS 33.470 6x4 BB CH 12419c.c. A12 2D 軸距4700mm (波蘭),大貨車底盤,,0.0,0.0,MAN TGS 33.470 6x4 BB CH 12419c.c. A12 2D 軸距4700mm (波蘭) 大貨車底盤
德曼汽車股份有限公司,C4D675003G-1,進口,KMN12.4FZA8-C4,D2676LF78,MAN TGX 26.510 6x2/2 BL SA  12419c.c. A12 2D (德國) 曳引車,26000.0,0.0,MAN TGX 26.510 6x2/2 BL SA 12419c.c. A12 2D (德國),曳引車,,0.0,0.0,MAN TGX 26.510 6x2/2 BL SA 12419c.c. A12 2D (德國) 曳引車
德曼汽車股份有限公司,C4D675003G-1,進口,KMN12.4FZA8-C4,D2676LF78,MAN TGS 28.510 6x2=2 BL SA  12419c.c. A12 2D (德國) 曳引車,28000.0,0.0,MAN TGS 28.510 6x2=2 BL SA 12419c.c. A12 2D (德國),曳引車,,0.0,0.0,MAN TGS 28.510 6x2=2 BL SA 12419c.c. A12 2D (德國) 曳引車
德曼汽車股份有限公司,C4D675003G-1,進口,KMN12.4FZA8-C4,D2676LF78,MAN TGX 28.510 6x2=2 BL SA  12419c.c. A12 2D (德國) 曳引車,28000.0,0.0,MAN TGX 28.510 6x2=2 BL SA 12419c.c. A12 2D (德國),曳引車,,0.0,0.0,MAN TGX 28.510 6x2=2 BL SA 12419c.c. A12 2D (德國) 曳引車
德曼汽車股份有限公司,C4D675003G-1,進口,KMN12.4FZA8-C4,D2676LF78,MAN TGS 33.510 6x4 BB SA  12419c.c. A12 2D (德國) 曳引車,33000.0,0.0,MAN TGS 33.510 6x4 BB SA 12419c.c. A12 2D (德國),曳引車,,0.0,0.0,MAN TGS 33.510 6x4 BB SA 12419c.c. A12 2D (德國) 曳引車
德曼汽車股份有限公司,C4D675003G-1,進口,KMN12.4FZA8-C4,D2676LF79,MAN TGX 26.470 6x2/2 BL SA  12419c.c. A12 2D (波蘭) 曳引車,28000.0,0.0,MAN TGX 26.470 6x2/2 BL SA 12419c.c. A12 2D (波蘭),曳引車,,0.0,0.0,MAN TGX 26.470 6x2/2 BL SA 12419c.c. A12 2D (波蘭) 曳引車
德曼汽車股份有限公司,C4D675003G-1,進口,KMN12.4FZA8-C4,D2676LF78,MAN TGX 28.510 6x2=2 BL CH  12419c.c. A12 2D 軸距6850mm (波蘭) 兼供曳引大貨車底盤,28000.0,9.0,MAN TGX 28.510 6x2=2 BL CH 12419c.c. A12 2D 軸距6850mm (波蘭),兼供曳引大貨車底盤,,0.0,9.0,MAN TGX 28.510 6x2=2 BL CH 12419c.c. A12 2D 軸距6850mm (波蘭) 兼供曳引大貨車底盤
德曼汽車股份有限公司,C4D675003G-1,進口,KMN12.4FZA8-C4,D2676LF79,MAN TGS 18.470 4x2 BL SA  12419c.c. A14 2D (波蘭) 曳引車,19000.0,1.0,MAN TGS 18.470 4x2 BL SA 12419c.c. A14 2D (波蘭),曳引車,,0.0,1.0,MAN TGS 18.470 4x2 BL SA 12419c.c. A14 2D (波蘭) 曳引車
德曼汽車股份有限公司,C4D675003G-1,進口,KMN12.4FZA8-C4,D2676LF79,MAN TGS 28.470 6x2=2 BL CH  12419c.c. A12 2D 軸距6850mm (波蘭) 兼供曳引大貨車底盤,28000.0,4.0,MAN TGS 28.470 6x2=2 BL CH 12419c.c. A12 2D 軸距6850mm (波蘭),兼供曳引大貨車底盤,,0.0,4.0,MAN TGS 28.470 6x2=2 BL CH 12419c.c. A12 2D 軸距6850mm (波蘭) 兼供曳引大貨車底盤
德曼汽車股份有限公司,C4D675003G-1,進口,KMN12.4FZA8-C4,D2676LF79,MAN TGX 33.470 6x4 BB CH  12419c.c. A12 2D 軸距6500mm (波蘭) 兼供曳引大貨車底盤,33000.0,0.0,MAN TGX 33.470 6x4 BB CH 12419c.c. A12 2D 軸距6500mm (波蘭),兼供曳引大貨車底盤,,0.0,0.0,MAN TGX 33.470 6x4 BB CH 12419c.c. A12 2D 軸距6500mm (波蘭) 兼供曳引大貨車底盤
德曼汽車股份有限公司,C4D675003G-1,進口,KMN12.4FZA8-C4,D2676LF79,MAN TGX 18.470 4x2 BL SA  12419c.c. A12 2D (波蘭) 曳引車,19000.0,0.0,MAN TGX 18.470 4x2 BL SA 12419c.c. A12 2D (波蘭),曳引車,,0.0,0.0,MAN TGX 18.470 4x2 BL SA 12419c.c. A12 2D (波蘭) 曳引車
德曼汽車股份有限公司,C4D675003G-1,進口,KMN12.4FZA8-C4,D2676LF79,MAN TGX 28.470 6x2=2 BL CH  12419c.c. A12 2D 軸距6850mm (德國) 兼供曳引大貨車底盤,28000.0,0.0,MAN TGX 28.470 6x2=2 BL CH 12419c.c. A12 2D 軸距6850mm (德國),兼供曳引大貨車底盤,,0.0,0.0,MAN TGX 28.470 6x2=2 BL CH 12419c.c. A12 2D 軸距6850mm (德國) 兼供曳引大貨車底盤
德曼汽車股份有限公司,C4D675003G-1,進口,KMN12.4FZA8-C4,D2676LF79,MAN TGX 28.470 6x2=2 BL CH  12419c.c. A12 2D 軸距6850mm (波蘭) 兼供曳引大貨車底盤,28000.0,2.0,MAN TGX 28.470 6x2=2 BL CH 12419c.c. A12 2D 軸距6850mm (波蘭),兼供曳引大貨車底盤,,0.0,2.0,MAN TGX 28.470 6x2=2 BL CH 12419c.c. A12 2D 軸距6850mm (波蘭) 兼供曳引大貨車底盤
德曼汽車股份有限公司,C4D675003G-1,進口,KMN12.4FZA8-C4,D2676LF78,MAN TGS 33.510 6x4 BB CH  12419c.c. A12 2D 軸距6500mm (波蘭) 兼供曳引大貨車底盤,33000.0,1.0,MAN TGS 33.510 6x4 BB CH 12419c.c. A12 2D 軸距6500mm (波蘭),兼供曳引大貨車底盤,,0.0,1.0,MAN TGS 33.510 6x4 BB CH 12419c.c. A12 2D 軸距6500mm (波蘭) 兼供曳引大貨車底盤
德曼汽車股份有限公司,C4D675003G-1,進口,KMN12.4FZA8-C4,D2676LF78,MAN TGX 28.510 6x2=2 BL SA  12419c.c. A12 2D (波蘭) 曳引車,28000.0,1.0,MAN TGX 28.510 6x2=2 BL SA 12419c.c. A12 2D (波蘭),曳引車,,0.0,1.0,MAN TGX 28.510 6x2=2 BL SA 12419c.c. A12 2D (波蘭) 曳引車
德曼汽車股份有限公司,C4D675003G-1,進口,KMN12.4FZA8-C4,D2676LF78,MAN TGX 33.510 6x4 BB SA  12419c.c. A12 2D (波蘭) 曳引車,33000.0,0.0,MAN TGX 33.510 6x4 BB SA 12419c.c. A12 2D (波蘭),曳引車,,0.0,0.0,MAN TGX 33.510 6x4 BB SA 12419c.c. A12 2D (波蘭) 曳引車
德曼汽車股份有限公司,C4D675003G-1,進口,KMN12.4FZA8-C4,D2676LF79,MAN TGS 33.470 6x4 BB CH  12419c.c. A12 2D 軸距6500mm (德國) 兼供曳引大貨車底盤,33000.0,1.0,MAN TGS 33.470 6x4 BB CH 12419c.c. A12 2D 軸距6500mm (德國),兼供曳引大貨車底盤,,0.0,1.0,MAN TGS 33.470 6x4 BB CH 12419c.c. A12 2D 軸距6500mm (德國) 兼供曳引大貨車底盤
德曼汽車股份有限公司,C4D675003G-1,進口,KMN12.4FZA8-C4,D2676LF79,MAN TGS 18.470 4x2 BL SA  12419c.c. A12 2D (德國) 曳引車,19000.0,0.0,MAN TGS 18.470 4x2 BL SA 12419c.c. A12 2D (德國),曳引車,,0.0,0.0,MAN TGS 18.470 4x2 BL SA 12419c.c. A12 2D (德國) 曳引車
德曼汽車股份有限公司,C4D675003G-1,進口,KMN12.4FZA8-C4,D2676LF78,MAN TGX 33.510 6x4 BB CH  12419c.c. A12 2D 軸距6500mm (波蘭) 兼供曳引大貨車底盤,33000.0,2.0,MAN TGX 33.510 6x4 BB CH 12419c.c. A12 2D 軸距6500mm (波蘭),兼供曳引大貨車底盤,,0.0,2.0,MAN TGX 33.510 6x4 BB CH 12419c.c. A12 2D 軸距6500mm (波蘭) 兼供曳引大貨車底盤
德曼汽車股份有限公司,C4D675003G-1,進口,KMN12.4FZA8-C4,D2676LF78,MAN TGX 18.510 4x2 BL SA  12419c.c. A14 2D (德國) 曳引車,19000.0,0.0,MAN TGX 18.510 4x2 BL SA 12419c.c. A14 2D (德國),曳引車,,0.0,0.0,MAN TGX 18.510 4x2 BL SA 12419c.c. A14 2D (德國) 曳引車
德曼汽車股份有限公司,C4D675003G-1,進口,KMN12.4FZA8-C4,D2676LF78,MAN TGX 26.510 6x2/2 BL SA  12419c.c. A12 2D (波蘭) 曳引車,26000.0,0.0,MAN TGX 26.510 6x2/2 BL SA 12419c.c. A12 2D (波蘭),曳引車,,0.0,0.0,MAN TGX 26.510 6x2/2 BL SA 12419c.c. A12 2D (波蘭) 曳引車
德曼汽車股份有限公司,C4D675003G-1,進口,KMN12.4FZA8-C4,D2676LF78,MAN TGX 28.510 6x2=2 BL CH  12419c.c. A12 2D 軸距6850mm (德國) 兼供曳引大貨車底盤,28000.0,1.0,MAN TGX 28.510 6x2=2 BL CH 12419c.c. A12 2D 軸距6850mm (德國),兼供曳引大貨車底盤,,0.0,1.0,MAN TGX 28.510 6x2=2 BL CH 12419c.c. A12 2D 軸距6850mm (德國) 兼供曳引大貨車底盤
德曼汽車股份有限公司,C4D675003G-1,進口,KMN12.4FZA8-C4,D2676LF78,MAN TGX 33.510 6x4 BB CH  12419c.c. A12 2D 軸距6500mm (德國) 兼供曳引大貨車底盤,33000.0,0.0,MAN TGX 33.510 6x4 BB CH 12419c.c. A12 2D 軸距6500mm (德國),兼供曳引大貨車底盤,,0.0,0.0,MAN TGX 33.510 6x4 BB CH 12419c.c. A12 2D 軸距6500mm (德國) 兼供曳引大貨車底盤
德曼汽車股份有限公司,C4D675003G-1,進口,KMN12.4FZA8-C4,D2676LF79,MAN TGS 18.470 4x2 BL SA  12419c.c. A14 2D (德國) 曳引車,19000.0,0.0,MAN TGS 18.470 4x2 BL SA 12419c.c. A14 2D (德國),曳引車,,0.0,0.0,MAN TGS 18.470 4x2 BL SA 12419c.c. A14 2D (德國) 曳引車
德曼汽車股份有限公司,C4D675003G-1,進口,KMN12.4FZA8-C4,D2676LF78,MAN TGX 33.510 6x4 BB SA  12419c.c. M16 2D (德國) 曳引車,33000.0,0.0,MAN TGX 33.510 6x4 BB SA 12419c.c. M16 2D (德國),曳引車,,0.0,0.0,MAN TGX 33.510 6x4 BB SA 12419c.c. M16 2D (德國) 曳引車
德曼汽車股份有限公司,C4D675003G-1,進口,KMN12.4FZA8-C4,D2676LF78,MAN TGX 18.510 4x2 BL SA  12419c.c. A14 2D (波蘭) 曳引車,19000.0,1.0,MAN TGX 18.510 4x2 BL SA 12419c.c. A14 2D (波蘭),曳引車,,0.0,1.0,MAN TGX 18.510 4x2 BL SA 12419c.c. A14 2D (波蘭) 曳引車
德曼汽車股份有限公司,C4D675003G-1,進口,KMN12.4FZA8-C4,D2676LF78,MAN TGS 33.510 6x4 BB SA  12419c.c. M16 2D (波蘭) 曳引車,33000.0,2.0,MAN TGS 33.510 6x4 BB SA 12419c.c. M16 2D (波蘭),曳引車,,0.0,2.0,MAN TGS 33.510 6x4 BB SA 12419c.c. M16 2D (波蘭) 曳引車
德曼汽車股份有限公司,C4D675003G-1,進口,KMN12.4FZA8-C4,D2676LF79,MAN TGX 26.470 6x2-4 BL CH  12419c.c. A12 2D 軸距6850mm (德國) 兼供曳引大貨車底盤,28000.0,0.0,MAN TGX 26.470 6x2-4 BL CH 12419c.c. A12 2D 軸距6850mm (德國),兼供曳引大貨車底盤,,0.0,0.0,MAN TGX 26.470 6x2-4 BL CH 12419c.c. A12 2D 軸距6850mm (德國) 兼供曳引大貨車底盤
德曼汽車股份有限公司,C4D675003G-1,進口,KMN12.4FZA8-C4,D2676LF79,MAN TGS 28.470 6x2=2 BL CH  12419c.c. A12 2D 軸距6500mm (波蘭) 兼供曳引大貨車底盤,28000.0,1.0,MAN TGS 28.470 6x2=2 BL CH 12419c.c. A12 2D 軸距6500mm (波蘭),兼供曳引大貨車底盤,,0.0,1.0,MAN TGS 28.470 6x2=2 BL CH 12419c.c. A12 2D 軸距6500mm (波蘭) 兼供曳引大貨車底盤
德曼汽車股份有限公司,C4D675003G-1,進口,KMN12.4FZA8-C4,D2676LF79,MAN TGS 33.470 6x4 BB CH  12419c.c. A12 2D 軸距4700mm (德國) 大貨車底盤,33000.0,0.0,MAN TGS 33.470 6x4 BB CH 12419c.c. A12 2D 軸距4700mm (德國),大貨車底盤,,0.0,0.0,MAN TGS 33.470 6x4 BB CH 12419c.c. A12 2D 軸距4700mm (德國) 大貨車底盤
德曼汽車股份有限公司,C4D675003G-1,進口,KMN12.4FZA8-C4,D2676LF79,MAN TGS 26.470 6x2/2 BL SA  12419c.c. A12 2D (波蘭) 曳引車,26000.0,2.0,MAN TGS 26.470 6x2/2 BL SA 12419c.c. A12 2D (波蘭),曳引車,,0.0,2.0,MAN TGS 26.470 6x2/2 BL SA 12419c.c. A12 2D (波蘭) 曳引車
德曼汽車股份有限公司,C4D675003G-1,進口,KMN12.4FZA8-C4,D2676LF79,MAN TGS 18.470 4x2 BL SA  12419c.c. A12 2D (波蘭) 曳引車,19000.0,0.0,MAN TGS 18.470 4x2 BL SA 12419c.c. A12 2D (波蘭),曳引車,,0.0,0.0,MAN TGS 18.470 4x2 BL SA 12419c.c. A12 2D (波蘭) 曳引車
德曼汽車股份有限公司,C4D675003G-1,進口,KMN12.4FZA8-C4,D2676LF79,MAN TGX 18.470 4x2 BL SA  12419c.c. A14 2D (德國) 曳引車,19000.0,0.0,MAN TGX 18.470 4x2 BL SA 12419c.c. A14 2D (德國),曳引車,,0.0,0.0,MAN TGX 18.470 4x2 BL SA 12419c.c. A14 2D (德國) 曳引車
德曼汽車股份有限公司,C4D675003G-1,進口,KMN12.4FZA8-C4,D2676LF79,MAN TGX 18.470 4x2 BL SA  12419c.c. A14 2D (波蘭) 曳引車,19000.0,0.0,MAN TGX 18.470 4x2 BL SA 12419c.c. A14 2D (波蘭),曳引車,,0.0,0.0,MAN TGX 18.470 4x2 BL SA 12419c.c. A14 2D (波蘭) 曳引車
德曼汽車股份有限公司,C4D675003G-1,進口,KMN12.4FZA8-C4,D2676LF78,MAN TGX 33.510 6x4 BB SA  12419c.c. A12 2D (德國) 曳引車,33000.0,0.0,MAN TGX 33.510 6x4 BB SA 12419c.c. A12 2D (德國),曳引車,,0.0,0.0,MAN TGX 33.510 6x4 BB SA 12419c.c. A12 2D (德國) 曳引車
德曼汽車股份有限公司,C4D675003G-1,進口,KMN12.4FZA8-C4,D2676LF79,MAN TGX 26.470 6x2/2 BL SA  12419c.c. A12 2D (德國) 曳引車,28000.0,0.0,MAN TGX 26.470 6x2/2 BL SA 12419c.c. A12 2D (德國),曳引車,,0.0,0.0,MAN TGX 26.470 6x2/2 BL SA 12419c.c. A12 2D (德國) 曳引車
德曼汽車股份有限公司,C4D675003G-1,進口,KMN12.4FZA8-C4,D2676LF79,MAN TGX 33.470 6x4 BB CH  12419c.c. A12 2D 軸距6500mm (德國) 兼供曳引大貨車底盤,33000.0,0.0,MAN TGX 33.470 6x4 BB CH 12419c.c. A12 2D 軸距6500mm (德國),兼供曳引大貨車底盤,,0.0,0.0,MAN TGX 33.470 6x4 BB CH 12419c.c. A12 2D 軸距6500mm (德國) 兼供曳引大貨車底盤
德曼汽車股份有限公司,C4D675003G-1,進口,KMN12.4FZA8-C4,D2676LF79,MAN TGS 28.470 6x2=2 BL SA  12419c.c. A12 2D (德國) 曳引車,28000.0,0.0,MAN TGS 28.470 6x2=2 BL SA 12419c.c. A12 2D (德國),曳引車,,0.0,0.0,MAN TGS 28.470 6x2=2 BL SA 12419c.c. A12 2D (德國) 曳引車
德曼汽車股份有限公司,C4D675003G-1,進口,KMN12.4FZA8-C4,D2676LF79,MAN TGX 26.470 6x2-4 BL CH  12419c.c. A12 2D 軸距6850mm (波蘭) 兼供曳引大貨車底盤,28000.0,0.0,MAN TGX 26.470 6x2-4 BL CH 12419c.c. A12 2D 軸距6850mm (波蘭),兼供曳引大貨車底盤,,0.0,0.0,MAN TGX 26.470 6x2-4 BL CH 12419c.c. A12 2D 軸距6850mm (波蘭) 兼供曳引大貨車底盤
德曼汽車股份有限公司,C4D675003G-1,進口,KMN12.4FZA8-C4,D2676LF78,MAN TGX 33.510 6x4 BB SA  12419c.c. M16 2D (波蘭) 曳引車,33000.0,0.0,MAN TGX 33.510 6x4 BB SA 12419c.c. M16 2D (波蘭),曳引車,,0.0,0.0,MAN TGX 33.510 6x4 BB SA 12419c.c. M16 2D (波蘭) 曳引車
德曼汽車股份有限公司,C4D675003G-1,進口,KMN12.4FZA8-C4,D2676LF79,MAN TGS 28.470 6x2=2 BL CH  12419c.c. A12 2D 軸距6850mm (德國) 兼供曳引大貨車底盤,28000.0,0.0,MAN TGS 28.470 6x2=2 BL CH 12419c.c. A12 2D 軸距6850mm (德國),兼供曳引大貨車底盤,,0.0,0.0,MAN TGS 28.470 6x2=2 BL CH 12419c.c. A12 2D 軸距6850mm (德國) 兼供曳引大貨車底盤
德曼汽車股份有限公司,C4D675003G-1,進口,KMN12.4FZA8-C4,D2676LF79,MAN TGS 33.470 6x4 BB CH  12419c.c. A12 2D 軸距6500mm (波蘭) 兼供曳引大貨車底盤,33000.0,0.0,MAN TGS 33.470 6x4 BB CH 12419c.c. A12 2D 軸距6500mm (波蘭),兼供曳引大貨車底盤,,0.0,0.0,MAN TGS 33.470 6x4 BB CH 12419c.c. A12 2D 軸距6500mm (波蘭) 兼供曳引大貨車底盤
德曼汽車股份有限公司,C4D675003G-1,進口,KMN12.4FZA8-C4,D2676LF78,MAN TGX 26.510 6x2/4 BL SA  12419c.c. A12 2D (德國) 曳引車,26000.0,0.0,MAN TGX 26.510 6x2/4 BL SA 12419c.c. A12 2D (德國),曳引車,,0.0,0.0,MAN TGX 26.510 6x2/4 BL SA 12419c.c. A12 2D (德國) 曳引車
德曼汽車股份有限公司,C2D675005G-1,進口,LMN04.6FZA6-C2,D0834LFLAJ,MAN TGL 8.190 4X2 BB  4580c.c. A6 4D  消防車底盤,8800.0,0.0,MAN TGL 8.190 4X2 BB 4580c.c. A6 4D,消防車底盤,,0.0,0.0,MAN TGL 8.190 4X2 BB 4580c.c. A6 4D 消防車底盤
德曼汽車股份有限公司,C2D675005G-1,進口,LMN04.6FZA6-C2,D0834LFLAJ,MAN TGL 8.190 4X2 BB  4580c.c. M6 4D  消防車底盤,8800.0,0.0,MAN TGL 8.190 4X2 BB 4580c.c. M6 4D,消防車底盤,,0.0,0.0,MAN TGL 8.190 4X2 BB 4580c.c. M6 4D 消防車底盤
德曼汽車股份有限公司,C4D675005G-1,進口,LMN04.6FZA6-C4,D0834LFLAJ,MAN TGL 8.190 4x2 BB CH  4580c.c. A6 2D 軸距3050mm (波蘭) 消防車底盤,8800.0,0.0,MAN TGL 8.190 4x2 BB CH 4580c.c. A6 2D 軸距3050mm (波蘭),消防車底盤,,0.0,0.0,MAN TGL 8.190 4x2 BB CH 4580c.c. A6 2D 軸距3050mm (波蘭) 消防車底盤
德曼汽車股份有限公司,C4D675005G-1,進口,LMN04.6FZA6-C4,D0834LFLAJ,MAN TGL 8.190 4x2 BB CH  4580c.c. A6 2D 軸距3050mm (德國) 消防車底盤,8800.0,0.0,MAN TGL 8.190 4x2 BB CH 4580c.c. A6 2D 軸距3050mm (德國),消防車底盤,,0.0,0.0,MAN TGL 8.190 4x2 BB CH 4580c.c. A6 2D 軸距3050mm (德國) 消防車底盤
德曼汽車股份有限公司,C4D675005G-1,進口,LMN04.6FZA6-C4,D0834LFLAJ,MAN TGL 8.190 4X2 BB  4580c.c. M6 4D (奧地利) 消防車底盤,8800.0,0.0,MAN TGL 8.190 4X2 BB 4580c.c. M6 4D (奧地利),消防車底盤,,0.0,0.0,MAN TGL 8.190 4X2 BB 4580c.c. M6 4D (奧地利) 消防車底盤
德曼汽車股份有限公司,C4D675005G-1,進口,LMN04.6FZA6-C4,D0834LFLAJ,MAN TGL 8.190 4x2 BB CH  4580c.c. A6 4D (德國) 消防車底盤,8800.0,0.0,MAN TGL 8.190 4x2 BB CH 4580c.c. A6 4D (德國),消防車底盤,,0.0,0.0,MAN TGL 8.190 4x2 BB CH 4580c.c. A6 4D (德國) 消防車底盤
德曼汽車股份有限公司,C4D675005G-1,進口,LMN04.6FZA6-C4,D0834LFLAJ,MAN TGL 8.190 4x2 BB CH  4580c.c. A6 4D (波蘭) 消防車底盤,8800.0,4.0,MAN TGL 8.190 4x2 BB CH 4580c.c. A6 4D (波蘭),消防車底盤,,0.0,4.0,MAN TGL 8.190 4x2 BB CH 4580c.c. A6 4D (波蘭) 消防車底盤
德曼汽車股份有限公司,C2D675001G-1,進口,LMN09.0FZS5-C2,D1556LF07,MAN TGS 18.400 4x2 BL SA  9037c.c. A12 2D  曳引車,19000.0,0.0,MAN TGS 18.400 4x2 BL SA 9037c.c. A12 2D,曳引車,,0.0,0.0,MAN TGS 18.400 4x2 BL SA 9037c.c. A12 2D 曳引車
德曼汽車股份有限公司,C4D675001G-1,進口,LMN09.0FZS5-C4,D1556LF07,MAN TGS 18.400 4x2 BL SA  9037c.c. A12 2D (波蘭) 曳引車,19000.0,7.0,MAN TGS 18.400 4x2 BL SA 9037c.c. A12 2D (波蘭),曳引車,,0.0,7.0,MAN TGS 18.400 4x2 BL SA 9037c.c. A12 2D (波蘭) 曳引車
德曼汽車股份有限公司,C4D675001G-1,進口,LMN09.0FZS5-C4,D1556LF07,MAN TGS 18.400 4x2 BL SA  9037c.c. A12 2D (德國) 曳引車,19000.0,0.0,MAN TGS 18.400 4x2 BL SA 9037c.c. A12 2D (德國),曳引車,,0.0,0.0,MAN TGS 18.400 4x2 BL SA 9037c.c. A12 2D (德國) 曳引車
德曼汽車股份有限公司,C4D675001G-1,進口,LMN09.0FZS5-C4,D1556LF11,MAN TGS 26.360 6x4 BB CH  9037c.c. A12 2D 軸距6500mm (德國) 消防車底盤,28000.0,0.0,MAN TGS 26.360 6x4 BB CH 9037c.c. A12 2D 軸距6500mm (德國),消防車底盤,,0.0,0.0,MAN TGS 26.360 6x4 BB CH 9037c.c. A12 2D 軸距6500mm (德國) 消防車底盤
德曼汽車股份有限公司,C4D675001G-1,進口,LMN09.0FZS5-C4,D1556LF11,MAN TGS 26.360 6x4 BB CH  9037c.c. A12 2D 軸距5600mm (德國) 消防車底盤,28000.0,0.0,MAN TGS 26.360 6x4 BB CH 9037c.c. A12 2D 軸距5600mm (德國),消防車底盤,,0.0,0.0,MAN TGS 26.360 6x4 BB CH 9037c.c. A12 2D 軸距5600mm (德國) 消防車底盤
德曼汽車股份有限公司,C4D675001G-1,進口,LMN09.0FZS5-C4,D1556LF11,MAN TGS 26.360 6x4 BB CH  9037c.c. A12 2D 軸距5600mm (波蘭) 消防車底盤,28000.0,10.0,MAN TGS 26.360 6x4 BB CH 9037c.c. A12 2D 軸距5600mm (波蘭),消防車底盤,,0.0,10.0,MAN TGS 26.360 6x4 BB CH 9037c.c. A12 2D 軸距5600mm (波蘭) 消防車底盤
德曼汽車股份有限公司,C4D675001G-1,進口,LMN09.0FZS5-C4,D1556LF11,MAN TGS 26.360 6x4 BB CH  9037c.c. A12 2D 軸距6500mm (波蘭) 消防車底盤,28000.0,0.0,MAN TGS 26.360 6x4 BB CH 9037c.c. A12 2D 軸距6500mm (波蘭),消防車底盤,,0.0,0.0,MAN TGS 26.360 6x4 BB CH 9037c.c. A12 2D 軸距6500mm (波蘭) 消防車底盤
德曼汽車股份有限公司,C4D675002G-1,進口,LMN15.3FZS8-C4,D3876LF10,MAN TGX 28.640 6x2=2 BL CH  15256c.c. A12 2D 軸距6500mm (德國) 兼供曳引大貨車底盤,28000.0,0.0,MAN TGX 28.640 6x2=2 BL CH 15256c.c. A12 2D 軸距6500mm (德國),兼供曳引大貨車底盤,,0.0,0.0,MAN TGX 28.640 6x2=2 BL CH 15256c.c. A12 2D 軸距6500mm (德國) 兼供曳引大貨車底盤
德曼汽車股份有限公司,C4D675002G-1,進口,LMN15.3FZS8-C4,D3876LF10,MAN TGX 33.640 6x4 BB CH  15256c.c. A12 2D 軸距4700mm (波蘭) 兼供曳引大貨車底盤,33000.0,0.0,MAN TGX 33.640 6x4 BB CH 15256c.c. A12 2D 軸距4700mm (波蘭),兼供曳引大貨車底盤,,0.0,0.0,MAN TGX 33.640 6x4 BB CH 15256c.c. A12 2D 軸距4700mm (波蘭) 兼供曳引大貨車底盤
德曼汽車股份有限公司,C4D675002G-1,進口,LMN15.3FZS8-C4,D3876LF11,MAN TGX 33.580 6x4 BB SA  15256c.c. A12 2D (德國) 曳引車,33000.0,0.0,MAN TGX 33.580 6x4 BB SA 15256c.c. A12 2D (德國),曳引車,,0.0,0.0,MAN TGX 33.580 6x4 BB SA 15256c.c. A12 2D (德國) 曳引車
德曼汽車股份有限公司,C4D675002G-1,進口,LMN15.3FZS8-C4,D3876LF11,MAN TGX 28.580 6x2=2 BL SA  15256c.c. A12 2D (波蘭) 曳引車,28000.0,1.0,MAN TGX 28.580 6x2=2 BL SA 15256c.c. A12 2D (波蘭),曳引車,,0.0,1.0,MAN TGX 28.580 6x2=2 BL SA 15256c.c. A12 2D (波蘭) 曳引車
德曼汽車股份有限公司,C4D675002G-1,進口,LMN15.3FZS8-C4,D3876LF10,MAN TGX 28.640 6x2=2 BL SA  15256c.c. A12 2D (波蘭) 曳引車,28000.0,1.0,MAN TGX 28.640 6x2=2 BL SA 15256c.c. A12 2D (波蘭),曳引車,,0.0,1.0,MAN TGX 28.640 6x2=2 BL SA 15256c.c. A12 2D (波蘭) 曳引車
德曼汽車股份有限公司,C4D675002G-1,進口,LMN15.3FZS8-C4,D3876LF10,MAN TGX 26.640 6x2/4 BL SA  15256c.c. A12 2D (德國) 曳引車,26000.0,0.0,MAN TGX 26.640 6x2/4 BL SA 15256c.c. A12 2D (德國),曳引車,,0.0,0.0,MAN TGX 26.640 6x2/4 BL SA 15256c.c. A12 2D (德國) 曳引車
德曼汽車股份有限公司,C4D675002G-1,進口,LMN15.3FZS8-C4,D3876LF10,MAN TGX 33.640 6x4 BB SA  15256c.c. A12 2D (波蘭) 曳引車,33000.0,1.0,MAN TGX 33.640 6x4 BB SA 15256c.c. A12 2D (波蘭),曳引車,,0.0,1.0,MAN TGX 33.640 6x4 BB SA 15256c.c. A12 2D (波蘭) 曳引車
德曼汽車股份有限公司,C4D675002G-1,進口,LMN15.3FZS8-C4,D3876LF10,MAN TGX 33.640 6x4 BB CH  15256c.c. A12 2D 軸距4700mm (德國) 兼供曳引大貨車底盤,33000.0,0.0,MAN TGX 33.640 6x4 BB CH 15256c.c. A12 2D 軸距4700mm (德國),兼供曳引大貨車底盤,,0.0,0.0,MAN TGX 33.640 6x4 BB CH 15256c.c. A12 2D 軸距4700mm (德國) 兼供曳引大貨車底盤
德曼汽車股份有限公司,C4D675002G-1,進口,LMN15.3FZS8-C4,D3876LF10,MAN TGX 26.640 6x2/4 BL SA  15256c.c. A12 2D (波蘭) 曳引車,26000.0,0.0,MAN TGX 26.640 6x2/4 BL SA 15256c.c. A12 2D (波蘭),曳引車,,0.0,0.0,MAN TGX 26.640 6x2/4 BL SA 15256c.c. A12 2D (波蘭) 曳引車
德曼汽車股份有限公司,C4D675002G-1,進口,LMN15.3FZS8-C4,D3876LF11,MAN TGX 28.580 6x2=2 BL SA  15256c.c. A12 2D (德國) 曳引車,28000.0,0.0,MAN TGX 28.580 6x2=2 BL SA 15256c.c. A12 2D (德國),曳引車,,0.0,0.0,MAN TGX 28.580 6x2=2 BL SA 15256c.c. A12 2D (德國) 曳引車
德曼汽車股份有限公司,C4D675002G-1,進口,LMN15.3FZS8-C4,D3876LF10,MAN TGX 33.640 6x4 BB SA  15256c.c. A12 2D (德國) 曳引車,33000.0,0.0,MAN TGX 33.640 6x4 BB SA 15256c.c. A12 2D (德國),曳引車,,0.0,0.0,MAN TGX 33.640 6x4 BB SA 15256c.c. A12 2D (德國) 曳引車
德曼汽車股份有限公司,C4D675002G-1,進口,LMN15.3FZS8-C4,D3876LF10,MAN TGX 28.640 6x2=2 BL CH  15256c.c. A12 2D 軸距6500mm (波蘭) 兼供曳引大貨車底盤,28000.0,0.0,MAN TGX 28.640 6x2=2 BL CH 15256c.c. A12 2D 軸距6500mm (波蘭),兼供曳引大貨車底盤,,0.0,0.0,MAN TGX 28.640 6x2=2 BL CH 15256c.c. A12 2D 軸距6500mm (波蘭) 兼供曳引大貨車底盤
德曼汽車股份有限公司,C4D675002G-1,進口,LMN15.3FZS8-C4,D3876LF11,MAN TGX 33.580 6x4 BB SA  15256c.c. A12 2D (波蘭) 曳引車,33000.0,0.0,MAN TGX 33.580 6x4 BB SA 15256c.c. A12 2D (波蘭),曳引車,,0.0,0.0,MAN TGX 33.580 6x4 BB SA 15256c.c. A12 2D (波蘭) 曳引車
德曼汽車股份有限公司,C4D675002G-1,進口,LMN15.3FZS8-C4,D3876LF10,MAN TGX 28.640 6x2=2 BL SA  15256c.c. A12 2D (德國) 曳引車,28000.0,0.0,MAN TGX 28.640 6x2=2 BL SA 15256c.c. A12 2D (德國),曳引車,,0.0,0.0,MAN TGX 28.640 6x2=2 BL SA 15256c.c. A12 2D (德國) 曳引車
德曼汽車股份有限公司,C5D675001H-1,進口,OMN09.0FZE5,D1556LF21,MAN TGS 26.360 6x4 BB CH  9037c.c. A12 2D 軸距5600mm (德國) 消防車底盤,28000.0,0.0,MAN TGS 26.360 6x4 BB CH 9037c.c. A12 2D 軸距5600mm (德國),消防車底盤,,0.0,0.0,MAN TGS 26.360 6x4 BB CH 9037c.c. A12 2D 軸距5600mm (德國) 消防車底盤
德曼汽車股份有限公司,C5D675001H-1,進口,OMN09.0FZE5,D1556LF21,MAN TGS 26.360 6x4 BB CH  9037c.c. A12 2D 軸距5600mm (波蘭) 消防車底盤,28000.0,1.0,MAN TGS 26.360 6x4 BB CH 9037c.c. A12 2D 軸距5600mm (波蘭),消防車底盤,,0.0,1.0,MAN TGS 26.360 6x4 BB CH 9037c.c. A12 2D 軸距5600mm (波蘭) 消防車底盤
德曼汽車股份有限公司,C5D675002H-1,進口,OMN12.4FZN3,D2676LFAX,MAN TGS 28.520 6x2=2 BL SA  12419c.c. A12 2D (德國) 曳引車,28000.0,0.0,MAN TGS 28.520 6x2=2 BL SA 12419c.c. A12 2D (德國),曳引車,,0.0,0.0,MAN TGS 28.520 6x2=2 BL SA 12419c.c. A12 2D (德國) 曳引車
德曼汽車股份有限公司,C5D675002H-1,進口,OMN12.4FZN3,D2676LFAX,MAN TGS 28.520 6x2=2 BL SA  12419c.c. A12 2D (波蘭) 曳引車,28000.0,0.0,MAN TGS 28.520 6x2=2 BL SA 12419c.c. A12 2D (波蘭),曳引車,,0.0,0.0,MAN TGS 28.520 6x2=2 BL SA 12419c.c. A12 2D (波蘭) 曳引車
德曼汽車股份有限公司,C5D675003H-1,進口,OMN15.3FZE6,D3876LF16,MAN TGX 33.640 6x4 BB SA  15256c.c. A12 2D (德國) 曳引車,33000.0,0.0,MAN TGX 33.640 6x4 BB SA 15256c.c. A12 2D (德國),曳引車,,0.0,0.0,MAN TGX 33.640 6x4 BB SA 15256c.c. A12 2D (德國) 曳引車
德曼汽車股份有限公司,C5D675003H-1,進口,OMN15.3FZE6,D3876LF16,MAN TGX 33.640 6x4 BB SA  15256c.c. A12 2D (波蘭) 曳引車,33000.0,0.0,MAN TGX 33.640 6x4 BB SA 15256c.c. A12 2D (波蘭),曳引車,,0.0,0.0,MAN TGX 33.640 6x4 BB SA 15256c.c. A12 2D (波蘭) 曳引車
成運汽車製造股份有限公司,C3D580001X-1,國產,MDI7.64FEL6-C3,DL08P(220.7kW/115kgm),成運 MB120NSP  7640c.c. A6 2D (T/M:Allison) 大客車,16300.0,0.0,成運 MB120NSP 7640c.c. A6 2D (T/M:Allison),大客車,,0.0,0.0,成運 MB120NSP 7640c.c. A6 2D (T/M:Allison) 大客車
成運汽車製造股份有限公司,C5D580001X-1,國產,MDI7.64FEL6-C3,DL08P(220.7kW/115kgm),成運 MB120NSP  7640c.c. A6 2D (T/M:Allison) 大客車,16300.0,0.0,成運 MB120NSP 7640c.c. A6 2D (T/M:Allison),大客車,,0.0,0.0,成運 MB120NSP 7640c.c. A6 2D (T/M:Allison) 大客車
成運汽車製造股份有限公司,C4D580001X-1,國產,MDI7.64FEL6-C3,DL08P(220.7kW/115kgm),成運 MB120NSP  7640c.c. A6 2D (T/M:Allison) 大客車,16300.0,0.0,成運 MB120NSP 7640c.c. A6 2D (T/M:Allison),大客車,,0.0,0.0,成運 MB120NSP 7640c.c. A6 2D (T/M:Allison) 大客車
昇鋒汽車國際股份有限公司,C0D642002H-1,國產,JMN12.4FZA9-C0,D2676LOH36,昇鋒猛獅 TY-MAN 19 460 CO  12419c.c. A12 1D  大客車,17000.0,0.0,昇鋒猛獅 TY-MAN 19 460 CO 12419c.c. A12 1D,大客車,,0.0,0.0,昇鋒猛獅 TY-MAN 19 460 CO 12419c.c. A12 1D 大客車
昇鋒汽車國際股份有限公司,C0D642002H-1,國產,JMN12.4FZA9-C0,D2676LOH36,昇鋒猛獅 MAN 19 460 CO  12419c.c. A12  大客車底盤,19000.0,0.0,昇鋒猛獅 MAN 19 460 CO 12419c.c. A12,大客車底盤,,0.0,0.0,昇鋒猛獅 MAN 19 460 CO 12419c.c. A12 大客車底盤
昇鋒汽車國際股份有限公司,C0D642002H-1,國產,JMN12.4FZA9-C0,D2676LOH37,昇鋒猛獅 MAN 19 500 CO  12419c.c. A12  大客車底盤,19000.0,0.0,昇鋒猛獅 MAN 19 500 CO 12419c.c. A12,大客車底盤,,0.0,0.0,昇鋒猛獅 MAN 19 500 CO 12419c.c. A12 大客車底盤
昇鋒汽車國際股份有限公司,C0D642002H-1,國產,JMN12.4FZA9-C0,D2676LOH37,昇鋒猛獅 MAN 19 500 CO  12419c.c. A12 2D  大客車,17000.0,0.0,昇鋒猛獅 MAN 19 500 CO 12419c.c. A12 2D,大客車,,0.0,0.0,昇鋒猛獅 MAN 19 500 CO 12419c.c. A12 2D 大客車
昇鋒汽車國際股份有限公司,C0D642002H-1,國產,JMN12.4FZA9-C0,D2676LOH36,昇鋒猛獅 MAN 19 460 CO  12419c.c. A12 2D  大客車,17000.0,0.0,昇鋒猛獅 MAN 19 460 CO 12419c.c. A12 2D,大客車,,0.0,0.0,昇鋒猛獅 MAN 19 460 CO 12419c.c. A12 2D 大客車
昇鋒汽車國際股份有限公司,C0D642002H-1,國產,JMN12.4FZA9-C0,D2676LOH36,昇鋒猛獅 TY-D-MAN 19 460 CO  12419c.c. A12 2D  大客車,17000.0,0.0,昇鋒猛獅 TY-D-MAN 19 460 CO 12419c.c. A12 2D,大客車,,0.0,0.0,昇鋒猛獅 TY-D-MAN 19 460 CO 12419c.c. A12 2D 大客車
昇鋒汽車國際股份有限公司,C0D642002H-1,國產,JMN12.4FZA9-C0,D2676LOH35,昇鋒猛獅 MAN 19 420 CO  12419c.c. A12 2D  大客車,17000.0,0.0,昇鋒猛獅 MAN 19 420 CO 12419c.c. A12 2D,大客車,,0.0,0.0,昇鋒猛獅 MAN 19 420 CO 12419c.c. A12 2D 大客車
昇鋒汽車國際股份有限公司,C0D642002H-1,國產,JMN12.4FZA9-C0,D2676LOH35,昇鋒猛獅 MAN 19 420 CO  12419c.c. A12  大客車底盤,19000.0,0.0,昇鋒猛獅 MAN 19 420 CO 12419c.c. A12,大客車底盤,,0.0,0.0,昇鋒猛獅 MAN 19 420 CO 12419c.c. A12 大客車底盤
昇鋒汽車國際股份有限公司,C1D642001H-1,國產,JMN12.4FZA9-C1,D2676LOH37,昇鋒猛獅 MAN 19 500 CO  12419c.c. A12 2D  大客車,17000.0,0.0,昇鋒猛獅 MAN 19 500 CO 12419c.c. A12 2D,大客車,,0.0,0.0,昇鋒猛獅 MAN 19 500 CO 12419c.c. A12 2D 大客車
昇鋒汽車國際股份有限公司,C1D642001H-1,國產,JMN12.4FZA9-C1,D2676LOH36,昇鋒猛獅 TY-MAN 19 460 CO  12419c.c. A12 1D  大客車,17000.0,0.0,昇鋒猛獅 TY-MAN 19 460 CO 12419c.c. A12 1D,大客車,,0.0,0.0,昇鋒猛獅 TY-MAN 19 460 CO 12419c.c. A12 1D 大客車
昇鋒汽車國際股份有限公司,C1D642001H-1,國產,JMN12.4FZA9-C1,D2676LOH35,昇鋒猛獅 MAN 19 420 CO  12419c.c. A12  大客車底盤,19000.0,0.0,昇鋒猛獅 MAN 19 420 CO 12419c.c. A12,大客車底盤,,0.0,0.0,昇鋒猛獅 MAN 19 420 CO 12419c.c. A12 大客車底盤
昇鋒汽車國際股份有限公司,C1D642001H-1,國產,JMN12.4FZA9-C1,D2676LOH36,昇鋒猛獅 MAN 19 460 CO  12419c.c. A12  大客車底盤,19000.0,0.0,昇鋒猛獅 MAN 19 460 CO 12419c.c. A12,大客車底盤,,0.0,0.0,昇鋒猛獅 MAN 19 460 CO 12419c.c. A12 大客車底盤
昇鋒汽車國際股份有限公司,C1D642001H-1,國產,JMN12.4FZA9-C1,D2676LOH36,昇鋒猛獅 TY-D-MAN 19 460 CO  12419c.c. A12 2D  大客車,17000.0,0.0,昇鋒猛獅 TY-D-MAN 19 460 CO 12419c.c. A12 2D,大客車,,0.0,0.0,昇鋒猛獅 TY-D-MAN 19 460 CO 12419c.c. A12 2D 大客車
昇鋒汽車國際股份有限公司,C1D642001H-1,國產,JMN12.4FZA9-C1,D2676LOH35,昇鋒猛獅 MAN 19 420 CO  12419c.c. A12 2D  大客車,17000.0,0.0,昇鋒猛獅 MAN 19 420 CO 12419c.c. A12 2D,大客車,,0.0,0.0,昇鋒猛獅 MAN 19 420 CO 12419c.c. A12 2D 大客車
昇鋒汽車國際股份有限公司,C1D642001H-1,國產,JMN12.4FZA9-C1,D2676LOH37,昇鋒猛獅 MAN 19 500 CO  12419c.c. A12  大客車底盤,19000.0,0.0,昇鋒猛獅 MAN 19 500 CO 12419c.c. A12,大客車底盤,,0.0,0.0,昇鋒猛獅 MAN 19 500 CO 12419c.c. A12 大客車底盤
昇鋒汽車國際股份有限公司,C1D642001H-1,國產,JMN12.4FZA9-C1,D2676LOH36,昇鋒猛獅 MAN 19 460 CO  12419c.c. A12 2D  大客車,17000.0,0.0,昇鋒猛獅 MAN 19 460 CO 12419c.c. A12 2D,大客車,,0.0,0.0,昇鋒猛獅 MAN 19 460 CO 12419c.c. A12 2D 大客車
昇鋒汽車國際股份有限公司,C2D642001H-1,國產,JMN12.4FZA9-C2,D2676LOH37,昇鋒猛獅 IY-MAN 19 500 CO  12419c.c. A12 2D  大客車,18500.0,0.0,昇鋒猛獅 IY-MAN 19 500 CO 12419c.c. A12 2D,大客車,,0.0,0.0,昇鋒猛獅 IY-MAN 19 500 CO 12419c.c. A12 2D 大客車
昇鋒汽車國際股份有限公司,C2D642001H-1,國產,JMN12.4FZA9-C2,D2676LOH36,昇鋒猛獅 MAN 19 460 CO  12419c.c. A12 2D  大客車,17000.0,0.0,昇鋒猛獅 MAN 19 460 CO 12419c.c. A12 2D,大客車,,0.0,0.0,昇鋒猛獅 MAN 19 460 CO 12419c.c. A12 2D 大客車
昇鋒汽車國際股份有限公司,C2D642001H-1,國產,JMN12.4FZA9-C2,D2676LOH37,昇鋒猛獅 MAN 19 500 CO  12419c.c. A12 2D  大客車,17000.0,0.0,昇鋒猛獅 MAN 19 500 CO 12419c.c. A12 2D,大客車,,0.0,0.0,昇鋒猛獅 MAN 19 500 CO 12419c.c. A12 2D 大客車
昇鋒汽車國際股份有限公司,C2D642001H-1,國產,JMN12.4FZA9-C2,D2676LOH36,昇鋒猛獅 MAN 19 460 CO  12419c.c. A12  大客車底盤,19000.0,0.0,昇鋒猛獅 MAN 19 460 CO 12419c.c. A12,大客車底盤,,0.0,0.0,昇鋒猛獅 MAN 19 460 CO 12419c.c. A12 大客車底盤
昇鋒汽車國際股份有限公司,C2D642001H-1,國產,JMN12.4FZA9-C2,D2676LOH35,昇鋒猛獅 MAN 19 420 CO  12419c.c. A12 2D  大客車,17000.0,0.0,昇鋒猛獅 MAN 19 420 CO 12419c.c. A12 2D,大客車,,0.0,0.0,昇鋒猛獅 MAN 19 420 CO 12419c.c. A12 2D 大客車
昇鋒汽車國際股份有限公司,C2D642001H-1,國產,JMN12.4FZA9-C2,D2676LOH35,昇鋒猛獅 MAN 19 420 CO  12419c.c. A12  大客車底盤,19000.0,0.0,昇鋒猛獅 MAN 19 420 CO 12419c.c. A12,大客車底盤,,0.0,0.0,昇鋒猛獅 MAN 19 420 CO 12419c.c. A12 大客車底盤
昇鋒汽車國際股份有限公司,C2D642001H-1,國產,JMN12.4FZA9-C2,D2676LOH37,昇鋒猛獅 MAN 26 500 CO  12419c.c. A12  大客車底盤,26000.0,0.0,昇鋒猛獅 MAN 26 500 CO 12419c.c. A12,大客車底盤,,0.0,0.0,昇鋒猛獅 MAN 26 500 CO 12419c.c. A12 大客車底盤
昇鋒汽車國際股份有限公司,C2D642001H-1,國產,JMN12.4FZA9-C2,D2676LOH36,昇鋒猛獅 TY-D-MAN 19 460 CO  12419c.c. A12 2D  大客車,17000.0,0.0,昇鋒猛獅 TY-D-MAN 19 460 CO 12419c.c. A12 2D,大客車,,0.0,0.0,昇鋒猛獅 TY-D-MAN 19 460 CO 12419c.c. A12 2D 大客車
昇鋒汽車國際股份有限公司,C2D642001H-1,國產,JMN12.4FZA9-C2,D2676LOH36,昇鋒猛獅 TY-MAN 19 460 CO  12419c.c. A12 1D  大客車,17000.0,0.0,昇鋒猛獅 TY-MAN 19 460 CO 12419c.c. A12 1D,大客車,,0.0,0.0,昇鋒猛獅 TY-MAN 19 460 CO 12419c.c. A12 1D 大客車
昇鋒汽車國際股份有限公司,C2D642001H-1,國產,JMN12.4FZA9-C2,D2676LOH37,昇鋒猛獅 MAN 19 500 CO  12419c.c. A12  大客車底盤,19000.0,0.0,昇鋒猛獅 MAN 19 500 CO 12419c.c. A12,大客車底盤,,0.0,0.0,昇鋒猛獅 MAN 19 500 CO 12419c.c. A12 大客車底盤
昇鋒汽車國際股份有限公司,C2D642001H-1,國產,JMN12.4FZA9-C2,D2676LOH37,昇鋒猛獅 SD-MAN 19 500 CO  12419c.c. A12 2D  大客車,18500.0,0.0,昇鋒猛獅 SD-MAN 19 500 CO 12419c.c. A12 2D,大客車,,0.0,0.0,昇鋒猛獅 SD-MAN 19 500 CO 12419c.c. A12 2D 大客車
昇鋒汽車國際股份有限公司,C2D642002H-1,國產,KMN12.4FZA8-C2,D2676LOH40,昇鋒猛獅 MAN 19 510 CO  12419c.c. A12  大客車底盤,18500.0,0.0,昇鋒猛獅 MAN 19 510 CO 12419c.c. A12,大客車底盤,,0.0,0.0,昇鋒猛獅 MAN 19 510 CO 12419c.c. A12 大客車底盤
昇鋒汽車國際股份有限公司,C2D642002H-1,國產,KMN12.4FZA8-C2,D2676LOH40,昇鋒猛獅 MAN 26 510 CO  12419c.c. A12  大客車底盤,26000.0,0.0,昇鋒猛獅 MAN 26 510 CO 12419c.c. A12,大客車底盤,,0.0,0.0,昇鋒猛獅 MAN 26 510 CO 12419c.c. A12 大客車底盤
昇鋒汽車國際股份有限公司,C2D642002H-1,國產,KMN12.4FZA8-C2,D2676LOH40,昇鋒猛獅 BS-MAN 19 510 CO  12419c.c. A12 2D  大客車,18500.0,0.0,昇鋒猛獅 BS-MAN 19 510 CO 12419c.c. A12 2D,大客車,,0.0,0.0,昇鋒猛獅 BS-MAN 19 510 CO 12419c.c. A12 2D 大客車
昇鋒汽車國際股份有限公司,C3D642001H-1,國產,KMN12.4FZA8-C3,D2676LOH40,昇鋒猛獅 MAN 26 510 CO  12419c.c. A12  大客車底盤,26000.0,0.0,昇鋒猛獅 MAN 26 510 CO 12419c.c. A12,大客車底盤,,0.0,0.0,昇鋒猛獅 MAN 26 510 CO 12419c.c. A12 大客車底盤
昇鋒汽車國際股份有限公司,C3D642001H-1,國產,KMN12.4FZA8-C3,D2676LOH40,昇鋒猛獅 BS-MAN 19 510 CO  12419c.c. A12 2D  大客車,18500.0,0.0,昇鋒猛獅 BS-MAN 19 510 CO 12419c.c. A12 2D,大客車,,0.0,0.0,昇鋒猛獅 BS-MAN 19 510 CO 12419c.c. A12 2D 大客車
昇鋒汽車國際股份有限公司,C3D642001H-1,國產,KMN12.4FZA8-C3,D2676LOH39,昇鋒猛獅 MAN 19 470 CO  12419c.c. A12  大客車底盤,19000.0,9.0,昇鋒猛獅 MAN 19 470 CO 12419c.c. A12,大客車底盤,,0.0,9.0,昇鋒猛獅 MAN 19 470 CO 12419c.c. A12 大客車底盤
昇鋒汽車國際股份有限公司,C3D642001H-1,國產,KMN12.4FZA8-C3,D2676LOH40,昇鋒猛獅 MAN 19 510 CO  12419c.c. A12  大客車底盤,18500.0,17.0,昇鋒猛獅 MAN 19 510 CO 12419c.c. A12,大客車底盤,,0.0,17.0,昇鋒猛獅 MAN 19 510 CO 12419c.c. A12 大客車底盤
昇鋒汽車國際股份有限公司,C4D642001H-1,國產,KMN12.4FZA8-C4,D2676LOH39,昇鋒猛獅 MAN 19 470 CO  12419c.c. A12  大客車底盤,19000.0,1.0,昇鋒猛獅 MAN 19 470 CO 12419c.c. A12,大客車底盤,,0.0,1.0,昇鋒猛獅 MAN 19 470 CO 12419c.c. A12 大客車底盤
昇鋒汽車國際股份有限公司,C4D642001H-1,國產,KMN12.4FZA8-C4,D2676LOH40,昇鋒猛獅 BS-MAN 19 510 CO  12419c.c. A12 2D  大客車,18500.0,0.0,昇鋒猛獅 BS-MAN 19 510 CO 12419c.c. A12 2D,大客車,,0.0,0.0,昇鋒猛獅 BS-MAN 19 510 CO 12419c.c. A12 2D 大客車
昇鋒汽車國際股份有限公司,C4D642001H-1,國產,KMN12.4FZA8-C4,D2676LOH40,昇鋒猛獅 MAN 19 510 CO  12419c.c. A12  大客車底盤,18500.0,11.0,昇鋒猛獅 MAN 19 510 CO 12419c.c. A12,大客車底盤,,0.0,11.0,昇鋒猛獅 MAN 19 510 CO 12419c.c. A12 大客車底盤
昇鋒汽車國際股份有限公司,C4D642001H-1,國產,KMN12.4FZA8-C4,D2676LOH40,昇鋒猛獅 MAN 26 510 CO  12419c.c. A12  大客車底盤,26000.0,0.0,昇鋒猛獅 MAN 26 510 CO 12419c.c. A12,大客車底盤,,0.0,0.0,昇鋒猛獅 MAN 26 510 CO 12419c.c. A12 大客車底盤
瑞典商斯堪尼亞汽車工業股份有限公司台灣分公司,B9D634001H-1,國產,ISA06.6FD13-B9,DC07 113,斯堪尼亞 P280B4X2NZ  6690c.c. A8 2D  大貨車底盤,17000.0,0.0,斯堪尼亞 P280B4X2NZ 6690c.c. A8 2D,大貨車底盤,,0.0,0.0,斯堪尼亞 P280B4X2NZ 6690c.c. A8 2D 大貨車底盤
瑞典商斯堪尼亞汽車工業股份有限公司台灣分公司,B9D634001H-1,國產,ISA06.6FD13-B9,DC07 113,斯堪尼亞 P280B4X2NA  6690c.c. A8 2D  大貨車底盤,17000.0,0.0,斯堪尼亞 P280B4X2NA 6690c.c. A8 2D,大貨車底盤,,0.0,0.0,斯堪尼亞 P280B4X2NA 6690c.c. A8 2D 大貨車底盤
瑞典商斯堪尼亞汽車工業股份有限公司台灣分公司,C0D634005H-1,國產,ISA06.6FD13-C0,DC07 113,斯堪尼亞 P280B4X2NA  6690c.c. A8 2D  大貨車底盤,17000.0,0.0,斯堪尼亞 P280B4X2NA 6690c.c. A8 2D,大貨車底盤,,0.0,0.0,斯堪尼亞 P280B4X2NA 6690c.c. A8 2D 大貨車底盤
瑞典商斯堪尼亞汽車工業股份有限公司台灣分公司,C0D634005H-1,國產,ISA06.6FD13-C0,DC07 113,斯堪尼亞 P280B4X2NZ  6690c.c. A8 2D  大貨車底盤,17000.0,0.0,斯堪尼亞 P280B4X2NZ 6690c.c. A8 2D,大貨車底盤,,0.0,0.0,斯堪尼亞 P280B4X2NZ 6690c.c. A8 2D 大貨車底盤
瑞典商斯堪尼亞汽車工業股份有限公司台灣分公司,C1D634004H-1,國產,ISA06.6FD13-C1,DC07 113,斯堪尼亞 P280B4X2NZ  6690c.c. A8 2D  大貨車底盤,18500.0,0.0,斯堪尼亞 P280B4X2NZ 6690c.c. A8 2D,大貨車底盤,,0.0,0.0,斯堪尼亞 P280B4X2NZ 6690c.c. A8 2D 大貨車底盤
瑞典商斯堪尼亞汽車工業股份有限公司台灣分公司,C1D634004H-1,國產,ISA06.6FD13-C1,DC07 113,斯堪尼亞 P280B4X2NA  6690c.c. A8 2D  大貨車底盤,18500.0,0.0,斯堪尼亞 P280B4X2NA 6690c.c. A8 2D,大貨車底盤,,0.0,0.0,斯堪尼亞 P280B4X2NA 6690c.c. A8 2D 大貨車底盤
瑞典商斯堪尼亞汽車工業股份有限公司台灣分公司,C2D634004H-1,國產,ISA06.6FD13-C2,DC07 113,斯堪尼亞 P280B4X2NZ  6690c.c. A8 2D  大貨車底盤,18500.0,0.0,斯堪尼亞 P280B4X2NZ 6690c.c. A8 2D,大貨車底盤,,0.0,0.0,斯堪尼亞 P280B4X2NZ 6690c.c. A8 2D 大貨車底盤
瑞典商斯堪尼亞汽車工業股份有限公司台灣分公司,C2D634004H-1,國產,ISA06.6FD13-C2,DC07 113,斯堪尼亞 P280B4X2NA  6690c.c. A8 2D  大貨車底盤,18500.0,0.0,斯堪尼亞 P280B4X2NA 6690c.c. A8 2D,大貨車底盤,,0.0,0.0,斯堪尼亞 P280B4X2NA 6690c.c. A8 2D 大貨車底盤
瑞典商斯堪尼亞汽車工業股份有限公司台灣分公司,C3D634005H-1,國產,ISA06.6FD13-C3,DC07 113,斯堪尼亞 P280B4X2NA  6690c.c. A8 2D  大貨車底盤,18500.0,0.0,斯堪尼亞 P280B4X2NA 6690c.c. A8 2D,大貨車底盤,,0.0,0.0,斯堪尼亞 P280B4X2NA 6690c.c. A8 2D 大貨車底盤
瑞典商斯堪尼亞汽車工業股份有限公司台灣分公司,C3D634005H-1,國產,ISA06.6FD13-C3,DC07 113,斯堪尼亞 P280B4X2NZ  6690c.c. A8 2D  大貨車底盤,18500.0,0.0,斯堪尼亞 P280B4X2NZ 6690c.c. A8 2D,大貨車底盤,,0.0,0.0,斯堪尼亞 P280B4X2NZ 6690c.c. A8 2D 大貨車底盤
瑞典商斯堪尼亞汽車工業股份有限公司台灣分公司,C3D634005H-1,國產,ISA06.6FD13-C3,DC07 113,斯堪尼亞 P280B4X2NA  6690c.c. A14 2D  大貨車底盤,20500.0,0.0,斯堪尼亞 P280B4X2NA 6690c.c. A14 2D,大貨車底盤,,0.0,0.0,斯堪尼亞 P280B4X2NA 6690c.c. A14 2D 大貨車底盤
瑞典商斯堪尼亞汽車工業股份有限公司台灣分公司,C4D634005H-1,國產,ISA06.6FD13-C4,DC07 113,斯堪尼亞 P280B4X2NA  6690c.c. A8 2D  大貨車底盤,18500.0,0.0,斯堪尼亞 P280B4X2NA 6690c.c. A8 2D,大貨車底盤,,0.0,0.0,斯堪尼亞 P280B4X2NA 6690c.c. A8 2D 大貨車底盤
瑞典商斯堪尼亞汽車工業股份有限公司台灣分公司,C4D634005H-1,國產,ISA06.6FD13-C4,DC07 113,斯堪尼亞 P280B4X2NZ  6690c.c. A8 2D  大貨車底盤,18500.0,15.0,斯堪尼亞 P280B4X2NZ 6690c.c. A8 2D,大貨車底盤,,0.0,15.0,斯堪尼亞 P280B4X2NZ 6690c.c. A8 2D 大貨車底盤
瑞典商斯堪尼亞汽車工業股份有限公司台灣分公司,C4D634005H-1,國產,ISA06.6FD13-C4,DC07 113,斯堪尼亞 P280B4X2NA  6690c.c. A14 2D  大貨車底盤,18500.0,27.0,斯堪尼亞 P280B4X2NA 6690c.c. A14 2D,大貨車底盤,,0.0,27.0,斯堪尼亞 P280B4X2NA 6690c.c. A14 2D 大貨車底盤
瑞典商斯堪尼亞汽車工業股份有限公司台灣分公司,C4D634005H-1,國產,ISA06.6FD13-C4,DC07 113,斯堪尼亞 P280B4X2NZ  6690c.c. A14 2D 軸距3600mm 大貨車底盤,18500.0,0.0,斯堪尼亞 P280B4X2NZ 6690c.c. A14 2D 軸距3600mm,大貨車底盤,,0.0,0.0,斯堪尼亞 P280B4X2NZ 6690c.c. A14 2D 軸距3600mm 大貨車底盤
瑞典商斯堪尼亞汽車工業股份有限公司台灣分公司,B9D634003H-1,國產,ISA09.2FD26-B9,DC09 126,斯堪尼亞 P320B6X2NA  9291c.c. A8 2D  大貨車底盤,26000.0,0.0,斯堪尼亞 P320B6X2NA 9291c.c. A8 2D,大貨車底盤,,0.0,0.0,斯堪尼亞 P320B6X2NA 9291c.c. A8 2D 大貨車底盤
瑞典商斯堪尼亞汽車工業股份有限公司台灣分公司,C0D634002H-1,國產,ISA09.2FD26-C0,DC09 126,斯堪尼亞 P320B6X2NA  9291c.c. A12 2D 軸距5300mm 大貨車底盤,26000.0,0.0,斯堪尼亞 P320B6X2NA 9291c.c. A12 2D 軸距5300mm,大貨車底盤,,0.0,0.0,斯堪尼亞 P320B6X2NA 9291c.c. A12 2D 軸距5300mm 大貨車底盤
瑞典商斯堪尼亞汽車工業股份有限公司台灣分公司,C0D634002H-1,國產,ISA09.2FD26-C0,DC09 126,斯堪尼亞 P320B6X2NA  9291c.c. A8 2D  大貨車底盤,26000.0,0.0,斯堪尼亞 P320B6X2NA 9291c.c. A8 2D,大貨車底盤,,0.0,0.0,斯堪尼亞 P320B6X2NA 9291c.c. A8 2D 大貨車底盤
瑞典商斯堪尼亞汽車工業股份有限公司台灣分公司,C1D634005H-1,國產,ISA09.2FD26-C1,DC09 126,斯堪尼亞 P320B6X2NA  9291c.c. A12 2D 軸距5300mm 大貨車底盤,26000.0,0.0,斯堪尼亞 P320B6X2NA 9291c.c. A12 2D 軸距5300mm,大貨車底盤,,0.0,0.0,斯堪尼亞 P320B6X2NA 9291c.c. A12 2D 軸距5300mm 大貨車底盤
瑞典商斯堪尼亞汽車工業股份有限公司台灣分公司,C1D634005H-1,國產,ISA09.2FD26-C1,DC09 126,斯堪尼亞 P320B6X2NA  9291c.c. A8 2D  大貨車底盤,26000.0,0.0,斯堪尼亞 P320B6X2NA 9291c.c. A8 2D,大貨車底盤,,0.0,0.0,斯堪尼亞 P320B6X2NA 9291c.c. A8 2D 大貨車底盤
瑞典商斯堪尼亞汽車工業股份有限公司台灣分公司,C2D634001H-1,國產,ISA09.2FD26-C2,DC09 126,斯堪尼亞 P320B6X2NA  9291c.c. A12 2D 軸距5300mm 大貨車底盤,26000.0,0.0,斯堪尼亞 P320B6X2NA 9291c.c. A12 2D 軸距5300mm,大貨車底盤,,0.0,0.0,斯堪尼亞 P320B6X2NA 9291c.c. A12 2D 軸距5300mm 大貨車底盤
瑞典商斯堪尼亞汽車工業股份有限公司台灣分公司,C2D634001H-1,國產,ISA09.2FD26-C2,DC09 126,斯堪尼亞 P320B6X2NA  9291c.c. A8 2D  大貨車底盤,26000.0,0.0,斯堪尼亞 P320B6X2NA 9291c.c. A8 2D,大貨車底盤,,0.0,0.0,斯堪尼亞 P320B6X2NA 9291c.c. A8 2D 大貨車底盤
瑞典商斯堪尼亞汽車工業股份有限公司台灣分公司,C3D634001H-1,國產,ISA09.2FD26-C3,DC09 126,斯堪尼亞 P320B6X2NA  9291c.c. A12 2D 軸距5300mm 大貨車底盤,26000.0,0.0,斯堪尼亞 P320B6X2NA 9291c.c. A12 2D 軸距5300mm,大貨車底盤,,0.0,0.0,斯堪尼亞 P320B6X2NA 9291c.c. A12 2D 軸距5300mm 大貨車底盤
瑞典商斯堪尼亞汽車工業股份有限公司台灣分公司,C3D634001H-1,國產,ISA09.2FD26-C3,DC09 126,斯堪尼亞 P320B6X2NA  9291c.c. A8 2D  大貨車底盤,26000.0,0.0,斯堪尼亞 P320B6X2NA 9291c.c. A8 2D,大貨車底盤,,0.0,0.0,斯堪尼亞 P320B6X2NA 9291c.c. A8 2D 大貨車底盤
瑞典商斯堪尼亞汽車工業股份有限公司台灣分公司,C4D634002H-1,國產,ISA09.2FD26-C4,DC09 126,斯堪尼亞 P320B6X2*4NA  9291c.c. A8 2D 軸距6900mm 大貨車底盤,26000.0,0.0,斯堪尼亞 P320B6X2*4NA 9291c.c. A8 2D 軸距6900mm,大貨車底盤,,0.0,0.0,斯堪尼亞 P320B6X2*4NA 9291c.c. A8 2D 軸距6900mm 大貨車底盤
瑞典商斯堪尼亞汽車工業股份有限公司台灣分公司,C4D634002H-1,國產,ISA09.2FD26-C4,DC09 126,斯堪尼亞 P320B6X2NA  9291c.c. A8 2D  大貨車底盤,26000.0,4.0,斯堪尼亞 P320B6X2NA 9291c.c. A8 2D,大貨車底盤,,0.0,4.0,斯堪尼亞 P320B6X2NA 9291c.c. A8 2D 大貨車底盤
瑞典商斯堪尼亞汽車工業股份有限公司台灣分公司,C4D634002H-1,國產,ISA09.2FD26-C4,DC09 126,斯堪尼亞 P320B6X2NA  9291c.c. A12 2D 軸距5300mm 大貨車底盤,26000.0,6.0,斯堪尼亞 P320B6X2NA 9291c.c. A12 2D 軸距5300mm,大貨車底盤,,0.0,6.0,斯堪尼亞 P320B6X2NA 9291c.c. A12 2D 軸距5300mm 大貨車底盤
瑞典商斯堪尼亞汽車工業股份有限公司台灣分公司,C4D634002H-1,國產,ISA09.2FD26-C4,DC09 126,斯堪尼亞 P320B6X2NA  9291c.c. A14 2D 軸距5900mm 大貨車底盤,26500.0,0.0,斯堪尼亞 P320B6X2NA 9291c.c. A14 2D 軸距5900mm,大貨車底盤,,0.0,0.0,斯堪尼亞 P320B6X2NA 9291c.c. A14 2D 軸距5900mm 大貨車底盤
瑞典商斯堪尼亞汽車工業股份有限公司台灣分公司,C4D634002H-1,國產,ISA09.2FD26-C4,DC09 126,斯堪尼亞 P320B6X2*4NA  9291c.c. A14 2D  大貨車底盤,26000.0,0.0,斯堪尼亞 P320B6X2*4NA 9291c.c. A14 2D,大貨車底盤,,0.0,0.0,斯堪尼亞 P320B6X2*4NA 9291c.c. A14 2D 大貨車底盤
瑞典商斯堪尼亞汽車工業股份有限公司台灣分公司,B9D634002H-1,國產,ISA12.7FD49-B9,DC13 149,斯堪尼亞 P370B6X2NZ  12742c.c. A14 2D  兼供曳引大貨車底盤,29000.0,0.0,斯堪尼亞 P370B6X2NZ 12742c.c. A14 2D,兼供曳引大貨車底盤,,0.0,0.0,斯堪尼亞 P370B6X2NZ 12742c.c. A14 2D 兼供曳引大貨車底盤
瑞典商斯堪尼亞汽車工業股份有限公司台灣分公司,B9D634002H-1,國產,ISA12.7FD49-B9,DC13 149,斯堪尼亞 P370A4X2NA  12742c.c. A12 2D  曳引車,20500.0,0.0,斯堪尼亞 P370A4X2NA 12742c.c. A12 2D,曳引車,,0.0,0.0,斯堪尼亞 P370A4X2NA 12742c.c. A12 2D 曳引車
瑞典商斯堪尼亞汽車工業股份有限公司台灣分公司,B9D634002H-1,國產,ISA12.7FD49-B9,DC13 149,斯堪尼亞 P370A4X2NZ  12742c.c. A12 2D  曳引車,20500.0,0.0,斯堪尼亞 P370A4X2NZ 12742c.c. A12 2D,曳引車,,0.0,0.0,斯堪尼亞 P370A4X2NZ 12742c.c. A12 2D 曳引車
瑞典商斯堪尼亞汽車工業股份有限公司台灣分公司,C0D634001H-1,國產,ISA12.7FD49-C0,DC13 149,斯堪尼亞 P370B6X2NZ  12742c.c. A14 2D  兼供曳引大貨車底盤,29000.0,0.0,斯堪尼亞 P370B6X2NZ 12742c.c. A14 2D,兼供曳引大貨車底盤,,0.0,0.0,斯堪尼亞 P370B6X2NZ 12742c.c. A14 2D 兼供曳引大貨車底盤
瑞典商斯堪尼亞汽車工業股份有限公司台灣分公司,C0D634001H-1,國產,ISA12.7FD49-C0,DC13 149,斯堪尼亞 P370B6X2NZ  12742c.c. A14 2D EXSP 兼供曳引大貨車底盤,29000.0,0.0,斯堪尼亞 P370B6X2NZ 12742c.c. A14 2D EXSP,兼供曳引大貨車底盤,,0.0,0.0,斯堪尼亞 P370B6X2NZ 12742c.c. A14 2D EXSP 兼供曳引大貨車底盤
瑞典商斯堪尼亞汽車工業股份有限公司台灣分公司,C0D634001H-1,國產,ISA12.7FD49-C0,DC13 149,斯堪尼亞 P370A4X2NA  12742c.c. A12 2D  曳引車,20500.0,0.0,斯堪尼亞 P370A4X2NA 12742c.c. A12 2D,曳引車,,0.0,0.0,斯堪尼亞 P370A4X2NA 12742c.c. A12 2D 曳引車
瑞典商斯堪尼亞汽車工業股份有限公司台灣分公司,C0D634001H-1,國產,ISA12.7FD49-C0,DC13 149,斯堪尼亞 P370A4X2NZ  12742c.c. A12 2D  曳引車,20500.0,0.0,斯堪尼亞 P370A4X2NZ 12742c.c. A12 2D,曳引車,,0.0,0.0,斯堪尼亞 P370A4X2NZ 12742c.c. A12 2D 曳引車
瑞典商斯堪尼亞汽車工業股份有限公司台灣分公司,C1D634006H-1,國產,ISA12.7FD49-C1,DC13 149,斯堪尼亞 P370A4X2NA  12742c.c. A12 2D  曳引車,20500.0,0.0,斯堪尼亞 P370A4X2NA 12742c.c. A12 2D,曳引車,,0.0,0.0,斯堪尼亞 P370A4X2NA 12742c.c. A12 2D 曳引車
瑞典商斯堪尼亞汽車工業股份有限公司台灣分公司,C1D634006H-1,國產,ISA12.7FD49-C1,DC13 149,斯堪尼亞 P370A4X2NZ  12742c.c. A12 2D  曳引車,20500.0,0.0,斯堪尼亞 P370A4X2NZ 12742c.c. A12 2D,曳引車,,0.0,0.0,斯堪尼亞 P370A4X2NZ 12742c.c. A12 2D 曳引車
瑞典商斯堪尼亞汽車工業股份有限公司台灣分公司,C1D634006H-1,國產,ISA12.7FD49-C1,DC13 149,斯堪尼亞 P370B6X2NZ  12742c.c. A14 2D  兼供曳引大貨車底盤,29000.0,0.0,斯堪尼亞 P370B6X2NZ 12742c.c. A14 2D,兼供曳引大貨車底盤,,0.0,0.0,斯堪尼亞 P370B6X2NZ 12742c.c. A14 2D 兼供曳引大貨車底盤
瑞典商斯堪尼亞汽車工業股份有限公司台灣分公司,C1D634006H-1,國產,ISA12.7FD49-C1,DC13 149,斯堪尼亞 P370B6X2NZ  12742c.c. A14 2D EXSP 兼供曳引大貨車底盤,29000.0,0.0,斯堪尼亞 P370B6X2NZ 12742c.c. A14 2D EXSP,兼供曳引大貨車底盤,,0.0,0.0,斯堪尼亞 P370B6X2NZ 12742c.c. A14 2D EXSP 兼供曳引大貨車底盤
瑞典商斯堪尼亞汽車工業股份有限公司台灣分公司,B9D634006H-1,國產,ISA12.7FD55-B9,DC13 155,斯堪尼亞 G500A6X2NA  12742c.c. A14 2D  曳引車,26500.0,0.0,斯堪尼亞 G500A6X2NA 12742c.c. A14 2D,曳引車,,0.0,0.0,斯堪尼亞 G500A6X2NA 12742c.c. A14 2D 曳引車
瑞典商斯堪尼亞汽車工業股份有限公司台灣分公司,B9D634006H-1,國產,ISA12.7FD55-B9,DC13 148,斯堪尼亞 P450A6X2/4NA  12742c.c. A14 2D  曳引車,26500.0,0.0,斯堪尼亞 P450A6X2/4NA 12742c.c. A14 2D,曳引車,,0.0,0.0,斯堪尼亞 P450A6X2/4NA 12742c.c. A14 2D 曳引車
瑞典商斯堪尼亞汽車工業股份有限公司台灣分公司,B9D634006H-1,國產,ISA12.7FD55-B9,DC13 155,斯堪尼亞 G500B6X2NA  12742c.c. A14 2D  兼供曳引大貨車底盤,29000.0,0.0,斯堪尼亞 G500B6X2NA 12742c.c. A14 2D,兼供曳引大貨車底盤,,0.0,0.0,斯堪尼亞 G500B6X2NA 12742c.c. A14 2D 兼供曳引大貨車底盤
瑞典商斯堪尼亞汽車工業股份有限公司台灣分公司,B9D634006H-1,國產,ISA12.7FD55-B9,DC13 141,斯堪尼亞 P410A6X2NZ  12742c.c. A14 2D  曳引車,27500.0,0.0,斯堪尼亞 P410A6X2NZ 12742c.c. A14 2D,曳引車,,0.0,0.0,斯堪尼亞 P410A6X2NZ 12742c.c. A14 2D 曳引車
瑞典商斯堪尼亞汽車工業股份有限公司台灣分公司,B9D634006H-1,國產,ISA12.7FD55-B9,DC13 148,斯堪尼亞 P450A4X2NA  12742c.c. A14 2D  曳引車,20500.0,0.0,斯堪尼亞 P450A4X2NA 12742c.c. A14 2D,曳引車,,0.0,0.0,斯堪尼亞 P450A4X2NA 12742c.c. A14 2D 曳引車
瑞典商斯堪尼亞汽車工業股份有限公司台灣分公司,B9D634006H-1,國產,ISA12.7FD55-B9,DC13 148,斯堪尼亞 P450B6X2NA  12742c.c. A14 2D  兼供曳引大貨車底盤,29000.0,0.0,斯堪尼亞 P450B6X2NA 12742c.c. A14 2D,兼供曳引大貨車底盤,,0.0,0.0,斯堪尼亞 P450B6X2NA 12742c.c. A14 2D 兼供曳引大貨車底盤
瑞典商斯堪尼亞汽車工業股份有限公司台灣分公司,B9D634006H-1,國產,ISA12.7FD55-B9,DC13 155,斯堪尼亞 G500A4X2NA  12742c.c. A14 2D  曳引車,20500.0,0.0,斯堪尼亞 G500A4X2NA 12742c.c. A14 2D,曳引車,,0.0,0.0,斯堪尼亞 G500A4X2NA 12742c.c. A14 2D 曳引車
瑞典商斯堪尼亞汽車工業股份有限公司台灣分公司,C0D634007H-1,國產,ISA12.7FD55-C0,DC13 155,斯堪尼亞 G500A4X2NA  12742c.c. A14 2D  曳引車,20500.0,0.0,斯堪尼亞 G500A4X2NA 12742c.c. A14 2D,曳引車,,0.0,0.0,斯堪尼亞 G500A4X2NA 12742c.c. A14 2D 曳引車
瑞典商斯堪尼亞汽車工業股份有限公司台灣分公司,C0D634007H-1,國產,ISA12.7FD55-C0,DC13 148,斯堪尼亞 P450A4X2NA  12742c.c. A14 2D  曳引車,20500.0,0.0,斯堪尼亞 P450A4X2NA 12742c.c. A14 2D,曳引車,,0.0,0.0,斯堪尼亞 P450A4X2NA 12742c.c. A14 2D 曳引車
瑞典商斯堪尼亞汽車工業股份有限公司台灣分公司,C0D634007H-1,國產,ISA12.7FD55-C0,DC13 148,斯堪尼亞 P450B6X2NA  12742c.c. A14 2D  兼供曳引大貨車底盤,29000.0,0.0,斯堪尼亞 P450B6X2NA 12742c.c. A14 2D,兼供曳引大貨車底盤,,0.0,0.0,斯堪尼亞 P450B6X2NA 12742c.c. A14 2D 兼供曳引大貨車底盤
瑞典商斯堪尼亞汽車工業股份有限公司台灣分公司,C0D634007H-1,國產,ISA12.7FD55-C0,DC13 148,斯堪尼亞 P450B6X2NA  12742c.c. A14 2D EXSP 兼供曳引大貨車底盤,29000.0,0.0,斯堪尼亞 P450B6X2NA 12742c.c. A14 2D EXSP,兼供曳引大貨車底盤,,0.0,0.0,斯堪尼亞 P450B6X2NA 12742c.c. A14 2D EXSP 兼供曳引大貨車底盤
瑞典商斯堪尼亞汽車工業股份有限公司台灣分公司,C0D634007H-1,國產,ISA12.7FD55-C0,DC13 141,斯堪尼亞 P410A6X2NZ  12742c.c. A14 2D  曳引車,27500.0,0.0,斯堪尼亞 P410A6X2NZ 12742c.c. A14 2D,曳引車,,0.0,0.0,斯堪尼亞 P410A6X2NZ 12742c.c. A14 2D 曳引車
瑞典商斯堪尼亞汽車工業股份有限公司台灣分公司,C0D634007H-1,國產,ISA12.7FD55-C0,DC13 155,斯堪尼亞 G500B6X2NA  12742c.c. A14 2D  兼供曳引大貨車底盤,29000.0,0.0,斯堪尼亞 G500B6X2NA 12742c.c. A14 2D,兼供曳引大貨車底盤,,0.0,0.0,斯堪尼亞 G500B6X2NA 12742c.c. A14 2D 兼供曳引大貨車底盤
瑞典商斯堪尼亞汽車工業股份有限公司台灣分公司,C0D634007H-1,國產,ISA12.7FD55-C0,DC13 155,斯堪尼亞 G500A6X2NA  12742c.c. A14 2D  曳引車,26500.0,0.0,斯堪尼亞 G500A6X2NA 12742c.c. A14 2D,曳引車,,0.0,0.0,斯堪尼亞 G500A6X2NA 12742c.c. A14 2D 曳引車
瑞典商斯堪尼亞汽車工業股份有限公司台灣分公司,C0D634007H-1,國產,ISA12.7FD55-C0,DC13 148,斯堪尼亞 P450A6X2/4NA  12742c.c. A14 2D  曳引車,26500.0,0.0,斯堪尼亞 P450A6X2/4NA 12742c.c. A14 2D,曳引車,,0.0,0.0,斯堪尼亞 P450A6X2/4NA 12742c.c. A14 2D 曳引車
瑞典商斯堪尼亞汽車工業股份有限公司台灣分公司,C0D634007H-1,國產,ISA12.7FD55-C0,DC13 115,斯堪尼亞 K410IB4X2NB  12742c.c. A12  大客車底盤,17000.0,0.0,斯堪尼亞 K410IB4X2NB 12742c.c. A12,大客車底盤,,0.0,0.0,斯堪尼亞 K410IB4X2NB 12742c.c. A12 大客車底盤
瑞典商斯堪尼亞汽車工業股份有限公司台灣分公司,C1D634007H-1,國產,ISA12.7FD55-C1,DC13 148,斯堪尼亞 P450B6X2NA  12742c.c. A14 2D  兼供曳引大貨車底盤,29000.0,0.0,斯堪尼亞 P450B6X2NA 12742c.c. A14 2D,兼供曳引大貨車底盤,,0.0,0.0,斯堪尼亞 P450B6X2NA 12742c.c. A14 2D 兼供曳引大貨車底盤
瑞典商斯堪尼亞汽車工業股份有限公司台灣分公司,C1D634007H-1,國產,ISA12.7FD55-C1,DC13 115,斯堪尼亞 K410IB4X2NB  12742c.c. A12  大客車底盤,18500.0,0.0,斯堪尼亞 K410IB4X2NB 12742c.c. A12,大客車底盤,,0.0,0.0,斯堪尼亞 K410IB4X2NB 12742c.c. A12 大客車底盤
瑞典商斯堪尼亞汽車工業股份有限公司台灣分公司,C1D634007H-1,國產,ISA12.7FD55-C1,DC13 155,斯堪尼亞 G500A6X2NA  12742c.c. A14 2D  曳引車,26500.0,0.0,斯堪尼亞 G500A6X2NA 12742c.c. A14 2D,曳引車,,0.0,0.0,斯堪尼亞 G500A6X2NA 12742c.c. A14 2D 曳引車
瑞典商斯堪尼亞汽車工業股份有限公司台灣分公司,C1D634007H-1,國產,ISA12.7FD55-C1,DC13 148,斯堪尼亞 P450A6X2/4NA  12742c.c. A14 2D  曳引車,26500.0,0.0,斯堪尼亞 P450A6X2/4NA 12742c.c. A14 2D,曳引車,,0.0,0.0,斯堪尼亞 P450A6X2/4NA 12742c.c. A14 2D 曳引車
瑞典商斯堪尼亞汽車工業股份有限公司台灣分公司,C1D634007H-1,國產,ISA12.7FD55-C1,DC13 148,斯堪尼亞 P450A4X2NA  12742c.c. A14 2D  曳引車,20500.0,0.0,斯堪尼亞 P450A4X2NA 12742c.c. A14 2D,曳引車,,0.0,0.0,斯堪尼亞 P450A4X2NA 12742c.c. A14 2D 曳引車
瑞典商斯堪尼亞汽車工業股份有限公司台灣分公司,C1D634007H-1,國產,ISA12.7FD55-C1,DC13 115,斯堪尼亞 K410IB4X2NB  12742c.c. A12 (02) 大客車底盤,18500.0,0.0,斯堪尼亞 K410IB4X2NB 12742c.c. A12 (02),大客車底盤,,0.0,0.0,斯堪尼亞 K410IB4X2NB 12742c.c. A12 (02) 大客車底盤
瑞典商斯堪尼亞汽車工業股份有限公司台灣分公司,C1D634007H-1,國產,ISA12.7FD55-C1,DC13 115,斯堪尼亞 K410IB4X2NB  12742c.c. A12 (04) 大客車底盤,18500.0,0.0,斯堪尼亞 K410IB4X2NB 12742c.c. A12 (04),大客車底盤,,0.0,0.0,斯堪尼亞 K410IB4X2NB 12742c.c. A12 (04) 大客車底盤
瑞典商斯堪尼亞汽車工業股份有限公司台灣分公司,C1D634007H-1,國產,ISA12.7FD55-C1,DC13 155,斯堪尼亞 G500A4X2NA  12742c.c. A14 2D  曳引車,20500.0,0.0,斯堪尼亞 G500A4X2NA 12742c.c. A14 2D,曳引車,,0.0,0.0,斯堪尼亞 G500A4X2NA 12742c.c. A14 2D 曳引車
瑞典商斯堪尼亞汽車工業股份有限公司台灣分公司,C1D634007H-1,國產,ISA12.7FD55-C1,DC13 148,斯堪尼亞 P450B6X2NA  12742c.c. A14 2D EXSP 兼供曳引大貨車底盤,29000.0,0.0,斯堪尼亞 P450B6X2NA 12742c.c. A14 2D EXSP,兼供曳引大貨車底盤,,0.0,0.0,斯堪尼亞 P450B6X2NA 12742c.c. A14 2D EXSP 兼供曳引大貨車底盤
瑞典商斯堪尼亞汽車工業股份有限公司台灣分公司,C1D634007H-1,國產,ISA12.7FD55-C1,DC13 115,斯堪尼亞 K410IB4X2NB  12742c.c. A12 (03) 大客車底盤,18500.0,0.0,斯堪尼亞 K410IB4X2NB 12742c.c. A12 (03),大客車底盤,,0.0,0.0,斯堪尼亞 K410IB4X2NB 12742c.c. A12 (03) 大客車底盤
瑞典商斯堪尼亞汽車工業股份有限公司台灣分公司,C1D634007H-1,國產,ISA12.7FD55-C1,DC13 155,斯堪尼亞 G500B6X2NA  12742c.c. A14 2D  兼供曳引大貨車底盤,29000.0,0.0,斯堪尼亞 G500B6X2NA 12742c.c. A14 2D,兼供曳引大貨車底盤,,0.0,0.0,斯堪尼亞 G500B6X2NA 12742c.c. A14 2D 兼供曳引大貨車底盤
瑞典商斯堪尼亞汽車工業股份有限公司台灣分公司,C1D634007H-1,國產,ISA12.7FD55-C1,DC13 141,斯堪尼亞 P410A6X2NZ  12742c.c. A14 2D  曳引車,27500.0,0.0,斯堪尼亞 P410A6X2NZ 12742c.c. A14 2D,曳引車,,0.0,0.0,斯堪尼亞 P410A6X2NZ 12742c.c. A14 2D 曳引車
瑞典商斯堪尼亞汽車工業股份有限公司台灣分公司,C1D634007H-1,國產,ISA12.7FD55-C1,DC13 141,斯堪尼亞 P410B6X2*4NA  12742c.c. A14 2D  兼供曳引大貨車底盤,30000.0,0.0,斯堪尼亞 P410B6X2*4NA 12742c.c. A14 2D,兼供曳引大貨車底盤,,0.0,0.0,斯堪尼亞 P410B6X2*4NA 12742c.c. A14 2D 兼供曳引大貨車底盤
瑞典商斯堪尼亞汽車工業股份有限公司台灣分公司,C1D634007H-1,國產,ISA12.7FD55-C1,DC13 141,斯堪尼亞 P410A6X2NA  12742c.c. A14 2D  曳引車,26500.0,0.0,斯堪尼亞 P410A6X2NA 12742c.c. A14 2D,曳引車,,0.0,0.0,斯堪尼亞 P410A6X2NA 12742c.c. A14 2D 曳引車
瑞典商斯堪尼亞汽車工業股份有限公司台灣分公司,C1D634007H-1,國產,ISA12.7FD55-C1,DC13 115,斯堪尼亞 K410IB4X2NB  12742c.c. A12 (01) 大客車底盤,18500.0,0.0,斯堪尼亞 K410IB4X2NB 12742c.c. A12 (01),大客車底盤,,0.0,0.0,斯堪尼亞 K410IB4X2NB 12742c.c. A12 (01) 大客車底盤
瑞典商斯堪尼亞汽車工業股份有限公司台灣分公司,C1D634007H-1,國產,ISA12.7FD55-C1,DC13 147,斯堪尼亞 K450EB6X2*4LI  12742c.c. A12  大客車底盤,25000.0,0.0,斯堪尼亞 K450EB6X2*4LI 12742c.c. A12,大客車底盤,,0.0,0.0,斯堪尼亞 K450EB6X2*4LI 12742c.c. A12 大客車底盤
瑞典商斯堪尼亞汽車工業股份有限公司台灣分公司,C2D634002H-1,國產,ISA12.7FD55-C2,DC13 148,斯堪尼亞 P450A6X2/4NA  12742c.c. A14 2D  曳引車,26500.0,0.0,斯堪尼亞 P450A6X2/4NA 12742c.c. A14 2D,曳引車,,0.0,0.0,斯堪尼亞 P450A6X2/4NA 12742c.c. A14 2D 曳引車
瑞典商斯堪尼亞汽車工業股份有限公司台灣分公司,C2D634002H-1,國產,ISA12.7FD55-C2,DC13 155,斯堪尼亞 G500A6X2NA  12742c.c. A14 2D  曳引車,26500.0,0.0,斯堪尼亞 G500A6X2NA 12742c.c. A14 2D,曳引車,,0.0,0.0,斯堪尼亞 G500A6X2NA 12742c.c. A14 2D 曳引車
瑞典商斯堪尼亞汽車工業股份有限公司台灣分公司,C2D634002H-1,國產,ISA12.7FD55-C2,DC13 141,斯堪尼亞 P410A6X2NA  12742c.c. A14 2D  曳引車,26500.0,0.0,斯堪尼亞 P410A6X2NA 12742c.c. A14 2D,曳引車,,0.0,0.0,斯堪尼亞 P410A6X2NA 12742c.c. A14 2D 曳引車
瑞典商斯堪尼亞汽車工業股份有限公司台灣分公司,C2D634002H-1,國產,ISA12.7FD55-C2,DC13 148,斯堪尼亞 P450A4X2NA  12742c.c. A14 2D  曳引車,20500.0,0.0,斯堪尼亞 P450A4X2NA 12742c.c. A14 2D,曳引車,,0.0,0.0,斯堪尼亞 P450A4X2NA 12742c.c. A14 2D 曳引車
瑞典商斯堪尼亞汽車工業股份有限公司台灣分公司,C2D634002H-1,國產,ISA12.7FD55-C2,DC13 148,斯堪尼亞 P450B6X2NA  12742c.c. A14 2D EXSP 兼供曳引大貨車底盤,29000.0,0.0,斯堪尼亞 P450B6X2NA 12742c.c. A14 2D EXSP,兼供曳引大貨車底盤,,0.0,0.0,斯堪尼亞 P450B6X2NA 12742c.c. A14 2D EXSP 兼供曳引大貨車底盤
瑞典商斯堪尼亞汽車工業股份有限公司台灣分公司,C2D634002H-1,國產,ISA12.7FD55-C2,DC13 148,斯堪尼亞 P450B6X2NA  12742c.c. A14 2D  兼供曳引大貨車底盤,29000.0,0.0,斯堪尼亞 P450B6X2NA 12742c.c. A14 2D,兼供曳引大貨車底盤,,0.0,0.0,斯堪尼亞 P450B6X2NA 12742c.c. A14 2D 兼供曳引大貨車底盤
瑞典商斯堪尼亞汽車工業股份有限公司台灣分公司,C2D634002H-1,國產,ISA12.7FD55-C2,DC13 155,斯堪尼亞 G500A4X2NA  12742c.c. A14 2D  曳引車,20500.0,0.0,斯堪尼亞 G500A4X2NA 12742c.c. A14 2D,曳引車,,0.0,0.0,斯堪尼亞 G500A4X2NA 12742c.c. A14 2D 曳引車
瑞典商斯堪尼亞汽車工業股份有限公司台灣分公司,C2D634002H-1,國產,ISA12.7FD55-C2,DC13 115,斯堪尼亞 K410IB4X2NB  12742c.c. A12 (03) 大客車底盤,18500.0,1.0,斯堪尼亞 K410IB4X2NB 12742c.c. A12 (03),大客車底盤,,0.0,1.0,斯堪尼亞 K410IB4X2NB 12742c.c. A12 (03) 大客車底盤
瑞典商斯堪尼亞汽車工業股份有限公司台灣分公司,C2D634002H-1,國產,ISA12.7FD55-C2,DC13 147,斯堪尼亞 K450EB6X2*4LI  12742c.c. A12  大客車底盤,25000.0,1.0,斯堪尼亞 K450EB6X2*4LI 12742c.c. A12,大客車底盤,,0.0,1.0,斯堪尼亞 K450EB6X2*4LI 12742c.c. A12 大客車底盤
瑞典商斯堪尼亞汽車工業股份有限公司台灣分公司,C2D634002H-1,國產,ISA12.7FD55-C2,DC13 141,斯堪尼亞 P410A6X2NZ  12742c.c. A14 2D  曳引車,27500.0,0.0,斯堪尼亞 P410A6X2NZ 12742c.c. A14 2D,曳引車,,0.0,0.0,斯堪尼亞 P410A6X2NZ 12742c.c. A14 2D 曳引車
瑞典商斯堪尼亞汽車工業股份有限公司台灣分公司,C2D634002H-1,國產,ISA12.7FD55-C2,DC13 115,斯堪尼亞 K410IB4X2NB  12742c.c. A12  大客車底盤,18500.0,0.0,斯堪尼亞 K410IB4X2NB 12742c.c. A12,大客車底盤,,0.0,0.0,斯堪尼亞 K410IB4X2NB 12742c.c. A12 大客車底盤
瑞典商斯堪尼亞汽車工業股份有限公司台灣分公司,C2D634002H-1,國產,ISA12.7FD55-C2,DC13 141,斯堪尼亞 P410B6X2*4NA  12742c.c. A14 2D  兼供曳引大貨車底盤,30000.0,0.0,斯堪尼亞 P410B6X2*4NA 12742c.c. A14 2D,兼供曳引大貨車底盤,,0.0,0.0,斯堪尼亞 P410B6X2*4NA 12742c.c. A14 2D 兼供曳引大貨車底盤
瑞典商斯堪尼亞汽車工業股份有限公司台灣分公司,C2D634002H-2,國產,ISA12.7FD55-C2,DC13 147,斯堪尼亞 K450EB6X2*4LI  12742c.c. A12 (01) 大客車底盤,25000.0,7.0,斯堪尼亞 K450EB6X2*4LI 12742c.c. A12 (01),大客車底盤,,0.0,7.0,斯堪尼亞 K450EB6X2*4LI 12742c.c. A12 (01) 大客車底盤
瑞典商斯堪尼亞汽車工業股份有限公司台灣分公司,C2D634002H-1,國產,ISA12.7FD55-C2,DC13 155,斯堪尼亞 G500B6X2NA  12742c.c. A14 2D  兼供曳引大貨車底盤,29000.0,0.0,斯堪尼亞 G500B6X2NA 12742c.c. A14 2D,兼供曳引大貨車底盤,,0.0,0.0,斯堪尼亞 G500B6X2NA 12742c.c. A14 2D 兼供曳引大貨車底盤
瑞典商斯堪尼亞汽車工業股份有限公司台灣分公司,C3D634003H-1,國產,ISA12.7FD55-C3,DC13 155,斯堪尼亞 G500A6X2NA  12742c.c. A14 2D  曳引車,26500.0,0.0,斯堪尼亞 G500A6X2NA 12742c.c. A14 2D,曳引車,,0.0,0.0,斯堪尼亞 G500A6X2NA 12742c.c. A14 2D 曳引車
瑞典商斯堪尼亞汽車工業股份有限公司台灣分公司,C3D634003H-1,國產,ISA12.7FD55-C3,DC13 155,斯堪尼亞 G500A4X2NA  12742c.c. A14 2D  曳引車,20500.0,0.0,斯堪尼亞 G500A4X2NA 12742c.c. A14 2D,曳引車,,0.0,0.0,斯堪尼亞 G500A4X2NA 12742c.c. A14 2D 曳引車
瑞典商斯堪尼亞汽車工業股份有限公司台灣分公司,C3D634003H-1,國產,ISA12.7FD55-C3,DC13 141,斯堪尼亞 P410A6X2NA  12742c.c. A14 2D  曳引車,26500.0,0.0,斯堪尼亞 P410A6X2NA 12742c.c. A14 2D,曳引車,,0.0,0.0,斯堪尼亞 P410A6X2NA 12742c.c. A14 2D 曳引車
瑞典商斯堪尼亞汽車工業股份有限公司台灣分公司,C3D634003H-1,國產,ISA12.7FD55-C3,DC13 141,斯堪尼亞 P410B6X2*4NA  12742c.c. A14 2D  兼供曳引大貨車底盤,30000.0,0.0,斯堪尼亞 P410B6X2*4NA 12742c.c. A14 2D,兼供曳引大貨車底盤,,0.0,0.0,斯堪尼亞 P410B6X2*4NA 12742c.c. A14 2D 兼供曳引大貨車底盤
瑞典商斯堪尼亞汽車工業股份有限公司台灣分公司,C3D634003H-1,國產,ISA12.7FD55-C3,DC13 115,斯堪尼亞 K410IB4X2NB  12742c.c. A12 (03) 大客車底盤,18500.0,11.0,斯堪尼亞 K410IB4X2NB 12742c.c. A12 (03),大客車底盤,,0.0,11.0,斯堪尼亞 K410IB4X2NB 12742c.c. A12 (03) 大客車底盤
瑞典商斯堪尼亞汽車工業股份有限公司台灣分公司,C3D634003H-1,國產,ISA12.7FD55-C3,DC13 148,斯堪尼亞 P450A4X2NA  12742c.c. A14 2D  曳引車,20500.0,0.0,斯堪尼亞 P450A4X2NA 12742c.c. A14 2D,曳引車,,0.0,0.0,斯堪尼亞 P450A4X2NA 12742c.c. A14 2D 曳引車
瑞典商斯堪尼亞汽車工業股份有限公司台灣分公司,C3D634003H-1,國產,ISA12.7FD55-C3,DC13 155,斯堪尼亞 G500B6X2NA  12742c.c. A14 2D  兼供曳引大貨車底盤,29000.0,0.0,斯堪尼亞 G500B6X2NA 12742c.c. A14 2D,兼供曳引大貨車底盤,,0.0,0.0,斯堪尼亞 G500B6X2NA 12742c.c. A14 2D 兼供曳引大貨車底盤
瑞典商斯堪尼亞汽車工業股份有限公司台灣分公司,C3D634003H-1,國產,ISA12.7FD55-C3,DC13 148,斯堪尼亞 P450B6X2NA  12742c.c. A14 2D EXSP 兼供曳引大貨車底盤,29000.0,0.0,斯堪尼亞 P450B6X2NA 12742c.c. A14 2D EXSP,兼供曳引大貨車底盤,,0.0,0.0,斯堪尼亞 P450B6X2NA 12742c.c. A14 2D EXSP 兼供曳引大貨車底盤
瑞典商斯堪尼亞汽車工業股份有限公司台灣分公司,C3D634003H-1,國產,ISA12.7FD55-C3,DC13 115,斯堪尼亞 K410IB4X2NB  12742c.c. A12  大客車底盤,18500.0,29.0,斯堪尼亞 K410IB4X2NB 12742c.c. A12,大客車底盤,,0.0,29.0,斯堪尼亞 K410IB4X2NB 12742c.c. A12 大客車底盤
瑞典商斯堪尼亞汽車工業股份有限公司台灣分公司,C3D634003H-1,國產,ISA12.7FD55-C3,DC13 155,斯堪尼亞 G500A6X2/4NA  12742c.c. A14 2D  曳引車,26500.0,0.0,斯堪尼亞 G500A6X2/4NA 12742c.c. A14 2D,曳引車,,0.0,0.0,斯堪尼亞 G500A6X2/4NA 12742c.c. A14 2D 曳引車
瑞典商斯堪尼亞汽車工業股份有限公司台灣分公司,C3D634003H-1,國產,ISA12.7FD55-C3,DC13 141,斯堪尼亞 P410A6X2NZ  12742c.c. A14 2D  曳引車,27500.0,0.0,斯堪尼亞 P410A6X2NZ 12742c.c. A14 2D,曳引車,,0.0,0.0,斯堪尼亞 P410A6X2NZ 12742c.c. A14 2D 曳引車
瑞典商斯堪尼亞汽車工業股份有限公司台灣分公司,C3D634003H-1,國產,ISA12.7FD55-C3,DC13 148,斯堪尼亞 P450B6X2NA  12742c.c. A14 2D  兼供曳引大貨車底盤,29000.0,0.0,斯堪尼亞 P450B6X2NA 12742c.c. A14 2D,兼供曳引大貨車底盤,,0.0,0.0,斯堪尼亞 P450B6X2NA 12742c.c. A14 2D 兼供曳引大貨車底盤
瑞典商斯堪尼亞汽車工業股份有限公司台灣分公司,C3D634003H-1,國產,ISA12.7FD55-C3,DC13 147,斯堪尼亞 K450EB6X2*4LI  12742c.c. A12 (01) 大客車底盤,25000.0,0.0,斯堪尼亞 K450EB6X2*4LI 12742c.c. A12 (01),大客車底盤,,0.0,0.0,斯堪尼亞 K450EB6X2*4LI 12742c.c. A12 (01) 大客車底盤
瑞典商斯堪尼亞汽車工業股份有限公司台灣分公司,C3D634003H-1,國產,ISA12.7FD55-C3,DC13 148,斯堪尼亞 P450A6X2/4NA  12742c.c. A14 2D  曳引車,26500.0,0.0,斯堪尼亞 P450A6X2/4NA 12742c.c. A14 2D,曳引車,,0.0,0.0,斯堪尼亞 P450A6X2/4NA 12742c.c. A14 2D 曳引車
瑞典商斯堪尼亞汽車工業股份有限公司台灣分公司,C3D634003H-1,國產,ISA12.7FD55-C3,DC13 147,斯堪尼亞 K450EB6X2*4LI  12742c.c. A12  大客車底盤,25000.0,0.0,斯堪尼亞 K450EB6X2*4LI 12742c.c. A12,大客車底盤,,0.0,0.0,斯堪尼亞 K450EB6X2*4LI 12742c.c. A12 大客車底盤
瑞典商斯堪尼亞汽車工業股份有限公司台灣分公司,C4D634001H-1,國產,ISA12.7FD55-C4,DC13 141,斯堪尼亞 P410A6X2NZ  12742c.c. A14 2D  曳引車,27500.0,4.0,斯堪尼亞 P410A6X2NZ 12742c.c. A14 2D,曳引車,,0.0,4.0,斯堪尼亞 P410A6X2NZ 12742c.c. A14 2D 曳引車
瑞典商斯堪尼亞汽車工業股份有限公司台灣分公司,C4D634001H-1,國產,ISA12.7FD55-C4,DC13 155,斯堪尼亞 G500A6X2NA  12742c.c. A14 2D  曳引車,26500.0,30.0,斯堪尼亞 G500A6X2NA 12742c.c. A14 2D,曳引車,,0.0,30.0,斯堪尼亞 G500A6X2NA 12742c.c. A14 2D 曳引車
瑞典商斯堪尼亞汽車工業股份有限公司台灣分公司,C4D634001H-1,國產,ISA12.7FD55-C4,DC13 155,斯堪尼亞 G500B6X2NA  12742c.c. A14 2D  兼供曳引大貨車底盤,29000.0,7.0,斯堪尼亞 G500B6X2NA 12742c.c. A14 2D,兼供曳引大貨車底盤,,0.0,7.0,斯堪尼亞 G500B6X2NA 12742c.c. A14 2D 兼供曳引大貨車底盤
瑞典商斯堪尼亞汽車工業股份有限公司台灣分公司,C4D634001H-1,國產,ISA12.7FD55-C4,DC13 115,斯堪尼亞 K410IB4X2NB  12742c.c. A12 (03) 大客車底盤,18500.0,0.0,斯堪尼亞 K410IB4X2NB 12742c.c. A12 (03),大客車底盤,,0.0,0.0,斯堪尼亞 K410IB4X2NB 12742c.c. A12 (03) 大客車底盤
瑞典商斯堪尼亞汽車工業股份有限公司台灣分公司,C4D634001H-1,國產,ISA12.7FD55-C4,DC13 148,斯堪尼亞 P450B6X2NA  12742c.c. A14 2D  兼供曳引大貨車底盤,29000.0,7.0,斯堪尼亞 P450B6X2NA 12742c.c. A14 2D,兼供曳引大貨車底盤,,0.0,7.0,斯堪尼亞 P450B6X2NA 12742c.c. A14 2D 兼供曳引大貨車底盤
瑞典商斯堪尼亞汽車工業股份有限公司台灣分公司,C4D634001H-1,國產,ISA12.7FD55-C4,DC13 155,斯堪尼亞 G500A4X2NA  12742c.c. A14 2D  曳引車,20500.0,25.0,斯堪尼亞 G500A4X2NA 12742c.c. A14 2D,曳引車,,0.0,25.0,斯堪尼亞 G500A4X2NA 12742c.c. A14 2D 曳引車
瑞典商斯堪尼亞汽車工業股份有限公司台灣分公司,C4D634001H-1,國產,ISA12.7FD55-C4,DC13 141,斯堪尼亞 P410A6X2NA  12742c.c. A14 2D  曳引車,26500.0,14.0,斯堪尼亞 P410A6X2NA 12742c.c. A14 2D,曳引車,,0.0,14.0,斯堪尼亞 P410A6X2NA 12742c.c. A14 2D 曳引車
瑞典商斯堪尼亞汽車工業股份有限公司台灣分公司,C4D634001H-1,國產,ISA12.7FD55-C4,DC13 148,斯堪尼亞 P450A6X2/4NA  12742c.c. A14 2D  曳引車,26500.0,5.0,斯堪尼亞 P450A6X2/4NA 12742c.c. A14 2D,曳引車,,0.0,5.0,斯堪尼亞 P450A6X2/4NA 12742c.c. A14 2D 曳引車
瑞典商斯堪尼亞汽車工業股份有限公司台灣分公司,C4D634001H-1,國產,ISA12.7FD55-C4,DC13 147,斯堪尼亞 K450EB6X2*4LI  12742c.c. A12  大客車底盤,25000.0,0.0,斯堪尼亞 K450EB6X2*4LI 12742c.c. A12,大客車底盤,,0.0,0.0,斯堪尼亞 K450EB6X2*4LI 12742c.c. A12 大客車底盤
瑞典商斯堪尼亞汽車工業股份有限公司台灣分公司,C4D634001H-1,國產,ISA12.7FD55-C4,DC13 147,斯堪尼亞 K450EB6X2*4LI  12742c.c. A12 (01) 大客車底盤,25000.0,0.0,斯堪尼亞 K450EB6X2*4LI 12742c.c. A12 (01),大客車底盤,,0.0,0.0,斯堪尼亞 K450EB6X2*4LI 12742c.c. A12 (01) 大客車底盤
瑞典商斯堪尼亞汽車工業股份有限公司台灣分公司,C4D634001H-1,國產,ISA12.7FD55-C4,DC13 148,斯堪尼亞 P450A4X2NA  12742c.c. A14 2D  曳引車,20500.0,62.0,斯堪尼亞 P450A4X2NA 12742c.c. A14 2D,曳引車,,0.0,62.0,斯堪尼亞 P450A4X2NA 12742c.c. A14 2D 曳引車
瑞典商斯堪尼亞汽車工業股份有限公司台灣分公司,C4D634001H-1,國產,ISA12.7FD55-C4,DC13 141,斯堪尼亞 P410B6X2*4NA  12742c.c. A14 2D  兼供曳引大貨車底盤,30000.0,16.0,斯堪尼亞 P410B6X2*4NA 12742c.c. A14 2D,兼供曳引大貨車底盤,,0.0,16.0,斯堪尼亞 P410B6X2*4NA 12742c.c. A14 2D 兼供曳引大貨車底盤
瑞典商斯堪尼亞汽車工業股份有限公司台灣分公司,C4D634001H-1,國產,ISA12.7FD55-C4,DC13 148,斯堪尼亞 P450B6X2NA  12742c.c. A14 2D EXSP 兼供曳引大貨車底盤,29000.0,27.0,斯堪尼亞 P450B6X2NA 12742c.c. A14 2D EXSP,兼供曳引大貨車底盤,,0.0,27.0,斯堪尼亞 P450B6X2NA 12742c.c. A14 2D EXSP 兼供曳引大貨車底盤
瑞典商斯堪尼亞汽車工業股份有限公司台灣分公司,C4D634001H-1,國產,ISA12.7FD55-C4,DC13 155,斯堪尼亞 G500A6X2/4NA  12742c.c. A14 2D  曳引車,26500.0,10.0,斯堪尼亞 G500A6X2/4NA 12742c.c. A14 2D,曳引車,,0.0,10.0,斯堪尼亞 G500A6X2/4NA 12742c.c. A14 2D 曳引車
瑞典商斯堪尼亞汽車工業股份有限公司台灣分公司,C4D634001H-1,國產,ISA12.7FD55-C4,DC13 115,斯堪尼亞 K410IB4X2NB  12742c.c. A12  大客車底盤,18500.0,0.0,斯堪尼亞 K410IB4X2NB 12742c.c. A12,大客車底盤,,0.0,0.0,斯堪尼亞 K410IB4X2NB 12742c.c. A12 大客車底盤
瑞典商斯堪尼亞汽車工業股份有限公司台灣分公司,B9D634007H-1,國產,ISA16.3FD18-B9,DC16 118,斯堪尼亞 R650A6X2NA  16353c.c. A14 2D  曳引車,29000.0,0.0,斯堪尼亞 R650A6X2NA 16353c.c. A14 2D,曳引車,,0.0,0.0,斯堪尼亞 R650A6X2NA 16353c.c. A14 2D 曳引車
瑞典商斯堪尼亞汽車工業股份有限公司台灣分公司,C0D634008H-1,國產,ISA16.3FD18-C0,DC16 118,斯堪尼亞 R650A6X2NA  16353c.c. A14 2D  曳引車,29000.0,0.0,斯堪尼亞 R650A6X2NA 16353c.c. A14 2D,曳引車,,0.0,0.0,斯堪尼亞 R650A6X2NA 16353c.c. A14 2D 曳引車
瑞典商斯堪尼亞汽車工業股份有限公司台灣分公司,C1D634008H-1,國產,LSA12.7FD62,DC13 162,斯堪尼亞 P370A4X2NA  12742c.c. A12 2D  曳引車,20500.0,0.0,斯堪尼亞 P370A4X2NA 12742c.c. A12 2D,曳引車,,0.0,0.0,斯堪尼亞 P370A4X2NA 12742c.c. A12 2D 曳引車
瑞典商斯堪尼亞汽車工業股份有限公司台灣分公司,C1D634008H-1,國產,LSA12.7FD62,DC13 162,斯堪尼亞 P370B6X2NZ  12742c.c. A14 2D  兼供曳引大貨車底盤,29000.0,0.0,斯堪尼亞 P370B6X2NZ 12742c.c. A14 2D,兼供曳引大貨車底盤,,0.0,0.0,斯堪尼亞 P370B6X2NZ 12742c.c. A14 2D 兼供曳引大貨車底盤
瑞典商斯堪尼亞汽車工業股份有限公司台灣分公司,C1D634008H-1,國產,LSA12.7FD62,DC13 162,斯堪尼亞 P370A4X2NZ  12742c.c. A12 2D  曳引車,20500.0,0.0,斯堪尼亞 P370A4X2NZ 12742c.c. A12 2D,曳引車,,0.0,0.0,斯堪尼亞 P370A4X2NZ 12742c.c. A12 2D 曳引車
瑞典商斯堪尼亞汽車工業股份有限公司台灣分公司,C2D634003H-1,國產,LSA12.7FD62-C2,DC13 162,斯堪尼亞 P370A4X2NZ  12742c.c. A12 2D  曳引車,20500.0,0.0,斯堪尼亞 P370A4X2NZ 12742c.c. A12 2D,曳引車,,0.0,0.0,斯堪尼亞 P370A4X2NZ 12742c.c. A12 2D 曳引車
瑞典商斯堪尼亞汽車工業股份有限公司台灣分公司,C2D634003H-1,國產,LSA12.7FD62-C2,DC13 162,斯堪尼亞 P370B6X2NZ  12742c.c. A14 2D  兼供曳引大貨車底盤,29000.0,0.0,斯堪尼亞 P370B6X2NZ 12742c.c. A14 2D,兼供曳引大貨車底盤,,0.0,0.0,斯堪尼亞 P370B6X2NZ 12742c.c. A14 2D 兼供曳引大貨車底盤
瑞典商斯堪尼亞汽車工業股份有限公司台灣分公司,C2D634003H-1,國產,LSA12.7FD62-C2,DC13 162,斯堪尼亞 P370A4X2NA  12742c.c. A12 2D  曳引車,20500.0,0.0,斯堪尼亞 P370A4X2NA 12742c.c. A12 2D,曳引車,,0.0,0.0,斯堪尼亞 P370A4X2NA 12742c.c. A12 2D 曳引車
瑞典商斯堪尼亞汽車工業股份有限公司台灣分公司,C3D634002H-1,國產,LSA12.7FD62-C3,DC13 162,斯堪尼亞 P370A4X2NZ  12742c.c. A12 2D  曳引車,20500.0,0.0,斯堪尼亞 P370A4X2NZ 12742c.c. A12 2D,曳引車,,0.0,0.0,斯堪尼亞 P370A4X2NZ 12742c.c. A12 2D 曳引車
瑞典商斯堪尼亞汽車工業股份有限公司台灣分公司,C3D634002H-1,國產,LSA12.7FD62-C3,DC13 162,斯堪尼亞 P370B6X2NZ  12742c.c. A14 2D  兼供曳引大貨車底盤,29000.0,0.0,斯堪尼亞 P370B6X2NZ 12742c.c. A14 2D,兼供曳引大貨車底盤,,0.0,0.0,斯堪尼亞 P370B6X2NZ 12742c.c. A14 2D 兼供曳引大貨車底盤
瑞典商斯堪尼亞汽車工業股份有限公司台灣分公司,C3D634002H-1,國產,LSA12.7FD62-C3,DC13 162,斯堪尼亞 P370A4X2NA  12742c.c. A12 2D  曳引車,20500.0,0.0,斯堪尼亞 P370A4X2NA 12742c.c. A12 2D,曳引車,,0.0,0.0,斯堪尼亞 P370A4X2NA 12742c.c. A12 2D 曳引車
瑞典商斯堪尼亞汽車工業股份有限公司台灣分公司,C4D634003H-1,國產,LSA12.7FD62-C4,DC13 164,斯堪尼亞 K450CB6X2*4NI  12742c.c. A12  大客車底盤,25000.0,0.0,斯堪尼亞 K450CB6X2*4NI 12742c.c. A12,大客車底盤,,0.0,0.0,斯堪尼亞 K450CB6X2*4NI 12742c.c. A12 大客車底盤
瑞典商斯堪尼亞汽車工業股份有限公司台灣分公司,C4D634003H-1,國產,LSA12.7FD62-C4,DC13 163,斯堪尼亞 K410CB4X2NB  12742c.c. A12  大客車底盤,18500.0,0.0,斯堪尼亞 K410CB4X2NB 12742c.c. A12,大客車底盤,,0.0,0.0,斯堪尼亞 K410CB4X2NB 12742c.c. A12 大客車底盤
瑞典商斯堪尼亞汽車工業股份有限公司台灣分公司,C4D634003H-1,國產,LSA12.7FD62-C4,DC13 162,斯堪尼亞 P370A4X2NA  12742c.c. A12 2D  曳引車,20500.0,22.0,斯堪尼亞 P370A4X2NA 12742c.c. A12 2D,曳引車,,0.0,22.0,斯堪尼亞 P370A4X2NA 12742c.c. A12 2D 曳引車
瑞典商斯堪尼亞汽車工業股份有限公司台灣分公司,C4D634003H-3,國產,LSA12.7FD62-C4,DC13 163,斯堪尼亞 K410CB4X2NB  12742c.c. A12 (01) 大客車底盤,18500.0,6.0,斯堪尼亞 K410CB4X2NB 12742c.c. A12 (01),大客車底盤,,0.0,6.0,斯堪尼亞 K410CB4X2NB 12742c.c. A12 (01) 大客車底盤
瑞典商斯堪尼亞汽車工業股份有限公司台灣分公司,C4D634003H-1,國產,LSA12.7FD62-C4,DC13 162,斯堪尼亞 P370A4X2NZ  12742c.c. A12 2D  曳引車,20500.0,6.0,斯堪尼亞 P370A4X2NZ 12742c.c. A12 2D,曳引車,,0.0,6.0,斯堪尼亞 P370A4X2NZ 12742c.c. A12 2D 曳引車
瑞典商斯堪尼亞汽車工業股份有限公司台灣分公司,C4D634003H-1,國產,LSA12.7FD62-C4,DC13 162,斯堪尼亞 P370B6X2NZ  12742c.c. A14 2D  兼供曳引大貨車底盤,29000.0,33.0,斯堪尼亞 P370B6X2NZ 12742c.c. A14 2D,兼供曳引大貨車底盤,,0.0,33.0,斯堪尼亞 P370B6X2NZ 12742c.c. A14 2D 兼供曳引大貨車底盤
瑞典商斯堪尼亞汽車工業股份有限公司台灣分公司,C3D634004H-1,國產,MSA16.4FE22-C3,DC16 122,斯堪尼亞 R660A6X2NA  16353c.c. A14 2D  曳引車,30000.0,0.0,斯堪尼亞 R660A6X2NA 16353c.c. A14 2D,曳引車,,0.0,0.0,斯堪尼亞 R660A6X2NA 16353c.c. A14 2D 曳引車
瑞典商斯堪尼亞汽車工業股份有限公司台灣分公司,C4D634004H-1,國產,MSA16.4FE22-C4,DC16 122,斯堪尼亞 R660A6X4NZ  16353c.c. A14 2D  曳引車,35000.0,1.0,斯堪尼亞 R660A6X4NZ 16353c.c. A14 2D,曳引車,,0.0,1.0,斯堪尼亞 R660A6X4NZ 16353c.c. A14 2D 曳引車
瑞典商斯堪尼亞汽車工業股份有限公司台灣分公司,C4D634004H-1,國產,MSA16.4FE22-C4,DC16 122,斯堪尼亞 R660B6X2NB  16353c.c. A14 2D  兼供曳引大貨車底盤,30000.0,3.0,斯堪尼亞 R660B6X2NB 16353c.c. A14 2D,兼供曳引大貨車底盤,,0.0,3.0,斯堪尼亞 R660B6X2NB 16353c.c. A14 2D 兼供曳引大貨車底盤
瑞典商斯堪尼亞汽車工業股份有限公司台灣分公司,C4D634004H-1,國產,MSA16.4FE22-C4,DC16 122,斯堪尼亞 R660A6X2NA  16353c.c. A14 2D  曳引車,30000.0,1.0,斯堪尼亞 R660A6X2NA 16353c.c. A14 2D,曳引車,,0.0,1.0,斯堪尼亞 R660A6X2NA 16353c.c. A14 2D 曳引車
至遠企業股份有限公司,C5D611001H-1,國產,OMN12.4FZE1,D2676LFAI,至遠猛獅 TGS 28.470 6x2=2BLCC  12419c.c. A12 2D 軸距6850mm 兼供曳引大貨車底盤,28000.0,0.0,至遠猛獅 TGS 28.470 6x2=2BLCC 12419c.c. A12 2D 軸距6850mm,兼供曳引大貨車底盤,,0.0,0.0,至遠猛獅 TGS 28.470 6x2=2BLCC 12419c.c. A12 2D 軸距6850mm 兼供曳引大貨車底盤
至遠企業股份有限公司,C5D611001H-1,國產,OMN12.4FZE1,D2676LFAI,至遠猛獅 TGS 18.470 4x2BLSC  12419c.c. A12 2D  曳引車,19000.0,0.0,至遠猛獅 TGS 18.470 4x2BLSC 12419c.c. A12 2D,曳引車,,0.0,0.0,至遠猛獅 TGS 18.470 4x2BLSC 12419c.c. A12 2D 曳引車
至遠企業股份有限公司,C5D611001H-1,國產,OMN12.4FZE1,D2676LFAI,至遠猛獅 TGS 26.470 6x2/2BLSC  12419c.c. A12 2D  曳引車,26000.0,0.0,至遠猛獅 TGS 26.470 6x2/2BLSC 12419c.c. A12 2D,曳引車,,0.0,0.0,至遠猛獅 TGS 26.470 6x2/2BLSC 12419c.c. A12 2D 曳引車
至遠企業股份有限公司,C5D611001H-1,國產,OMN12.4FZE1,D2676LFAJ,至遠猛獅 TGS 18.430 4x2BLSC  12419c.c. A12 2D  曳引車,21000.0,0.0,至遠猛獅 TGS 18.430 4x2BLSC 12419c.c. A12 2D,曳引車,,0.0,0.0,至遠猛獅 TGS 18.430 4x2BLSC 12419c.c. A12 2D 曳引車
至遠企業股份有限公司,C5D611001H-1,國產,OMN12.4FZE1,D2676LFAI,至遠猛獅 TGS 18.470 4x2BLSHC  12419c.c. A12 2D  曳引車,19000.0,0.0,至遠猛獅 TGS 18.470 4x2BLSHC 12419c.c. A12 2D,曳引車,,0.0,0.0,至遠猛獅 TGS 18.470 4x2BLSHC 12419c.c. A12 2D 曳引車
臺塑汽車貨運股份有限公司,C4D632001H-1,國產,LDF12.9FAAX-C4,MX-13 355 H3,達富 FTG-CF480E6D  12902c.c. A12 2D TURBO 曳引車,25000.0,80.0,達富 FTG-CF480E6D 12902c.c. A12 2D TURBO,曳引車,,0.0,80.0,達富 FTG-CF480E6D 12902c.c. A12 2D TURBO 曳引車
航偉汽車股份有限公司,C2D691001H-1,進口,LDC10.8FZAA-C2,DDi11E465-60,DONGFENG DFH4180D80  10800c.c. M14 2D  曳引車,18000.0,0.0,DONGFENG DFH4180D80 10800c.c. M14 2D,曳引車,,0.0,0.0,DONGFENG DFH4180D80 10800c.c. M14 2D 曳引車
航偉汽車股份有限公司,C3D691002H-1,進口,LDC10.8FZAA-C3,DDi11E465-60,DONGFENG DFH4180D80  10800c.c. M14 2D  曳引車,18000.0,1.0,DONGFENG DFH4180D80 10800c.c. M14 2D,曳引車,,0.0,1.0,DONGFENG DFH4180D80 10800c.c. M14 2D 曳引車
航偉汽車股份有限公司,C4D691001R-1,進口,NCE13.5EZAB-C4,Z14EVIE480,DONGFENG DFH4180D81  13480c.c. A12 2D  曳引車,18000.0,43.0,DONGFENG DFH4180D81 13480c.c. A12 2D,曳引車,,0.0,43.0,DONGFENG DFH4180D81 13480c.c. A12 2D 曳引車
航偉汽車股份有限公司,C5D691001R-1,進口,NCE13.5EZAB-C4,Z14EVIE480,DONGFENG DFH4180D81  13480c.c. A12 2D  曳引車,18000.0,0.0,DONGFENG DFH4180D81 13480c.c. A12 2D,曳引車,,0.0,0.0,DONGFENG DFH4180D81 13480c.c. A12 2D 曳引車
順益車輛工業股份有限公司,C3D574002G-1,國產,LMB07.7FSLX-C3,OM 936 LA.6-8,賓士 MB1930AF  7698c.c. M6  大客車底盤,18500.0,0.0,賓士 MB1930AF 7698c.c. M6,大客車底盤,,0.0,0.0,賓士 MB1930AF 7698c.c. M6 大客車底盤
順益車輛工業股份有限公司,C2D574003G-1,國產,LMB10.7FSLW-C2,OM 470 LA.6-7,賓士 MB1943AF  10677c.c. A8  大客車底盤,18500.0,4.0,賓士 MB1943AF 10677c.c. A8,大客車底盤,,0.0,4.0,賓士 MB1943AF 10677c.c. A8 大客車底盤
順益車輛工業股份有限公司,C4D574001G-1,國產,LMB1068FZL3-C4,OM 470 LA.6-12,順益 FV70HSK26  10677c.c. A12 2D  大貨車底盤,26000.0,12.0,順益 FV70HSK26 10677c.c. A12 2D,大貨車底盤,,0.0,12.0,順益 FV70HSK26 10677c.c. A12 2D 大貨車底盤
順益車輛工業股份有限公司,C4D574001G-1,國產,LMB1068FZL3-C4,OM 470 LA.6-12,順益 FU70HPK26  10677c.c. A12 2D  大貨車底盤,26000.0,2.0,順益 FU70HPK26 10677c.c. A12 2D,大貨車底盤,,0.0,2.0,順益 FU70HPK26 10677c.c. A12 2D 大貨車底盤
順益車輛工業股份有限公司,C4D574001G-1,國產,LMB1068FZL3-C4,OM 470 LA.6-12,順益 FV70HJD25  10677c.c. A12 2D  大貨車底盤,21500.0,2.0,順益 FV70HJD25 10677c.c. A12 2D,大貨車底盤,,0.0,2.0,順益 FV70HJD25 10677c.c. A12 2D 大貨車底盤
順益車輛工業股份有限公司,C4D574001G-1,國產,LMB1068FZL3-C4,OM 470 LA.6-17,順益 FP74HDR45  10677c.c. A12 2D  曳引車,16800.0,53.0,順益 FP74HDR45 10677c.c. A12 2D,曳引車,,0.0,53.0,順益 FP74HDR45 10677c.c. A12 2D 曳引車
順益車輛工業股份有限公司,C4D574001G-1,國產,LMB1068FZL3-C4,OM 470 LA.6-17,順益 FV70HJR45  10677c.c. A12 2D  曳引車,23500.0,1.0,順益 FV70HJR45 10677c.c. A12 2D,曳引車,,0.0,1.0,順益 FV70HJR45 10677c.c. A12 2D 曳引車
順益車輛工業股份有限公司,C4D574001G-1,國產,LMB1068FZL3-C4,OM 470 LA.6-17,順益 FU70HSK46  10677c.c. A12 2D  大貨車底盤,26000.0,28.0,順益 FU70HSK46 10677c.c. A12 2D,大貨車底盤,,0.0,28.0,順益 FU70HSK46 10677c.c. A12 2D 大貨車底盤
順益車輛工業股份有限公司,C4D574001G-1,國產,LMB1068FZL3-C4,OM 470 LA.6-12,順益 FV70HPK25  10677c.c. A12 2D  大貨車底盤,24600.0,0.0,順益 FV70HPK25 10677c.c. A12 2D,大貨車底盤,,0.0,0.0,順益 FV70HPK25 10677c.c. A12 2D 大貨車底盤
順益車輛工業股份有限公司,C4D574001G-1,國產,LMB1068FZL3-C4,OM 470 LA.6-12,順益 FV70HPK26  10677c.c. A12 2D  大貨車底盤,26000.0,2.0,順益 FV70HPK26 10677c.c. A12 2D,大貨車底盤,,0.0,2.0,順益 FV70HPK26 10677c.c. A12 2D 大貨車底盤
順益車輛工業股份有限公司,C4D574001G-1,國產,LMB1068FZL3-C4,OM 470 LA.6-12,順益 FP70HDR25  10677c.c. A12 2D  曳引車,16800.0,18.0,順益 FP70HDR25 10677c.c. A12 2D,曳引車,,0.0,18.0,順益 FP70HDR25 10677c.c. A12 2D 曳引車
順益車輛工業股份有限公司,C4D574001G-1,國產,LMB1068FZL3-C4,OM 470 LA.6-17,順益 FP70HDR45  10677c.c. A12 2D  曳引車,16800.0,123.0,順益 FP70HDR45 10677c.c. A12 2D,曳引車,,0.0,123.0,順益 FP70HDR45 10677c.c. A12 2D 曳引車
順益車輛工業股份有限公司,C4D574001G-1,國產,LMB1068FZL3-C4,OM 470 LA.6-17,順益 FU70HSK47  10677c.c. A12 2D  兼供曳引大貨車底盤,26000.0,8.0,順益 FU70HSK47 10677c.c. A12 2D,兼供曳引大貨車底盤,,0.0,8.0,順益 FU70HSK47 10677c.c. A12 2D 兼供曳引大貨車底盤
順益車輛工業股份有限公司,C4D574001G-1,國產,LMB1068FZL3-C4,OM 470 LA.6-12,順益 FV70HSK25  10677c.c. A12 2D  大貨車底盤,24600.0,0.0,順益 FV70HSK25 10677c.c. A12 2D,大貨車底盤,,0.0,0.0,順益 FV70HSK25 10677c.c. A12 2D 大貨車底盤
順益車輛工業股份有限公司,C4D574001G-1,國產,LMB1068FZL3-C4,OM 470 LA.6-12,順益 FU70HPK25  10677c.c. A12 2D  大貨車底盤,24600.0,0.0,順益 FU70HPK25 10677c.c. A12 2D,大貨車底盤,,0.0,0.0,順益 FU70HPK25 10677c.c. A12 2D 大貨車底盤
順益車輛工業股份有限公司,C4D574001G-1,國產,LMB1068FZL3-C4,OM 470 LA.6-17,順益 FU70HSK45  10677c.c. A12 2D  大貨車底盤,24600.0,0.0,順益 FU70HSK45 10677c.c. A12 2D,大貨車底盤,,0.0,0.0,順益 FU70HSK45 10677c.c. A12 2D 大貨車底盤
順益車輛工業股份有限公司,C4D574001G-1,國產,LMB1068FZL3-C4,OM 470 LA.6-12,順益 FP74HDR25  10677c.c. A12 2D  曳引車,16800.0,37.0,順益 FP74HDR25 10677c.c. A12 2D,曳引車,,0.0,37.0,順益 FP74HDR25 10677c.c. A12 2D 曳引車
順益車輛工業股份有限公司,C4D574002G-1,國產,MMB10.6FZEX-C4,OM470LA.6GE-02,賓士 MB1943AG  10677c.c. A8  大客車底盤,18500.0,5.0,賓士 MB1943AG 10677c.c. A8,大客車底盤,,0.0,5.0,賓士 MB1943AG 10677c.c. A8 大客車底盤
香港商太古商用汽車有限公司台灣分公司,C4D589005R-1,國產,KVT10.8FZAY-C4,D11K460B EUVI TR25D,富豪 B11R  10837c.c. A12 軸距7000mm 大客車底盤,26500.0,4.0,富豪 B11R 10837c.c. A12 軸距7000mm,大客車底盤,,0.0,4.0,富豪 B11R 10837c.c. A12 軸距7000mm 大客車底盤
香港商太古商用汽車有限公司台灣分公司,C4D589003F-1,國產,MVT07.7FZU4-C4,D8K350 EUVI (bus) TR25E,富豪 B8R  7698c.c. A12  大客車底盤,18500.0,58.0,富豪 B8R 7698c.c. A12,大客車底盤,,0.0,58.0,富豪 B8R 7698c.c. A12 大客車底盤
香港商太古商用汽車有限公司台灣分公司,C3D589006R-1,國產,MVT12.8FZT6-C3,D13K500 EUVI TR25E2,富豪 FM 62R500  12777c.c. A12 2D  兼供曳引大貨車底盤,46000.0,1.0,富豪 FM 62R500 12777c.c. A12 2D,兼供曳引大貨車底盤,,0.0,1.0,富豪 FM 62R500 12777c.c. A12 2D 兼供曳引大貨車底盤
香港商太古商用汽車有限公司台灣分公司,C4D589002R-1,國產,MVT12.8FZT6-C4,D13K500 EUVI TR25E2,富豪 FM 62R500  12777c.c. A12 2D  兼供曳引大貨車底盤,46000.0,90.0,富豪 FM 62R500 12777c.c. A12 2D,兼供曳引大貨車底盤,,0.0,90.0,富豪 FM 62R500 12777c.c. A12 2D 兼供曳引大貨車底盤
香港商太古商用汽車有限公司台灣分公司,C4D589002R-1,國產,MVT12.8FZT6-C4,D13K500 EUVI TR25E2,富豪 FM 62T500PUSHER  12777c.c. A12 2D  曳引車,43000.0,48.0,富豪 FM 62T500PUSHER 12777c.c. A12 2D,曳引車,,0.0,48.0,富豪 FM 62T500PUSHER 12777c.c. A12 2D 曳引車
香港商太古商用汽車有限公司台灣分公司,C4D589002R-1,國產,MVT12.8FZT6-C4,D13K500 EUVI TR25E2,富豪 FM 42T500  12777c.c. A12 2D  曳引車,35000.0,56.0,富豪 FM 42T500 12777c.c. A12 2D,曳引車,,0.0,56.0,富豪 FM 42T500 12777c.c. A12 2D 曳引車
香港商太古商用汽車有限公司台灣分公司,C4D589002R-1,國產,MVT12.8FZT6-C4,D13K420 EUVI TR25E2,富豪 FM 42T420  12777c.c. A12 2D  曳引車,35000.0,55.0,富豪 FM 42T420 12777c.c. A12 2D,曳引車,,0.0,55.0,富豪 FM 42T420 12777c.c. A12 2D 曳引車
香港商太古商用汽車有限公司台灣分公司,C3D589010R-1,國產,NVT10.8FZA2,D11K460B EUVI TR25E,富豪 B11R  10837c.c. A12 軸距7000mm 大客車底盤,26500.0,8.0,富豪 B11R 10837c.c. A12 軸距7000mm,大客車底盤,,0.0,8.0,富豪 B11R 10837c.c. A12 軸距7000mm 大客車底盤
香港商太古商用汽車有限公司台灣分公司,C4D589006R-1,國產,NVT10.8FZA2-C4,D11K460B EUVI TR25E,富豪 B11R  10837c.c. A12 軸距7000mm 大客車底盤,26500.0,4.0,富豪 B11R 10837c.c. A12 軸距7000mm,大客車底盤,,0.0,4.0,富豪 B11R 10837c.c. A12 軸距7000mm 大客車底盤
