VehicleSpeed[km/h],EngineFuelRate[L/h]
0.154000005,1.600000024
0.126999995,1.600000024
0.08499999999999999,1.649999976
0.155999994,1.700000048
0.091999999,1.799999952
0.045,1.75
0.07200000299999999,3.150000095
1.082999966,8.25
3.055000088,17.89999962
5.446999809,17.35000038
6.673000118,0.0
7.007000229,24.79999924
10.22099998,33.84999847
12.24899986,3.25
11.51200034,6.849999905
12.47499969,36.0
16.1030009,34.95000076
18.43499973,20.85000038
19.37299945,0.899999976
18.12899997,6.199999809
18.3209994,0.0
17.41099956,0.0
15.71099975,0.0
13.94699981,3.900000095
10.99399974,0.0
9.722000380999999,7.849999905
10.2459996,9.699999809
10.50799968,12.0
11.63599994,14.35000038
12.460000299999999,13.69999981
13.73800018,13.19999981
14.02699973,13.19999981
13.78500011,13.44999981
14.86100032,12.94999981
14.73400047,2.22e-16
14.27999999,9.600000381
15.29900005,13.60000038
16.05800082,8.399999619
14.78599956,0.0
14.03699996,0.0
13.05900027,0.0
10.68699958,0.0
9.984999916,1.0
9.330999634,6.199999809
10.60699966,7.949999809
11.39100005,7.25
11.92500045,4.25
11.70300033,4.599999905
11.25700023,1.899999976
10.16199996,5.650000095
11.67299964,9.300000191
12.30200031,13.94999981
14.85600021,15.10000038
15.80200031,22.0
16.70699908,24.39999962
18.70500018,24.85000038
19.85599925,26.20000076
20.76300075,26.85000038
21.25600078,0.0
20.45599963,4.800000191
21.32399966,30.39999962
23.05999973,32.20000076
25.32699992,32.90000153
27.54299953,32.79999924
28.80600002,20.0
29.72699954,19.10000038
30.3909991,18.70000076
30.98300006,14.80000019
30.9440005,0.0
31.02199962,21.14999962
32.35700061,26.89999962
33.53600146,27.35000038
34.79199817,29.79999924
35.73000171,30.10000038
36.92000034,30.60000038
38.60600116,30.5
39.1540015,29.89999962
40.13199832,3.5
40.31600024,23.5
41.08299854,29.10000038
42.39399936,31.25
43.00200107,28.20000076
43.71900012,13.5
43.80900027,4.800000191
43.92000034,16.89999962
43.67600085,9.449999809
43.38400104,3.950000048
43.53899982,15.30000019
43.82100131,12.75
43.81300189,12.14999962
44.28999927,11.69999981
44.31199863,10.75
44.031000399999996,9.949999809
44.52300098,10.05000019
44.69500186,9.449999809
44.07499911,8.899999619
44.57300021,6.849999905
44.45300128,6.349999905
44.388998289999996,0.0
43.17399814,0.0
41.37299945,0.0
39.62499835,0.0
37.60800006,0.0
35.372,0.0
33.25800159,0.0
30.82399966,0.0
28.2280009,0.0
25.71800067,18.04999924
23.23900058,0.0
20.88100078,0.0
17.66900089,0.0
15.460000299999999,14.10000038
13.01200034,0.0
9.590000412,0.0
7.102000019,0.0
4.615999958,1.799999952
1.8019999480000002,1.049999952
1.5160000530000002,1.350000024
0.159,1.549999952
0.095999999,1.5
0.130000001,1.5
0.091999999,1.450000048
0.117999999,1.450000048
0.076999998,1.450000048
0.074,1.450000048
0.120000003,1.450000048
0.078,1.450000048
0.150999999,6.75
2.037999889,13.0
5.812999985,21.70000076
8.969000122,24.14999962
11.77800014,23.75
13.61600043,11.85000038
13.53800037,0.0
13.69800021,21.35000038
16.2110007,43.79999924
19.70699908,58.84999847
24.01000049,46.25
26.16099956,4.400000095
25.84000041,8.050000191
26.17799976,34.20000076
28.71500041,53.0
31.32399966,50.90000153
33.406000399999996,44.59999847
36.13699939,44.20000076
37.98300006,28.89999962
38.71900012,6.5
38.62100055,5.599999905
38.73700168,36.84999847
39.98000171,24.79999924
41.33099963,33.45000076
42.31699969,38.34999847
43.42199924,34.40000153
44.56199863,9.649999619
44.22699954,3.700000048
44.44100024,19.79999924
44.57100131,10.0
44.5500014,8.100000381
44.29699924,6.699999809
44.44899966,5.5
44.04199817,5.900000095
43.88500049,6.300000191
44.15099933,7.099999905
43.96900012,7.5
44.05700137,7.849999905
44.16300037,8.800000191
43.94000079,9.149999619
44.02400043,9.0
44.34200122,8.949999809
44.43699863,8.75
44.49999835,9.25
44.5290015,9.350000381
44.38400104,8.850000381
44.45200183,8.399999619
44.50900104,7.949999809
44.64100101,7.300000191
44.2489989,7.25
44.50499942,7.199999809
44.37299945,7.199999809
44.33500125,7.449999809
44.24000003,7.550000191
43.78199985,7.699999809
44.25699832,8.300000191
43.96700122,8.5
44.31099918,8.550000191
43.98599841,9.0
44.21700122,9.0
44.37899997,9.050000191
44.69700076,8.350000381
44.16699817,8.0
44.17799976,7.449999809
44.42399814,7.900000095
44.57700183,7.699999809
43.9950011,7.800000191
44.34499957,8.25
44.37600162,8.399999619
43.9250014,8.149999619
43.888998289999996,8.149999619
44.34800174,8.050000191
44.49199893,7.550000191
44.41699817,6.949999809
43.99600055,6.5
43.93499973,9.149999619
44.17099979,10.05000019
44.27400043,9.5
44.01999881,9.0
44.76700046,8.649999619
44.63099887,8.199999809
44.48200061,7.900000095
44.72600009,7.849999905
44.4610007,7.800000191
44.17299869,8.149999619
44.06600024,8.199999809
44.45699908,8.699999809
44.17099979,8.75
44.53899982,8.75
44.73200061,8.800000191
44.35700061,8.0
44.14000156,7.300000191
44.11300113,6.75
44.27499988,6.300000191
44.06500079,6.699999809
44.01500156,7.400000095
44.02300098,7.650000095
44.21600177,8.25
43.89200046,9.0
43.72600009,9.5
44.11200168,9.899999619
43.83899905,10.10000038
44.20699908,10.14999962
44.20200183,10.05000019
44.27699878,9.899999619
44.13599994,0.0
42.51600101,0.0
39.69600131,0.0
36.83700015,6.199999809
32.58700015,0.0
28.01000049,0.0
23.01499965,12.44999981
18.60000064,0.0
14.16799953,0.0
9.227999947,8.149999619
4.884000084,2.599999905
1.679000041,1.600000024
0.11399999899999999,1.75
0.091999999,1.700000048
0.198000005,1.700000048
0.112000002,1.75
0.139000005,1.75
0.097000001,1.799999952
0.061000003,1.799999952
0.053000002,1.75
0.133999995,1.75
0.047999998999999995,1.75
0.10100000199999999,1.75
0.191000006,1.75
0.138000003,1.799999952
0.111,1.850000024
0.094999997,1.799999952
0.281000009,1.850000024
0.108000001,1.850000024
0.140999994,1.799999952
0.097000001,1.799999952
0.076999998,1.799999952
0.090999997,1.799999952
0.130000001,1.799999952
0.033999999999999996,1.850000024
0.079000002,1.850000024
0.049000000999999994,1.850000024
0.033999999999999996,1.850000024
0.049999998999999996,1.799999952
0.089,1.799999952
0.10100000199999999,1.799999952
0.079000002,1.850000024
0.068999997,1.850000024
0.11500000099999999,1.850000024
0.054,1.850000024
0.214999995,1.850000024
0.120000003,1.850000024
0.21,1.799999952
0.133999995,1.799999952
0.138000003,1.850000024
0.140999994,1.850000024
0.138000003,1.850000024
0.049999998999999996,1.899999976
0.045999999,1.899999976
0.076999998,1.850000024
0.091999999,1.799999952
0.033999999999999996,1.799999952
0.094999997,1.799999952
0.094999997,1.850000024
0.047000001,1.850000024
0.11600000299999999,1.850000024
0.080999999,1.899999976
0.082000001,1.850000024
0.200999996,1.850000024
0.058999999,1.850000024
0.018000000000000002,1.799999952
0.125999993,1.850000024
0.094999997,5.550000191
2.444999954,15.75
5.981000206,23.35000038
9.93999984,26.04999924
12.15300014,25.0
13.06699969,25.14999962
13.43200042,3.400000095
13.12899997,4.900000095
13.56899955,26.20000076
15.51900031,31.75
17.30200031,32.5
19.622,33.90000153
20.90699985,33.29999924
23.16900089,35.29999924
25.17899921,23.5
25.81600024,0.0
25.23699977,10.19999981
26.44700076,36.95000076
28.29400089,38.25
29.68000056,39.25
32.39100101,39.34999847
34.13099887,38.59999847
36.09400012,30.54999924
37.09300067,25.79999924
37.85299899,18.29999924
38.03000095,0.0
38.07399966,7.75
37.78899982,28.29999924
39.07300021,29.54999924
40.06099918,32.34999847
40.98200061,37.34999847
42.67999866,38.90000153
43.99999835,32.75
44.5899985,9.0
43.67999866,0.0
41.5840018,0.0
39.9099982,0.0
37.51099994,0.0
34.52300098,0.0
31.39999988,0.0
28.56099918,0.0
25.73399951,0.0
23.13599994,3.849999905
20.50700023,0.0
16.52299907,0.0
13.71099975,2.650000095
10.63599994,0.0
7.450999996,0.0
3.420000097,3.549999952
2.7249999259999997,1.450000048
0.987999997,1.149999976
0.015999999,1.5
0.034999999,1.5
0.061999998,1.5
0.183000004,1.5
0.072999998,1.5
0.011,1.5
0.112000002,1.5
0.065000004,1.5
0.144,1.5
0.183000004,5.75
1.646999976,14.10000038
6.062000057,24.39999962
10.29299953,28.64999962
13.002000109999999,27.04999924
13.872,0.0
13.59700038,5.349999905
14.91700008,27.60000038
17.21900012,38.90000153
20.82699992,33.15000153
22.60700061,30.70000076
24.94299915,31.10000038
25.20400073,3.299999952
25.16300037,5.25
25.63800075,26.39999962
27.78400066,40.29999924
29.86199977,41.65000153
31.98900058,42.75
33.93800189,43.25
35.88500049,39.29999924
37.38599994,32.65000153
38.60899951,32.59999847
39.36500003,10.44999981
38.88500049,5.349999905
39.44600131,31.04999924
40.38300159,31.04999924
41.45400073,31.20000076
42.2849982,25.39999962
43.23700168,9.350000381
43.30299976,9.75
43.32900073,13.19999981
43.69299915,13.69999981
43.66699817,13.35000038
43.51799991,0.0
42.91699817,0.0
41.29500034,0.0
38.82300021,0.0
37.66900089,0.0
36.03899982,15.64999962
33.48100116,0.0
31.10199954,0.0
28.38399913,0.0
25.22200038,11.19999981
22.69299915,0.0
18.47399928,0.0
14.7129996,0.0
12.14400031,2.75
9.252000114,0.0
5.975000164,1.100000024
3.435999891,1.200000048
0.964000008,2.799999952
0.07200000299999999,1.950000048
0.071000001,1.75
0.076000004,1.75
0.079000002,1.700000048
0.067,1.75
0.178999996,1.75
0.065000004,1.75
0.09999999999999999,1.75
0.171999997,1.799999952
0.184000006,1.75
0.036000001,1.75
0.069999999,1.75
0.0,1.799999952
0.253000012,1.799999952
0.029000002,1.799999952
0.314000002,1.799999952
0.025999999,1.799999952
0.043999998,1.799999952
0.08499999999999999,1.799999952
0.052,1.850000024
0.052,1.850000024
0.106999999,1.850000024
0.056999998999999996,1.850000024
0.049999998999999996,1.850000024
0.027999999,1.850000024
0.056999998999999996,1.850000024
0.128999999,1.850000024
0.056999998999999996,1.850000024
0.182000002,4.849999905
1.217000029,11.75
5.524999878,20.60000038
9.356999657,28.85000038
12.22799995,28.35000038
13.48300006,9.0
13.9089997,0.0
14.01799991,19.14999962
16.44800021,32.75
18.91399982,34.0
22.05699947,34.04999924
24.63100078,33.09999847
25.30500056,3.400000095
25.25499942,5.599999905
26.09300067,32.29999924
26.83199908,38.54999924
29.76899936,39.79999924
32.11900165,40.75
33.6939986,41.5
35.64900043,41.40000153
37.09400012,41.15000153
38.90099933,32.65000153
39.15899875,4.5
38.94500186,6.800000191
39.24600055,29.89999962
40.49799945,24.60000038
41.72799899,34.59999847
42.44899966,37.04999924
44.00599887,29.0
44.513998289999996,6.800000191
44.27499988,3.849999905
44.35299899,21.35000038
44.18499973,10.39999962
44.52200153,7.75
44.36599948,5.099999905
43.99999835,3.849999905
44.35800006,3.650000095
44.01899936,5.5
44.36200168,6.050000191
44.10600116,7.099999905
43.79799869,7.900000095
43.7149985,8.699999809
43.77699878,9.149999619
43.84100177,9.600000381
44.23499896,9.699999809
43.9590018,9.75
44.15500095,9.850000381
44.38799884,9.550000191
44.55999973,8.699999809
44.24600055,8.25
44.36500003,8.0
44.50699832,7.550000191
44.44199969,6.900000095
44.21000125,6.699999809
43.79599979,6.900000095
42.98599841,7.050000191
44.38300159,7.599999905
43.73800113,8.199999809
43.888998289999996,9.649999619
44.16100146,10.0
43.68499973,8.600000381
43.93300082,9.899999619
44.49299838,9.449999809
44.69500186,8.600000381
44.08899905,7.800000191
44.73100116,6.300000191
44.39599826,5.0
43.79500034,5.0
43.19299915,5.699999809
44.15099933,6.650000095
44.2090018,7.199999809
44.05200031,8.149999619
43.89299991,8.399999619
44.20200183,9.199999809
43.96600177,9.649999619
43.69500186,9.399999619
43.82900073,10.05000019
44.30999973,10.64999962
44.14399936,10.35000038
44.2450011,10.0
44.24299838,9.5
44.35299899,8.899999619
44.25800159,8.5
44.57800128,7.949999809
44.44600131,7.449999809
44.24199893,7.349999905
44.35299899,7.5
43.91300037,8.0
44.2129996,8.100000381
44.26999881,8.050000191
44.42299869,8.75
44.30999973,8.949999809
44.08000018,9.25
44.30999973,9.449999809
44.45099857,8.350000381
44.70799854,7.5
44.44700076,6.150000095
44.43900134,5.650000095
44.41300037,6.199999809
43.82800128,6.849999905
44.16900089,7.300000191
44.21999957,7.75
44.21800067,8.050000191
44.1579993,8.399999619
44.11400058,8.25
44.45400073,8.699999809
44.36400058,8.699999809
44.09400012,8.399999619
44.138998289999996,8.350000381
44.61099841,8.149999619
44.23000171,8.449999809
44.24299838,8.699999809
44.61699893,7.449999809
43.79300143,6.25
44.5329993,6.349999905
44.22899844,6.699999809
44.41699817,7.25
44.28700092,6.849999905
44.43300082,7.5
44.26000049,7.599999905
44.1239989,8.350000381
44.26000049,8.649999619
44.08199908,8.850000381
43.98300006,9.199999809
44.04899814,8.899999619
44.18200137,8.899999619
44.20799854,8.899999619
44.32200076,8.649999619
44.16699817,8.350000381
44.4989989,7.849999905
44.64499881,6.800000191
44.6599982,5.949999809
44.10299899,6.349999905
44.37499835,6.900000095
44.22899844,7.25
44.44800021,7.550000191
43.95200183,8.149999619
43.84200122,9.050000191
44.17199924,9.300000191
44.65500095,9.149999619
44.17999866,9.649999619
44.29899814,9.199999809
44.45799854,9.149999619
44.57700183,8.899999619
44.70500018,8.75
44.12600162,9.300000191
44.57000186,9.050000191
44.47400119,9.149999619
44.28999927,9.050000191
44.4590018,8.850000381
44.72500064,8.100000381
43.74199893,7.949999809
44.42899921,7.900000095
44.37899997,8.0
44.13099887,8.300000191
44.23000171,4.550000191
43.99799945,2.549999952
43.47600009,2.650000095
43.39499881,3.950000048
42.94100024,7.900000095
43.61400058,10.89999962
43.29199817,12.60000038
43.4250014,12.30000019
44.44199969,12.19999981
43.83700015,11.5
43.85100009,10.19999981
44.3189986,9.100000381
44.77699878,8.100000381
44.92099979,7.449999809
43.97699954,6.300000191
44.30700137,6.050000191
44.14999988,6.800000191
44.17600085,7.099999905
44.18300082,7.349999905
44.33099963,8.300000191
44.29099872,8.199999809
43.92899921,8.399999619
44.45699908,8.25
44.11799838,7.949999809
44.05399921,8.399999619
44.67099979,8.300000191
44.37999942,8.300000191
44.45599963,8.850000381
44.45200183,8.550000191
44.50800159,7.949999809
44.23700168,7.099999905
44.66499927,7.099999905
43.52699878,0.0
42.20500018,0.0
40.78999927,0.0
38.35500171,0.0
36.19999911,12.39999962
33.5879996,0.0
31.36299922,0.0
28.26000049,0.0
24.47299983,8.850000381
21.31699969,0.0
17.98600032,0.0
14.59200027,15.44999981
11.79700019,0.0
8.462000153,0.0
4.96699979,1.049999952
2.316000006,1.299999952
0.150999999,1.799999952
0.155999994,1.450000048
0.082000001,1.5
0.036000001,1.5
0.111,1.5
0.043999998,1.5
0.244999996,1.450000048
0.117999999,1.450000048
0.117999999,1.450000048
0.040000001,1.450000048
0.123000002,1.450000048
0.033999999999999996,1.450000048
0.069999999,1.450000048
0.10100000199999999,1.450000048
0.02,1.450000048
0.064000002,1.450000048
0.024000001,1.450000048
0.109000003,1.450000048
0.112000002,1.450000048
0.079000002,1.450000048
0.014999999,1.5
0.09899999799999999,1.450000048
0.241000003,1.5
0.169999993,1.450000048
0.054999997999999994,1.5
0.036000001,1.450000048
0.056999998999999996,1.5
0.295000008,1.5
0.166,1.450000048
0.10100000199999999,1.5
0.106999999,1.5
0.133999995,1.450000048
0.054,1.5
0.043,1.5
0.169999993,1.450000048
0.030000000000000002,1.5
0.011,1.450000048
0.053000002,1.450000048
0.049999998999999996,4.949999809
1.515000007,6.849999905
3.477000019,9.149999619
6.5470001909999995,21.54999924
9.670000336,24.10000038
11.78599956,24.54999924
13.35600021,13.94999981
13.03300025,0.0
13.03699996,18.45000076
15.51900031,37.95000076
18.28500011,40.59999847
21.07699992,41.75
23.34300067,41.79999924
24.74600055,41.20000076
25.02499988,3.25
24.42600085,6.400000095
24.60100009,28.54999924
26.16600063,40.79999924
27.67000034,29.75
28.59600093,17.35000038
28.9440005,5.75
28.07300021,1.0
27.09199931,0.0
26.24799945,0.0
24.24399974,0.0
22.69100024,0.0
20.88200023,0.0
19.02400043,0.0
15.95800044,5.650000095
13.306000019999999,0.0
8.279999992,0.0
4.648000023,2.349999905
2.1210000719999997,1.450000048
0.074,0.649999976
0.176000005,1.600000024
0.011,1.5
0.052,1.5
0.188,1.549999952
0.080999999,1.75
0.097000001,1.799999952
0.123000002,1.75
0.069999999,1.75
0.511999986,2.400000095
1.2990000460000002,11.0
4.7829997749999995,13.14999962
8.663000366,23.10000038
10.51799991,12.89999962
10.52699973,0.0
10.47200038,9.75
12.58900001,31.60000038
15.622,24.10000038
16.94899966,9.25
16.57300021,4.449999809
16.8209994,1.200000048
15.98800018,5.449999809
14.568000099999999,15.60000038
15.43200042,20.35000038
18.55100085,31.14999962
21.01700046,36.54999924
24.34000041,34.04999924
26.0860007,7.5
26.59499957,6.150000095
28.07200076,37.25
29.72600009,55.95000076
33.57100131,64.69999695
36.0349982,63.09999847
38.17700031,63.09999847
40.47199847,48.95000076
41.94100024,43.45000076
42.85600116,30.25
42.98000171,0.0
42.13300159,18.04999924
42.44899966,48.40000153
43.6540015,60.65000153
45.91599872,50.20000076
47.26199939,51.90000153
48.19700076,57.5
49.37100055,58.20000076
49.53800037,59.54999924
50.17399814,59.65000153
50.28999927,59.45000076
50.51199939,59.90000153
50.71000125,60.04999924
50.90099933,59.90000153
51.49600055,65.25
51.91900089,65.90000153
53.57200076,66.0
54.63799884,66.19999695
56.4439986,65.34999847
58.0349982,28.95000076
57.75300052,0.0
57.34900119,25.20000076
58.19600131,48.0
59.02699878,52.0
60.25900104,55.5
61.96800067,57.25
63.43599918,55.84999847
64.25500323,45.59999847
64.55799701,13.94999981
64.22399738,1.149999976
63.91800143,18.10000038
63.76899936,26.29999924
64.3209975,27.89999962
64.33000018,27.0
64.16200092,25.25
64.64800098,26.45000076
64.43700244,25.39999962
65.11700275,25.29999924
65.01800372,25.39999962
65.25500323,24.25
65.0729964,23.70000076
64.84100177,22.79999924
65.36700275,22.04999924
65.29199817,20.45000076
65.59400012,17.64999962
65.25600269,16.04999924
65.09000232,15.5
65.32800128,16.14999962
65.16399982,15.64999962
65.26699664,15.5
65.25500323,15.25
65.35700061,15.0
65.2410033,14.25
65.13000323,13.69999981
65.42200305,12.80000019
65.13000323,12.80000019
65.14999988,12.35000038
65.36399677,13.30000019
65.34200122,10.55000019
65.41999652,8.449999809
65.38100269,6.349999905
65.70300128,5.150000095
65.5460036,4.300000191
65.38999774,3.900000095
65.07700183,3.799999952
64.39500262,6.300000191
64.10700061,9.399999619
64.35200336,12.30000019
64.23799731,16.04999924
64.3700011,18.60000038
64.09200122,21.64999962
64.09799792,22.89999962
64.05100085,23.75
64.32800128,23.85000038
64.70699908,24.04999924
64.98599841,24.10000038
65.00900104,22.70000076
64.96400287,22.04999924
65.31600024,20.29999924
65.51199939,17.64999962
65.77699878,13.75
65.73599841,9.899999619
65.22099902,8.550000191
65.16499927,8.649999619
65.30100085,9.899999619
65.03400256,9.949999809
64.96999957,11.69999981
64.61499622,12.94999981
64.65599658,16.04999924
64.8000014,17.60000038
64.11399677,21.04999924
64.1959975,23.89999962
64.26299884,25.64999962
63.94800021,25.85000038
64.31600024,26.04999924
64.55399921,25.64999962
64.59899738,25.75
64.79700305,26.14999962
64.3680022,25.45000076
64.46900012,27.5
64.3660033,29.20000076
64.45400073,31.20000076
64.3209975,34.65000153
64.01800372,38.29999924
63.65699985,40.04999924
63.93200137,42.79999924
63.95200183,42.65000153
64.20500018,44.25
64.60600116,44.04999924
64.34499957,43.34999847
64.63999774,43.65000153
64.63799884,43.65000153
64.6730025,43.65000153
64.74799945,43.09999847
65.01299884,43.34999847
64.48999622,44.15000153
64.68900134,44.54999924
64.58299854,45.09999847
64.85400226,45.40000153
65.02100208,45.5
64.92999866,44.45000076
64.87699725,43.40000153
64.64500262,42.75
64.81200244,41.20000076
64.67600085,41.04999924
64.88899829,39.90000153
65.35500171,38.90000153
65.22800281,35.09999847
65.34599902,32.25
65.01800372,29.04999924
64.77699878,26.70000076
65.07199695,25.60000038
64.68500354,25.79999924
65.14199664,25.14999962
65.17600085,24.20000076
65.59999683,22.64999962
65.42200305,19.10000038
65.66899707,15.85000038
65.77499988,12.64999962
65.58199908,8.300000191
65.89099719,5.400000095
66.09300067,4.800000191
65.83900287,3.700000048
64.93199756,2.549999952
65.17899921,1.549999952
64.93900134,3.75
64.95500018,3.75
64.72099902,4.449999809
64.82700183,5.050000191
65.1959975,5.849999905
65.20799854,6.0
65.16100146,5.75
64.64099719,6.949999809
65.58000018,4.800000191
65.41699817,5.300000191
64.93299701,6.099999905
65.38999774,5.300000191
65.32400348,6.349999905
65.3209975,5.75
65.67400195,7.0
65.33000018,7.0
65.05799701,7.449999809
65.28400256,7.449999809
65.33099963,6.050000191
65.40700366,5.599999905
65.37499835,4.849999905
65.34699847,4.199999809
65.27000262,4.800000191
65.70400073,3.0
65.27100208,2.900000095
65.30399921,3.299999952
65.04700305,3.5
64.90800311,4.900000095
64.37699725,7.0
64.68099811,10.55000019
64.52499988,11.10000038
64.77400043,12.19999981
64.82600238,13.5
64.95999744,12.94999981
64.91499927,13.30000019
64.92799976,13.10000038
65.20400073,12.60000038
64.97099902,11.60000038
65.30100085,10.35000038
65.45999744,10.25
65.55799701,8.699999809
65.13599994,8.600000381
65.19900348,8.050000191
65.04499652,8.350000381
65.10400226,9.899999619
64.97199847,9.25
64.70500018,12.25
64.67600085,12.5
64.77300098,13.25
64.58499744,16.5
64.71900012,16.95000076
64.83000018,17.14999962
64.95300128,17.20000076
64.9250014,17.0
65.24600055,16.95000076
65.04700305,17.14999962
65.11399677,16.75
64.9910033,16.14999962
65.29199817,15.14999962
65.39099719,13.60000038
65.22199847,11.80000019
64.91899707,11.0
65.14800098,11.60000038
64.50400378,13.19999981
64.78400256,15.35000038
64.07900073,17.75
63.98200061,19.95000076
64.27000262,21.25
64.36399677,22.60000038
64.36399677,23.79999924
64.73000171,23.0
64.89900043,24.20000076
64.76599719,22.89999962
64.91300037,24.0
64.92899921,22.54999924
64.80200031,22.39999962
64.92700031,22.14999962
65.02200153,21.85000038
65.30100085,21.25
65.29700305,20.20000076
64.97800281,18.25
65.03099658,17.20000076
64.76199939,15.60000038
64.94499805,16.45000076
64.98999622,17.45000076
64.67799976,18.14999962
64.65199878,18.89999962
64.7980025,19.54999924
64.72299792,20.75
64.92899921,20.85000038
64.71199634,21.70000076
64.77000262,21.75
64.80299976,21.85000038
65.02599933,20.85000038
65.06999805,20.75
64.84699847,21.39999962
65.13699939,21.85000038
65.54700305,19.85000038
65.32800128,17.04999924
64.81100299,17.35000038
65.03600146,19.39999962
65.04499652,19.0
64.73499896,18.89999962
65.10800006,19.89999962
65.1259978,17.64999962
65.21600177,16.25
65.52100208,14.10000038
65.46700122,11.44999981
65.20899799,8.550000191
65.50500323,8.5
64.93900134,8.399999619
65.02899768,9.25
64.85500171,11.0
64.6279967,11.89999962
64.57900073,13.85000038
64.54499652,16.14999962
64.66699817,16.75
64.60600116,18.14999962
64.6959975,18.39999962
64.52200153,18.64999962
64.56999805,19.75
64.96400287,19.64999962
65.10800006,20.0
65.09000232,19.35000038
65.30499866,19.10000038
65.32199695,18.39999962
65.34200122,17.5
65.33199908,16.0
65.48499896,14.19999981
65.6200011,12.39999962
65.17400195,11.89999962
65.00900104,12.39999962
65.16699817,12.89999962
64.98699786,14.35000038
64.73699786,16.35000038
64.70400073,18.54999924
64.64199664,19.54999924
64.84499957,19.85000038
64.79700305,19.79999924
64.92899921,20.75
64.83399799,21.04999924
65.10899951,21.0
65.23699786,19.95000076
65.1939986,19.85000038
65.21700122,19.60000038
65.23699786,18.70000076
65.49400165,17.79999924
65.39300372,17.20000076
65.35300281,17.54999924
65.31200244,18.04999924
65.23699786,17.60000038
65.13699939,17.79999924
65.19100024,18.64999962
65.07800128,19.04999924
65.03999927,19.85000038
65.26599719,19.95000076
65.3000014,20.29999924
64.92200305,20.10000038
65.33900287,20.35000038
65.21600177,19.79999924
65.11299731,18.95000076
65.15299823,18.60000038
65.37100055,17.89999962
65.36399677,17.25
65.35800006,16.54999924
65.40599658,15.80000019
65.247,15.39999962
65.59499957,13.60000038
65.4989989,11.60000038
65.51299884,11.0
65.2489989,10.10000038
65.17200305,11.94999981
65.02999713,11.85000038
65.07600238,13.25
65.04099872,13.5
65.19499805,13.60000038
65.13999774,14.14999962
65.00800159,14.0
64.90099933,14.60000038
65.16999652,15.25
64.8660033,15.10000038
65.13200214,15.35000038
65.23300006,13.94999981
65.58000018,12.89999962
65.23300006,13.14999962
65.52499988,12.14999962
65.09799792,13.05000019
65.01599719,13.30000019
65.08699634,14.19999981
64.96900012,14.85000038
65.02100208,15.64999962
64.86499622,17.0
64.8779967,17.54999924
64.97299792,18.25
64.84000232,19.54999924
64.48699786,21.04999924
64.6180022,22.39999962
64.66699817,22.85000038
64.65700366,23.14999962
65.00600269,24.0
64.73799731,24.39999962
65.20599963,24.29999924
65.15800311,23.45000076
64.98699786,22.95000076
65.2410033,22.10000038
64.74400165,20.79999924
65.42600085,19.75
65.43099811,16.75
65.372,15.60000038
65.26800372,13.35000038
65.06100299,12.80000019
64.91300037,14.30000019
64.90900256,14.85000038
64.56200244,16.60000038
64.8209975,18.14999962
64.83800342,18.14999962
64.80200031,19.45000076
65.17400195,20.35000038
64.52000262,20.54999924
65.06300189,21.10000038
65.35600116,20.0
65.08699634,19.95000076
65.27400043,18.75
65.77000262,15.10000038
65.77300098,12.14999962
65.50199725,9.25
65.46900012,7.349999905
65.03099658,7.550000191
65.23799731,8.449999809
64.7980025,10.44999981
65.09499957,11.44999981
64.87900378,12.25
64.76399829,13.19999981
65.21500232,13.44999981
64.43099811,14.75
64.78999927,14.94999981
64.53099658,16.25
65.38000323,16.0
64.94299915,15.64999962
64.75700214,15.5
65.35500171,14.0
65.40199878,12.19999981
65.48300006,10.85000038
65.2980025,9.350000381
64.85999896,10.60000038
64.99600055,10.89999962
65.04700305,11.89999962
64.58699634,14.19999981
64.78999927,17.0
64.60300281,20.39999962
64.41899707,20.85000038
64.54900195,21.64999962
64.7430022,21.79999924
64.49799945,21.64999962
64.8759978,22.45000076
65.20799854,21.64999962
64.81300189,21.45000076
65.26199939,22.10000038
65.01900317,21.25
65.34400012,20.20000076
65.3759978,19.35000038
65.47599628,17.45000076
65.2960036,16.39999962
65.1200011,14.85000038
65.20599963,15.14999962
65.06300189,15.14999962
64.9459975,15.69999981
65.40499713,16.5
64.94299915,17.04999924
64.81799915,18.20000076
64.51499774,18.29999924
64.64999988,19.25
65.08900287,19.45000076
65.10999896,18.39999962
65.21900012,17.60000038
65.83399799,15.14999962
65.58000018,12.25
66.04499652,9.649999619
65.48000171,6.150000095
65.3739989,5.0
65.29700305,5.550000191
64.78600146,7.050000191
64.8229964,9.649999619
65.08399799,10.25
64.67400195,11.89999962
64.81000354,12.30000019
65.16399982,12.44999981
65.14800098,14.10000038
64.61900165,13.64999962
65.05100085,15.10000038
64.47399738,16.20000076
64.63799884,16.95000076
64.91899707,17.04999924
64.95400073,16.25
65.12900378,16.0
65.15800311,15.39999962
64.89900043,16.29999924
64.83099963,16.75
64.91499927,18.0
64.84300067,18.95000076
64.43600299,21.35000038
64.63799884,21.60000038
64.9459975,21.5
64.70599963,22.5
64.6939986,22.75
64.72800281,22.64999962
64.96300342,22.5
65.37499835,23.45000076
65.15599658,23.20000076
65.60400226,22.79999924
65.06699969,22.04999924
65.43299701,20.54999924
65.50800159,18.0
65.6200011,15.05000019
65.36199786,12.69999981
65.46800067,11.69999981
65.08499744,13.19999981
64.81500079,15.14999962
64.83399799,16.79999924
64.50600269,18.75
64.86099841,20.39999962
64.71199634,19.70000076
64.68399646,19.64999962
64.82400348,19.95000076
65.14300372,18.64999962
65.20899799,18.45000076
65.7960036,17.45000076
65.14900043,15.55000019
65.55699756,13.94999981
65.41100146,11.89999962
65.42400195,10.94999981
65.25600269,9.75
65.20100238,9.550000191
64.93399646,11.64999962
64.68700244,12.55000019
65.00700214,13.85000038
64.84599902,13.89999962
64.90800311,15.30000019
65.05699756,16.95000076
64.90700366,17.45000076
64.85999896,18.20000076
65.26099994,18.14999962
64.93399646,16.95000076
65.2980025,16.54999924
65.43199756,15.35000038
65.46700122,13.94999981
65.13100269,13.75
65.45300128,13.80000019
65.43399646,13.30000019
65.59999683,12.39999962
65.45799854,13.25
64.7960036,13.5
65.03200366,13.39999962
64.58599689,14.30000019
64.81400134,16.04999924
65.11099841,17.25
64.61399677,17.79999924
64.72299792,18.89999962
64.44299915,22.0
64.26900317,22.5
64.79099872,23.35000038
64.86099841,23.14999962
64.68700244,23.54999924
65.08299854,24.0
65.32700183,22.95000076
65.09200122,22.75
65.13599994,21.5
65.22800281,21.35000038
65.02599933,20.70000076
65.57199695,21.14999962
65.23200061,19.35000038
65.71900012,17.79999924
65.56999805,15.94999981
65.47499683,13.25
65.40900256,11.75
65.25199725,11.19999981
64.79399707,13.25
64.81400134,14.75
64.73899677,15.94999981
64.91999652,17.25
64.89500262,17.95000076
64.76099994,18.45000076
64.81799915,19.39999962
65.23599841,18.79999924
65.39500262,18.45000076
65.36900165,18.54999924
65.36900165,16.75
65.27200153,15.80000019
65.48499896,13.80000019
65.3660033,12.89999962
65.32199695,12.5
65.08699634,12.19999981
65.25700214,12.5
65.14999988,13.30000019
65.03800037,14.05000019
65.40599658,14.35000038
64.90900256,13.94999981
65.39300372,13.05000019
65.34100177,13.10000038
64.98599841,12.89999962
65.00900104,11.69999981
65.60200336,11.69999981
65.44900348,11.25
65.10099628,11.64999962
65.10700061,12.85000038
65.10200336,12.80000019
64.96800067,14.05000019
64.94699695,15.05000019
64.80799701,16.64999962
64.6750014,18.64999962
64.56699969,19.54999924
64.90199878,19.70000076
64.55399921,21.45000076
64.91200092,20.79999924
64.55499866,21.04999924
64.6979964,23.20000076
64.66599872,23.39999962
64.46600177,24.75
64.46800067,25.45000076
64.38300159,28.35000038
64.66599872,30.60000038
63.33700015,33.40000153
64.29099872,36.40000153
64.21700122,37.79999924
64.18099811,39.40000153
64.00900104,40.40000153
64.69000079,40.29999924
64.46199634,39.5
64.74799945,39.0
65.25900104,37.65000153
65.31200244,35.5
65.35400226,31.45000076
65.78200366,26.29999924
65.78200366,20.60000038
65.81100299,14.05000019
65.9230025,11.05000019
65.46500232,9.649999619
65.28500201,9.600000381
65.31600024,10.30000019
65.03200366,10.55000019
65.1939986,10.10000038
65.48899677,10.80000019
65.38799884,8.699999809
65.27899768,6.599999905
65.61199786,4.900000095
65.54299762,4.050000191
65.23399951,4.349999905
65.02300098,4.599999905
64.98499896,4.75
65.27999713,5.300000191
65.18299701,5.400000095
65.21700122,5.599999905
65.25700214,5.650000095
65.21999957,6.449999809
65.28500201,7.699999809
64.90599658,8.800000191
64.76900317,10.0
64.43800189,11.05000019
64.58099963,12.69999981
64.72599628,14.89999962
64.6160033,17.64999962
64.31300189,18.25
64.51499774,19.14999962
64.85800006,18.35000038
64.8229964,18.04999924
65.2410033,25.25
65.6939986,40.34999847
66.64400317,51.20000076
67.06699969,55.65000153
68.65800311,57.84999847
69.76399829,58.90000153
70.89199664,60.0
71.92700031,60.75
73.09499957,61.54999924
74.32199695,62.40000153
75.1160033,63.79999924
75.95100238,63.54999924
76.68600299,63.84999847
77.82500293,58.40000153
78.84999683,51.25
79.21099689,47.65000153
79.3759978,43.04999924
80.04700305,36.90000153
79.81300189,29.54999924
79.88599994,21.79999924
79.73200061,15.75
79.42400195,13.44999981
79.04700305,15.35000038
79.43900134,18.85000038
78.64500262,23.14999962
78.10600116,26.75
77.85800006,29.85000038
78.1239989,32.09999847
78.5729964,34.09999847
78.23100116,35.65000153
78.76599719,36.09999847
79.0709975,35.04999924
78.8660033,35.54999924
78.98799731,35.59999847
79.47599628,33.70000076
79.77000262,31.0
79.52100208,27.35000038
79.52499988,23.10000038
78.93399646,19.89999962
79.4479964,17.75
78.99400165,16.54999924
79.52999713,17.70000076
79.2980025,18.0
79.26199939,18.89999962
79.28999927,19.14999962
78.93900134,18.79999924
79.24999835,19.60000038
79.33399799,19.89999962
79.31100299,20.0
79.24400165,19.54999924
79.25700214,18.79999924
79.10099628,18.95000076
79.0689986,20.20000076
79.06500079,20.54999924
78.97199847,22.5
79.0729964,22.29999924
78.89500262,24.0
78.96900012,25.60000038
78.59899738,28.39999962
78.70100238,29.79999924
78.48499896,31.60000038
78.46800067,34.04999924
78.30100085,35.59999847
78.6160033,36.25
78.36700275,36.54999924
78.997,35.84999847
78.76099994,35.20000076
79.22199847,34.70000076
79.02699878,34.65000153
78.92400195,34.40000153
79.45500018,34.25
79.23799731,33.54999924
79.33399799,33.70000076
79.08900287,31.75
79.09000232,30.45000076
79.6959975,29.89999962
78.84400012,30.60000038
79.02300098,30.14999962
79.31100299,29.60000038
79.06300189,28.45000076
79.34799792,25.95000076
79.73699786,22.20000076
79.75199725,18.89999962
79.46900012,16.39999962
79.58399799,15.14999962
79.21999957,15.85000038
79.23000171,17.95000076
78.8739989,20.79999924
78.77899768,23.35000038
78.83099963,24.5
78.72700336,25.60000038
78.60899951,25.95000076
79.01499774,26.14999962
78.84699847,26.70000076
79.04199817,26.85000038
79.05599811,27.60000038
78.66899707,28.20000076
78.88300159,29.04999924
78.98100116,29.39999962
78.85300281,29.70000076
78.85200336,29.95000076
78.88999774,30.54999924
78.76900317,31.89999962
78.78099658,31.85000038
78.91000201,32.45000076
78.95799854,31.79999924
79.1259978,31.75
79.15800311,31.79999924
79.13599994,31.10000038
79.27699878,29.85000038
78.99799945,28.85000038
79.16000201,28.70000076
78.84400012,27.54999924
78.91899707,27.95000076
79.06300189,26.35000038
79.2960036,25.75
79.35300281,24.20000076
79.68099811,21.35000038
79.17899921,18.20000076
79.31400134,16.04999924
79.49799945,14.69999981
79.01499774,14.30000019
78.93500354,15.14999962
78.87100055,16.75
79.11099841,18.14999962
79.2489989,18.14999962
78.95899799,18.60000038
79.07199695,19.29999924
79.17899921,19.54999924
79.06200244,20.04999924
79.03600146,21.04999924
78.99600055,21.25
78.97199847,21.29999924
79.55599811,21.60000038
79.19100024,21.95000076
79.16599872,22.0
79.17700031,22.89999962
79.20699908,22.0
79.14600208,21.70000076
79.56200244,21.10000038
79.23799731,19.95000076
79.29199817,19.29999924
79.19299915,18.25
78.94000079,18.35000038
79.30599811,18.75
79.0460036,20.14999962
78.89199664,21.54999924
79.30399921,21.5
78.99600055,21.25
79.10700061,22.0
78.92899921,21.89999962
79.09100177,21.85000038
79.10700061,22.14999962
78.90499713,22.5
78.88400104,23.10000038
79.61099841,22.70000076
79.3000014,23.10000038
79.08800342,22.95000076
78.72599628,24.75
78.95500018,25.20000076
78.64800098,26.70000076
78.79099872,27.45000076
78.89600208,27.95000076
78.69000079,30.14999962
78.29199817,33.59999847
78.3189986,37.15000153
78.87499835,35.79999924
79.05899646,34.5
78.75700214,34.65000153
79.21700122,33.09999847
79.22599628,31.64999962
79.48300006,29.54999924
79.84899738,27.0
79.46900012,24.39999962
79.43900134,23.29999924
79.14300372,23.89999962
78.9950011,26.85000038
78.88300159,27.29999924
78.72900226,27.85000038
78.97299792,28.5
78.87699725,29.35000038
79.05599811,29.89999962
79.29299762,29.29999924
79.33099963,29.85000038
79.10800006,28.75
79.68399646,27.60000038
79.32900073,23.95000076
79.62900378,19.64999962
79.52200153,16.85000038
79.56699969,15.35000038
79.46999957,15.0
79.28800037,15.75
79.31000354,17.0
78.79099872,18.79999924
79.29399707,19.35000038
78.83599689,20.29999924
79.1180022,22.0
78.8739989,22.54999924
78.97099902,23.85000038
79.02899768,23.95000076
79.14999988,23.60000038
79.28700092,23.10000038
79.28300311,22.70000076
79.53700092,21.75
79.53500201,20.25
79.10300281,18.39999962
79.33900287,18.20000076
78.89199664,19.29999924
79.34599902,20.60000038
78.65499713,22.39999962
78.45200183,25.14999962
78.62499835,27.45000076
78.52100208,29.39999962
78.6730025,31.25
78.59699847,32.15000153
78.60999896,31.64999962
79.08199908,31.54999924
79.63799884,31.25
78.6239989,31.25
79.31500079,30.64999962
79.10400226,31.25
79.46400287,29.89999962
78.90299823,30.85000038
79.08000018,29.60000038
79.03899982,29.70000076
79.48499896,28.04999924
79.61900165,27.25
79.72800281,23.35000038
79.79199817,18.75
79.89099719,14.55000019
79.52599933,11.89999962
79.46199634,9.449999809
79.43700244,8.0
79.4479964,7.849999905
78.83299854,10.85000038
78.98799731,13.0
78.48999622,16.10000038
78.60899951,19.10000038
78.55200031,19.75
78.8739989,20.95000076
78.96400287,21.14999962
79.20699908,21.35000038
79.09000232,21.60000038
79.35600116,21.95000076
79.31100299,19.60000038
79.4459975,16.0
79.79700305,11.39999962
79.5500014,5.900000095
79.74400165,1.75
79.73499896,0.0
79.14099719,0.0
79.11399677,0.050000001
78.68199756,3.0
78.83299854,5.949999809
78.63300159,7.699999809
78.71999957,7.849999905
78.78899982,8.699999809
78.72800281,10.14999962
79.37900378,9.600000381
79.16000201,10.69999981
78.66399982,13.94999981
78.7529967,15.55000019
77.97199847,18.10000038
78.36099841,22.29999924
78.45699908,25.54999924
78.36199786,29.35000038
78.29499652,30.29999924
78.41599872,31.79999924
78.71500232,30.29999924
78.56799915,31.04999924
78.68500354,31.29999924
78.97700336,30.35000038
79.18199756,29.89999962
79.38699939,27.79999924
79.46700122,23.60000038
79.74400165,18.70000076
79.67400195,14.80000019
79.72099902,11.80000019
79.01099994,10.19999981
79.34599902,12.5
79.1979964,14.89999962
78.99400165,16.35000038
78.64300372,18.64999962
78.6160033,19.70000076
78.79399707,20.10000038
78.81999805,21.39999962
79.09400012,21.25
78.95699908,21.60000038
78.84999683,21.0
79.21400287,20.89999962
79.31600024,20.79999924
79.24999835,20.29999924
79.02000262,20.29999924
79.37699725,21.20000076
78.96600177,22.5
78.78099658,23.95000076
78.87699725,24.39999962
78.72599628,26.54999924
78.46999957,29.54999924
78.78600146,31.10000038
78.55299976,32.25
78.73699786,32.54999924
78.89900043,32.40000153
79.13300159,32.45000076
79.27899768,31.29999924
79.35099628,30.39999962
79.44199969,29.75
79.40299823,27.25
79.22199847,24.85000038
79.4459975,24.20000076
79.05899646,23.39999962
79.23999622,24.10000038
79.01299884,26.0
78.71199634,29.95000076
78.14500262,33.95000076
77.96900012,38.15000153
78.01699664,43.70000076
77.74600055,48.04999924
78.01699664,52.95000076
76.95500018,57.0
77.61900165,61.5
77.66399982,63.65000153
77.83599689,62.20000076
78.40199878,60.70000076
78.66200092,58.09999847
79.23200061,54.20000076
79.74400165,48.40000153
79.71700122,40.04999924
80.2489989,28.45000076
80.51699664,17.85000038
80.31699969,10.64999962
79.73000171,6.550000191
79.59799792,4.199999809
79.60099628,4.099999905
79.22199847,6.300000191
79.40399768,5.150000095
79.1730025,6.349999905
78.90399768,6.800000191
79.59000232,7.349999905
79.0460036,7.949999809
79.49600055,8.899999619
79.81799915,7.550000191
78.88300159,6.900000095
79.44000079,5.599999905
79.78200366,4.75
79.73300006,2.25
79.72399738,0.75
79.71400287,0.699999988
79.58800342,0.649999976
78.3000014,1.850000024
79.46900012,1.850000024
79.34499957,2.349999905
79.16799762,3.75
79.29299762,5.199999809
79.20799854,8.100000381
78.21600177,12.60000038
78.3189986,15.94999981
78.15499713,18.79999924
78.03600146,24.54999924
77.58000018,30.04999924
77.73499896,35.25
77.42200305,40.04999924
77.8680022,44.0
78.01000049,46.5
78.03899982,47.90000153
78.10899951,48.29999924
78.08000018,50.09999847
78.21600177,49.59999847
78.31500079,48.59999847
78.98699786,47.45000076
78.56300189,46.65000153
79.0689986,46.65000153
78.94100024,46.09999847
78.95899799,45.75
79.17400195,44.79999924
79.23699786,44.04999924
78.89199664,43.40000153
79.20500018,43.09999847
79.5009978,40.34999847
79.56799915,38.29999924
79.49600055,35.5
79.56799915,31.54999924
79.16000201,28.39999962
79.26900317,27.60000038
79.30100085,27.64999962
78.97599628,28.04999924
79.02599933,29.20000076
78.46900012,30.10000038
78.56999805,32.0
78.68199756,32.70000076
78.66499927,33.79999924
78.66499927,34.54999924
78.83299854,34.5
79.11700275,34.95000076
78.87699725,35.15000153
78.55399921,36.04999924
79.02799823,36.09999847
79.22800281,35.0
79.13699939,33.70000076
79.38400104,32.20000076
79.52799823,29.10000038
79.85700061,24.75
79.63100269,19.35000038
79.76299884,15.60000038
79.91399982,12.85000038
79.41300037,13.19999981
79.34000232,15.05000019
78.68800189,18.10000038
78.45400073,18.39999962
79.02599933,19.04999924
78.27799823,19.54999924
78.91300037,20.10000038
79.01599719,21.29999924
79.03600146,21.29999924
79.13000323,21.89999962
79.12699725,22.64999962
79.42899921,24.45000076
78.98000171,25.75
78.67600085,27.10000038
78.91399982,28.79999924
78.85200336,29.45000076
78.98699786,29.95000076
79.04900195,30.35000038
78.80799701,30.70000076
79.0729964,30.70000076
78.82700183,31.5
79.01800372,31.10000038
79.06200244,29.85000038
79.41699817,28.60000038
79.34100177,27.70000076
79.09799792,27.60000038
79.0460036,28.14999962
79.18500354,28.29999924
78.89300372,29.29999924
79.03500201,29.79999924
78.41499927,30.14999962
78.89900043,30.20000076
79.22199847,30.39999962
79.09100177,29.14999962
79.36299731,28.20000076
78.44199969,25.95000076
79.91499927,23.79999924
79.15800311,21.25
79.47900226,19.79999924
79.09100177,19.45000076
79.11499622,19.85000038
79.21900012,20.54999924
77.60899951,21.14999962
79.247,21.20000076
78.76099994,23.04999924
79.07500293,24.20000076
78.75700214,24.75
78.48100116,25.75
79.03899982,25.29999924
78.85999896,25.64999962
79.35300281,24.14999962
78.51000049,23.29999924
79.59799792,22.60000038
79.05299976,21.54999924
79.03200366,20.14999962
79.22900226,19.29999924
79.22299792,18.89999962
78.83699634,19.0
78.7529967,19.0
79.18399646,18.45000076
78.56000354,17.64999962
76.09100177,16.10000038
78.88599994,15.39999962
78.3000014,14.60000038
78.76699664,13.94999981
79.14999988,12.94999981
78.4230025,12.85000038
79.2450011,13.44999981
80.05599811,13.94999981
79.25600269,13.5
78.71700122,14.85000038
78.88599994,14.30000019
78.51000049,16.60000038
78.44100024,17.14999962
79.64400317,18.89999962
78.88599994,20.85000038
78.81500079,21.89999962
78.50400378,22.04999924
78.88400104,23.45000076
78.84999683,25.85000038
78.71800067,29.29999924
78.56600024,30.54999924
78.99200275,29.85000038
79.05299976,30.45000076
79.09400012,31.25
79.03500201,29.75
79.75800159,27.70000076
78.92999866,26.54999924
79.47800281,22.95000076
79.49400165,20.60000038
78.97700336,18.75
78.88000323,19.10000038
78.70999744,22.14999962
78.09000232,28.54999924
78.47900226,28.89999962
78.74999835,27.75
78.62100055,29.0
78.20899799,33.59999847
78.28300311,37.40000153
78.20999744,41.59999847
78.19299915,42.25
78.20899799,43.0
78.48300006,42.70000076
78.85300281,42.25
78.7509978,41.79999924
78.88799884,42.20000076
78.80599811,40.95000076
79.21500232,40.65000153
78.98699786,39.70000076
79.31000354,37.70000076
79.2430022,36.34999847
79.18399646,36.25
79.34699847,34.75
79.07700183,34.5
79.02599933,35.20000076
79.01000049,35.20000076
79.07199695,34.75
79.18199756,35.04999924
79.03700092,34.79999924
79.43800189,34.15000153
79.38799884,32.59999847
79.37100055,29.5
79.48599841,24.79999924
79.56300189,21.39999962
79.47499683,17.64999962
79.83800342,13.10000038
79.32800128,11.05000019
79.38899829,10.30000019
79.09499957,10.80000019
79.2489989,11.60000038
78.91999652,13.19999981
79.08699634,15.39999962
78.82400348,17.10000038
78.88799884,17.79999924
78.98599841,18.45000076
79.02699878,20.04999924
78.93399646,19.0
79.14300372,18.60000038
79.28899982,18.35000038
78.80499866,20.25
78.75700214,21.95000076
78.4910033,25.25
78.70699908,29.45000076
78.81799915,32.5
78.3700011,35.09999847
78.34899738,37.59999847
78.41599872,36.90000153
78.68700244,37.54999924
78.63000323,38.25
78.81600024,38.75
79.15900256,38.90000153
78.75700214,38.04999924
79.11700275,37.84999847
79.22599628,38.65000153
79.21600177,36.84999847
79.52999713,33.75
79.67899921,28.89999962
79.73899677,25.39999962
79.55899646,23.10000038
79.85700061,22.10000038
79.48699786,20.04999924
79.38899829,19.29999924
79.00199725,20.60000038
78.91399982,22.14999962
79.10400226,22.64999962
78.95300128,23.75
79.10700061,25.10000038
78.95799854,25.54999924
79.35600116,25.10000038
79.08599689,26.04999924
79.29499652,25.45000076
79.26900317,26.14999962
79.23300006,26.10000038
79.44299915,25.5
79.33299854,24.60000038
79.21099689,23.39999962
79.25400378,24.5
78.97399738,26.10000038
79.05599811,28.70000076
78.49200275,30.85000038
78.88500049,32.0
78.60800006,34.0
78.5729964,34.34999847
78.7489989,35.15000153
78.75700214,36.5
78.57700183,37.45000076
78.87100055,38.34999847
78.78800037,38.79999924
78.95999744,37.09999847
78.97099902,37.0
79.23300006,36.90000153
79.26599719,36.5
78.93900134,35.84999847
79.16000201,35.45000076
79.03999927,33.65000153
79.11700275,32.54999924
79.13000323,31.14999962
79.44499805,28.60000038
79.48200061,26.14999962
79.80200031,23.45000076
79.7410033,21.64999962
79.45100238,19.29999924
79.26399829,18.14999962
79.21700122,18.45000076
79.00700214,21.75
78.85200336,22.75
78.70999744,25.29999924
78.74600055,25.79999924
78.95400073,26.35000038
78.78899982,26.54999924
78.96099689,28.04999924
79.13999774,27.79999924
78.91200092,28.5
78.96500232,28.60000038
78.91899707,28.29999924
79.15499713,28.54999924
78.94499805,29.89999962
79.13400104,30.5
78.98300006,31.79999924
78.87100055,32.5
78.89800098,33.34999847
78.86900165,33.04999924
79.15599658,33.84999847
78.77999713,33.84999847
79.14400317,34.95000076
79.12100055,35.25
79.19699695,35.79999924
78.91599872,35.45000076
79.21400287,34.70000076
79.17200305,34.20000076
79.17600085,33.15000153
79.52899768,30.75
79.10099628,30.64999962
79.28200366,29.39999962
79.22700336,28.95000076
79.38100269,30.39999962
79.1939986,29.85000038
79.39300372,28.60000038
79.4930022,26.20000076
79.32500293,23.85000038
79.48000171,20.89999962
79.41100146,20.10000038
79.09300067,20.5
79.05100085,21.29999924
79.13000323,20.89999962
79.13100269,22.89999962
79.04499652,23.54999924
79.0480025,24.95000076
78.98000171,25.29999924
79.04299762,24.89999962
79.12900378,26.35000038
79.16899707,26.0
78.9930022,27.70000076
79.03200366,25.79999924
79.02599933,26.35000038
78.9910033,26.95000076
79.05899646,26.45000076
79.35300281,26.85000038
79.12900378,26.5
79.06600024,27.75
79.09599902,28.60000038
79.15199878,28.75
79.22299792,28.79999924
78.9439986,30.35000038
79.02699878,31.79999924
78.77899768,32.09999847
79.03800037,33.45000076
79.13699939,33.25
79.15199878,33.5
79.20300128,32.40000153
79.23399951,31.39999962
79.14900043,30.35000038
79.0729964,29.14999962
79.2529967,28.89999962
79.36299731,28.10000038
79.18700244,28.25
79.06400134,28.75
79.15900256,28.89999962
79.15399768,28.64999962
79.28999927,28.04999924
79.35200336,26.89999962
79.65299823,25.89999962
79.51199939,23.0
79.56400134,22.39999962
79.38599994,21.20000076
79.27200153,21.10000038
78.96800067,21.75
78.96700122,22.39999962
79.34699847,22.35000038
79.27000262,21.85000038
79.18600299,22.89999962
79.27599933,22.70000076
79.39099719,21.70000076
79.44499805,22.29999924
79.66399982,19.70000076
79.71700122,19.29999924
79.3680022,17.70000076
79.70899799,17.14999962
79.26299884,18.60000038
78.80799701,20.20000076
78.98899677,21.75
79.28500201,21.14999962
79.47900226,21.25
79.15399768,20.64999962
79.4910033,21.20000076
78.77699878,22.54999924
79.00500323,25.89999962
78.56400134,29.20000076
78.29700305,32.70000076
78.31000354,38.65000153
77.83000018,38.34999847
78.09100177,40.90000153
78.34300067,41.90000153
78.6259978,41.5
78.86199786,42.20000076
78.5689986,41.04999924
78.77000262,40.09999847
79.10600116,40.45000076
79.00400378,40.04999924
79.15700366,39.40000153
79.31400134,38.45000076
79.26000049,38.75
79.04199817,38.25
79.27100208,38.25
79.16200092,37.15000153
79.18399646,36.90000153
79.09300067,38.15000153
78.95000293,39.09999847
78.7410033,39.25
78.93500354,39.59999847
78.69100024,41.04999924
78.55100085,40.84999847
78.91300037,42.29999924
78.91200092,41.70000076
78.93099811,42.20000076
79.08599689,41.54999924
79.13999774,41.70000076
79.08800342,39.45000076
79.48999622,36.70000076
79.26499774,34.04999924
79.30399921,30.95000076
79.26000049,32.20000076
78.99200275,33.04999924
79.00199725,34.40000153
79.22599628,34.34999847
79.70300128,32.09999847
79.80599811,28.20000076
79.79499652,17.54999924
79.66399982,3.450000048
79.09499957,0.0
78.83099963,6.599999905
78.60899951,12.30000019
78.78600146,12.0
78.8680022,11.05000019
78.94299915,11.14999962
78.97800281,11.55000019
78.68099811,12.30000019
78.67600085,13.89999962
79.26299884,13.19999981
79.70400073,13.44999981
79.66200092,11.89999962
79.76399829,8.649999619
79.8000014,3.799999952
80.07500293,0.0
80.21300342,0.0
80.58599689,0.0
80.26199939,0.0
80.41699817,0.0
80.5729964,0.0
80.66599872,0.0
80.14900043,0.0
79.08399799,0.0
78.43700244,4.699999809
77.9910033,8.699999809
78.22599628,12.85000038
77.33099963,14.10000038
77.55799701,18.85000038
76.59599902,19.29999924
77.23599841,22.75
77.23399951,19.20000076
77.00700214,20.25
76.84200122,28.35000038
76.62499835,28.35000038
76.70899799,27.79999924
76.45100238,27.64999962
76.91200092,25.89999962
77.02000262,26.0
76.89400317,25.95000076
76.88300159,24.14999962
76.79299762,14.05000019
76.88300159,32.04999924
76.98499896,46.0
77.44499805,43.0
78.20200183,40.25
79.11900165,40.5
78.62499835,35.0
78.63799884,34.15000153
78.70300128,33.25
79.3189986,29.10000038
79.33099963,26.35000038
78.93099811,22.35000038
80.01599719,19.0
79.46199634,17.85000038
79.07500293,18.29999924
78.91200092,21.29999924
78.622,24.70000076
78.61199786,28.89999962
78.81600024,29.89999962
78.16699817,32.40000153
78.30499866,32.84999847
78.57600238,34.34999847
78.94000079,34.34999847
79.02499988,34.59999847
79.23899677,32.65000153
79.26599719,31.95000076
79.30899646,30.60000038
79.16499927,28.95000076
79.24999835,26.79999924
79.31000354,23.95000076
79.35500171,22.39999962
78.91200092,22.10000038
79.31600024,22.89999962
78.91499927,24.04999924
79.06200244,24.54999924
78.78999927,25.35000038
78.71999957,26.54999924
79.1239989,27.0
78.74999835,26.70000076
79.43600299,28.5
78.87699725,28.0
79.23499896,27.5
79.05100085,25.89999962
79.77599933,22.10000038
79.61700275,17.75
79.69100024,13.14999962
79.45200183,12.25
79.14500262,13.0
79.0029967,15.44999981
78.78400256,17.75
78.71199634,21.39999962
78.5460036,23.0
78.78800037,25.39999962
78.69100024,24.75
79.15499713,23.20000076
79.27699878,22.85000038
79.33299854,21.75
79.33699634,20.0
79.43399646,18.10000038
79.31699969,16.45000076
79.55399921,14.85000038
79.14800098,14.75
79.16100146,15.85000038
79.11299731,17.5
79.30499866,18.39999962
78.78500201,20.95000076
78.8700011,22.45000076
78.7509978,24.35000038
78.46600177,26.85000038
78.34000232,28.95000076
78.46199634,30.60000038
78.85600116,30.79999924
78.81600024,30.35000038
78.92400195,31.0
78.91300037,31.20000076
78.94299915,31.70000076
78.84899738,32.5
79.02599933,32.34999847
79.01000049,32.20000076
79.22800281,31.14999962
79.28700092,30.64999962
79.15099933,29.45000076
79.22099902,29.20000076
79.16399982,28.64999962
79.23999622,28.70000076
79.17999866,27.54999924
79.22299792,27.35000038
79.09699847,27.35000038
79.14999988,28.29999924
79.41699817,29.60000038
79.09799792,29.64999962
78.87900378,29.10000038
79.23899677,30.29999924
79.12499835,31.25
78.9459975,31.70000076
78.9230025,31.14999962
79.14300372,31.25
79.14400317,30.60000038
79.09499957,30.79999924
79.07800128,30.39999962
79.38100269,30.20000076
79.19199969,28.89999962
78.88599994,30.89999962
79.36399677,28.89999962
79.33800342,29.35000038
79.16100146,30.39999962
79.00199725,31.35000038
78.84200122,32.65000153
78.99799945,32.25
78.78600146,32.54999924
78.8229964,33.70000076
79.18399646,33.54999924
79.16999652,32.84999847
79.44299915,32.09999847
79.17400195,30.95000076
79.497,29.25
79.56799915,25.64999962
79.91899707,19.79999924
79.60800006,14.25
80.13999774,8.600000381
79.98699786,3.549999952
80.40199878,0.0
80.34999683,0.0
80.27300098,0.0
80.39500262,0.0
80.73999622,0.0
80.55599811,0.0
80.1979964,0.0
80.71600177,0.0
80.96099689,0.0
80.35700061,0.0
80.35999896,0.0
80.66300037,0.0
79.91599872,0.0
79.36299731,0.0
79.00900104,3.849999905
77.8229964,12.55000019
77.77499988,24.70000076
77.46800067,28.39999962
77.09499957,38.34999847
77.37299945,44.45000076
77.48300006,42.40000153
78.34000232,40.09999847
78.64199664,37.40000153
79.06400134,34.09999847
79.31600024,31.60000038
79.72399738,30.25
79.52000262,26.25
79.63300159,23.10000038
79.42899921,20.20000076
79.50700214,20.35000038
79.09599902,21.29999924
78.6259978,20.70000076
78.59499957,20.70000076
78.02000262,22.95000076
77.99200275,21.75
77.65900256,21.75
77.76699664,21.35000038
77.41000201,17.85000038
77.26299884,15.10000038
76.96099689,12.75
76.35999896,12.30000019
76.2430022,15.14999962
75.64400317,16.20000076
75.80200031,21.70000076
75.45799854,24.25
75.9950011,22.25
75.79199817,20.85000038
75.85200336,19.14999962
75.67799976,17.25
75.5709975,19.39999962
75.67799976,19.5
75.18099811,24.75
75.6750014,31.35000038
75.74999835,27.10000038
76.00199725,37.25
76.04399707,35.95000076
76.62499835,33.25
76.89199664,33.65000153
77.93399646,34.09999847
77.58800342,34.34999847
78.00700214,29.60000038
78.13400104,27.29999924
78.43299701,25.45000076
78.24200275,27.95000076
79.00600269,25.79999924
78.872,23.35000038
78.71700122,23.75
79.02400043,23.14999962
78.91399982,22.29999924
78.7980025,22.35000038
78.98599841,19.0
78.77000262,18.5
79.10600116,19.45000076
78.80699756,16.75
79.25600269,23.20000076
79.33599689,29.54999924
79.27400043,28.85000038
78.97499683,28.85000038
79.59400012,16.85000038
79.45000293,18.95000076
79.3759978,18.89999962
79.43500354,19.54999924
79.35999896,20.29999924
79.02000262,16.85000038
79.1730025,11.0
78.93099811,13.80000019
78.92400195,16.79999924
78.43199756,18.0
78.8209975,22.39999962
78.81699969,23.14999962
78.75700214,23.79999924
78.85899951,23.89999962
78.8209975,23.39999962
79.23399951,24.10000038
78.78300311,23.60000038
78.5729964,22.20000076
79.22900226,21.39999962
78.97399738,20.39999962
79.23499896,19.64999962
79.39199664,18.79999924
78.83800342,20.0
78.48000171,20.60000038
78.69199969,21.79999924
78.63400104,22.25
78.6939986,22.95000076
79.00600269,22.89999962
79.10200336,24.85000038
79.02499988,24.89999962
79.19900348,24.39999962
79.27899768,25.5
79.13599994,25.64999962
78.91200092,25.04999924
79.02899768,25.79999924
79.35999896,25.39999962
79.43800189,24.0
79.4210036,23.5
79.60999896,21.85000038
79.38599994,20.14999962
79.15399768,19.54999924
79.53300311,19.0
79.37699725,19.89999962
79.06999805,19.54999924
78.78400256,21.54999924
79.25500323,21.04999924
79.15399768,21.64999962
79.14800098,21.35000038
79.1959975,22.79999924
78.82400348,21.64999962
79.22399738,21.20000076
79.35999896,22.64999962
79.39099719,23.29999924
78.88699939,23.5
79.11499622,23.85000038
78.89099719,24.10000038
79.24999835,23.85000038
79.17700031,23.70000076
79.28800037,23.04999924
79.51499774,22.85000038
79.48300006,21.45000076
79.32900073,19.5
79.49799945,18.35000038
79.33800342,18.25
79.40599658,19.79999924
79.21900012,18.60000038
78.47099902,19.14999962
79.28999927,20.95000076
78.96700122,21.35000038
79.08900287,23.10000038
78.97399738,24.14999962
78.60899951,24.75
78.997,25.39999962
79.00500323,25.70000076
79.13899829,25.25
79.12699725,25.39999962
78.97099902,25.89999962
79.14099719,26.20000076
78.96900012,27.85000038
78.8000014,29.45000076
78.8680022,29.60000038
78.43900134,32.20000076
78.49999835,34.59999847
78.60999896,36.0
78.52100208,37.04999924
78.29099872,40.0
78.65599658,41.29999924
78.78800037,39.5
79.122,39.70000076
79.30699756,37.79999924
79.33399799,34.15000153
79.0460036,30.5
79.1939986,27.04999924
79.50600269,24.10000038
79.46400287,21.64999962
79.53200366,20.0
79.07400348,18.95000076
79.50400378,19.25
79.01900317,21.10000038
79.09300067,21.70000076
79.06699969,22.25
79.26099994,23.29999924
79.00199725,22.75
78.94100024,23.35000038
79.04499652,24.60000038
78.75700214,24.10000038
79.16200092,25.14999962
79.34499957,24.95000076
79.25700214,23.85000038
79.51099994,23.10000038
79.19199969,21.39999962
79.4439986,20.0
79.5500014,18.5
79.09400012,19.39999962
79.13200214,20.70000076
79.03999927,22.85000038
79.03400256,24.25
78.80299976,26.04999924
78.45200183,26.64999962
78.86099841,26.75
78.81799915,27.45000076
79.22700336,28.35000038
79.06999805,27.60000038
79.19499805,27.14999962
78.98300006,26.45000076
79.20100238,26.35000038
79.10400226,26.0
79.46800067,25.5
79.61099841,24.35000038
80.00800159,24.04999924
79.64700153,22.75
79.65299823,22.14999962
79.60899951,22.04999924
79.27999713,21.60000038
79.94199969,21.29999924
79.63300159,20.45000076
79.52499988,20.35000038
79.3700011,20.60000038
78.75800159,20.79999924
78.93700244,21.35000038
79.36700275,22.04999924
79.17700031,22.60000038
78.55599811,22.70000076
79.2430022,22.10000038
79.32600238,22.5
78.87299945,22.29999924
79.16699817,21.85000038
79.26499774,23.0
79.52499988,21.10000038
78.65199878,0.0
77.18399646,0.0
75.57800128,0.0
74.09699847,0.0
72.60999896,0.0
72.14099719,0.0
71.89500262,0.0
71.69499805,0.0
70.94299915,0.0
70.16899707,0.0
69.43500354,0.0
69.3660033,25.20000076
69.46999957,35.75
70.46800067,37.45000076
70.90900256,42.15000153
71.40599658,46.09999847
72.28300311,46.90000153
73.01900317,39.90000153
73.89999988,34.65000153
74.38999774,30.64999962
74.71099689,29.39999962
75.33299854,29.79999924
75.4989989,28.45000076
75.86700275,28.54999924
76.19199969,30.0
77.21099689,33.45000076
77.71900012,37.65000153
77.8779967,38.34999847
78.99600055,37.0
79.40499713,36.5
79.04499652,33.75
79.2960036,33.5
79.44000079,30.75
79.30200031,28.20000076
79.09899738,28.04999924
79.13599994,29.70000076
78.80499866,30.45000076
78.92999866,32.34999847
78.78400256,34.54999924
78.50800159,36.95000076
78.6730025,38.75
78.44299915,38.65000153
78.50600269,39.5
78.77699878,41.59999847
78.65099933,41.04999924
78.88599994,41.70000076
78.73899677,39.59999847
78.88300159,39.70000076
79.26199939,41.15000153
79.38699939,39.75
79.09000232,38.79999924
78.9989989,39.65000153
79.26299884,39.65000153
79.39199664,36.79999924
79.41499927,33.95000076
79.28200366,31.20000076
79.372,28.95000076
78.98100116,30.95000076
78.6750014,33.45000076
78.66599872,36.59999847
78.6279967,36.95000076
78.94100024,37.40000153
78.65700366,36.34999847
79.4250014,35.5
79.45200183,32.25
79.96300342,27.54999924
79.73699786,19.89999962
80.2980025,14.44999981
79.98899677,9.949999809
79.4479964,7.949999809
79.36199786,7.050000191
79.65299823,7.599999905
79.63500049,6.949999809
79.53500201,8.149999619
79.60600116,5.900000095
79.53300311,4.349999905
79.60999896,3.700000048
79.61900165,0.949999988
79.97499683,1.299999952
79.89800098,0.0
79.90199878,0.0
78.98799731,0.0
78.82600238,1.899999976
79.20599963,5.650000095
78.41599872,8.850000381
78.06600024,12.05000019
78.95100238,14.10000038
78.58800342,15.69999981
78.71800067,18.29999924
79.00600269,19.04999924
78.77899768,22.60000038
78.64800098,23.45000076
78.67899921,24.29999924
78.42200305,24.60000038
78.64999988,27.14999962
78.48699786,25.25
78.60700061,25.79999924
78.6239989,26.54999924
78.59999683,27.39999962
79.15700366,26.70000076
78.86399677,25.25
78.90099933,23.04999924
79.39400317,23.60000038
79.1979964,23.54999924
78.80699756,25.64999962
79.1979964,25.35000038
79.00400378,25.64999962
79.22700336,25.45000076
79.22599628,26.0
79.20899799,23.89999962
79.13999774,22.75
79.42400195,20.20000076
78.96800067,18.85000038
79.55899646,19.14999962
79.09899738,18.95000076
78.94000079,21.75
78.85800006,22.85000038
78.92999866,23.85000038
78.84200122,23.54999924
79.03400256,25.0
79.19499805,23.79999924
79.20799854,22.45000076
79.27400043,20.54999924
79.36399677,20.14999962
79.15099933,19.64999962
79.40700366,19.25
79.4910033,17.60000038
79.38699939,17.89999962
79.06500079,21.0
79.17999866,20.64999962
78.81200244,21.54999924
78.872,24.20000076
78.55899646,26.85000038
79.03600146,29.75
78.69499805,28.75
78.70000293,30.64999962
78.71500232,31.20000076
79.21199634,31.75
79.02000262,32.20000076
79.18700244,31.64999962
79.27699878,30.04999924
79.5480025,27.95000076
79.42700031,25.60000038
79.53899982,23.39999962
79.71099689,23.20000076
79.83299854,23.5
79.18700244,24.54999924
79.06400134,25.60000038
79.12100055,25.39999962
79.23599841,24.79999924
79.13699939,26.25
79.3189986,25.35000038
79.28099658,24.64999962
79.12299945,23.04999924
79.22700336,20.5
79.4230025,19.39999962
79.2430022,18.79999924
79.34300067,19.10000038
79.20300128,18.95000076
79.33599689,18.79999924
79.34000232,19.54999924
79.14400317,19.04999924
79.42999866,20.10000038
79.26699664,18.14999962
79.3739989,18.54999924
79.56500079,17.75
79.46900012,18.29999924
79.0729964,17.54999924
79.44499805,18.39999962
79.11700275,18.75
79.08699634,19.79999924
78.93099811,20.75
78.73699786,21.35000038
78.85899951,23.79999924
78.85400226,25.10000038
78.70500018,27.0
78.55899646,28.0
78.36199786,28.60000038
78.89099719,29.14999962
78.9930022,30.35000038
79.1200011,30.5
79.32600238,30.79999924
78.98799731,30.35000038
79.18500354,30.14999962
79.28300311,29.5
79.47700336,28.35000038
79.26900317,25.95000076
79.32700183,26.35000038
78.83399799,26.29999924
79.04700305,28.95000076
78.94900348,29.14999962
78.90700366,30.35000038
78.86700275,30.14999962
78.78500201,31.39999962
78.88400104,31.70000076
78.71099689,33.0
79.00199725,34.29999924
78.65399768,35.20000076
78.64999988,36.40000153
78.5709975,37.75
78.40099933,38.79999924
78.81300189,40.25
78.39600208,40.45000076
78.71900012,42.34999847
78.84000232,41.75
78.42600085,42.34999847
78.71199634,44.29999924
78.98999622,46.09999847
78.84899738,45.90000153
79.22599628,44.40000153
79.47099902,41.0
79.85500171,36.54999924
79.80899646,30.95000076
79.9989989,24.5
79.99200275,17.75
79.72800281,14.64999962
79.61299731,10.69999981
79.73300006,9.649999619
79.68399646,8.050000191
79.61099841,7.849999905
79.27899768,6.900000095
79.46800067,7.800000191
79.23599841,8.350000381
79.36199786,9.75
79.21700122,10.14999962
78.83499744,12.39999962
78.97700336,12.80000019
78.94499805,14.19999981
79.14500262,14.5
78.9439986,14.5
79.22599628,14.64999962
79.69499805,14.89999962
79.28300311,13.89999962
79.10999896,14.85000038
79.02799823,15.64999962
79.10700061,18.79999924
78.66000201,19.95000076
78.67200305,22.54999924
78.60400226,27.25
78.48999622,29.35000038
78.50900104,31.5
78.42799976,34.70000076
78.15299823,36.75
78.25900104,38.75
78.28300311,40.65000153
78.28600146,40.5
78.56200244,40.25
78.86900165,42.79999924
78.82800128,41.84999847
78.86199786,42.20000076
78.88999774,41.45000076
79.15299823,41.29999924
79.14199664,39.54999924
79.09599902,38.54999924
78.91000201,38.20000076
79.16399982,38.79999924
79.27400043,39.0
79.09300067,40.0
79.07900073,39.75
79.27899768,39.95000076
79.11099841,38.29999924
79.41300037,37.54999924
79.66699817,33.20000076
79.70200183,29.0
79.93600299,23.35000038
80.0480025,17.39999962
80.08499744,12.60000038
79.44100024,9.449999809
79.64300372,8.199999809
79.63200214,7.5
79.34599902,6.75
79.23000171,6.349999905
79.65399768,5.900000095
79.11099841,7.0
79.06100299,7.300000191
79.28099658,8.0
79.23499896,6.949999809
78.9250014,7.650000095
79.17200305,9.0
79.44000079,8.899999619
79.2430022,8.399999619
79.33800342,7.199999809
79.36900165,7.400000095
79.15700366,5.699999809
79.11399677,6.699999809
79.14900043,6.400000095
79.10300281,9.050000191
78.58299854,10.89999962
78.60899951,16.04999924
78.4210036,18.39999962
78.19100024,23.04999924
78.39199664,26.10000038
78.13400104,28.64999962
78.56500079,30.25
78.26199939,31.70000076
78.38100269,32.09999847
78.55699756,32.40000153
78.88200214,31.79999924
78.99200275,32.0
79.01699664,32.20000076
79.19499805,32.5
78.82800128,30.89999962
79.18199756,29.5
79.09100177,29.20000076
79.44100024,28.14999962
79.37299945,27.70000076
79.08299854,27.29999924
78.94699695,25.39999962
79.26800372,25.45000076
78.90599658,26.04999924
79.03899982,26.79999924
79.1180022,26.39999962
78.85300281,27.10000038
79.38599994,26.54999924
78.88400104,26.10000038
79.1710036,25.60000038
79.37499835,24.0
79.55699756,22.5
79.3739989,21.64999962
79.57199695,19.14999962
79.39600208,17.04999924
79.44000079,15.85000038
79.45000293,14.94999981
79.34699847,15.5
79.23499896,16.54999924
79.25199725,17.60000038
79.19100024,18.0
79.23599841,17.79999924
79.18199756,18.14999962
78.65499713,18.54999924
78.29700305,18.39999962
79.01199939,18.64999962
79.4910033,17.25
79.50400378,16.64999962
79.39199664,14.55000019
79.43099811,13.30000019
79.66699817,12.19999981
79.40800311,12.35000038
79.40800311,11.80000019
79.08000018,15.44999981
79.33000018,11.89999962
79.28800037,14.19999981
79.14199664,14.55000019
79.73000171,15.25
79.09799792,16.70000076
79.09100177,15.80000019
79.18299701,17.75
79.15099933,18.35000038
78.78600146,20.10000038
79.13300159,22.75
78.64199664,26.10000038
78.36499622,29.5
77.9989989,32.40000153
79.2980025,30.95000076
79.05399921,29.29999924
79.10200336,28.10000038
79.09699847,27.20000076
79.23300006,26.5
79.43900134,25.70000076
79.60999896,23.39999962
79.81799915,18.75
79.87299945,16.35000038
79.65099933,14.60000038
79.92200305,11.89999962
79.39500262,9.449999809
79.68800189,7.650000095
79.29099872,9.949999809
79.1710036,13.64999962
78.94199969,15.44999981
78.95799854,15.55000019
78.93800189,16.89999962
78.85200336,16.5
78.61299731,16.60000038
79.20100238,16.79999924
79.18299701,16.79999924
79.3189986,15.75
79.32900073,16.25
79.31699969,15.55000019
79.4479964,14.25
79.55899646,13.85000038
79.48499896,13.85000038
79.15499713,15.44999981
78.92799976,17.54999924
78.52000262,20.60000038
79.2980025,20.79999924
78.90499713,25.29999924
78.21800067,29.95000076
78.73599841,31.75
78.65199878,31.64999962
78.3000014,31.14999962
78.80599811,32.34999847
79.14999988,31.64999962
78.75500323,32.90000153
78.75500323,34.20000076
78.93199756,33.04999924
78.96800067,34.84999847
79.19699695,33.29999924
79.66699817,33.04999924
78.9210036,32.34999847
79.58599689,31.10000038
79.31699969,29.60000038
79.53200366,28.0
79.29199817,27.70000076
79.14400317,27.89999962
79.21099689,29.75
79.26000049,29.20000076
79.26800372,26.95000076
79.63300159,23.79999924
79.84899738,21.70000076
79.73599841,19.25
80.3739989,14.39999962
79.97599628,10.14999962
79.63899829,8.0
79.90900256,4.75
80.05100085,1.5
79.79099872,0.0
79.77899768,0.0
80.01000049,0.0
79.71600177,0.0
79.41100146,0.0
79.26199939,0.600000024
79.03899982,2.349999905
78.94199969,4.199999809
78.90099933,5.099999905
79.39300372,6.449999809
78.91899707,6.400000095
78.91999652,7.849999905
79.34400012,6.400000095
79.2509978,6.849999905
79.46500232,5.400000095
79.28400256,5.849999905
79.13899829,7.650000095
78.77400043,11.44999981
78.80100085,15.64999962
78.55799701,18.54999924
78.22900226,23.79999924
77.87900378,26.89999962
77.71300342,33.29999924
77.81400134,38.0
77.87299945,42.75
78.06999805,44.75
78.48799731,46.15000153
78.19199969,46.70000076
78.4250014,46.34999847
78.79900195,45.34999847
79.19199969,42.34999847
79.21999957,41.09999847
79.80299976,36.04999924
79.87699725,14.0
79.59899738,0.0
79.06400134,0.0
79.28200366,17.35000038
79.26699664,15.5
79.35300281,14.75
79.55499866,15.19999981
79.78500201,14.55000019
79.73999622,14.5
80.13799884,12.10000038
79.62100055,6.800000191
79.38699939,4.75
78.70500018,8.800000191
78.87699725,10.35000038
78.50600269,11.39999962
78.46600177,11.80000019
78.80699756,11.89999962
79.28500201,11.89999962
79.13000323,12.0
79.1710036,13.14999962
78.96800067,13.94999981
78.96600177,14.35000038
78.28200366,15.89999962
77.75700214,27.0
77.27799823,26.60000038
76.56600024,32.45000076
76.46500232,36.15000153
76.83299854,38.25
76.78099658,38.25
77.55100085,37.29999924
78.00600269,38.04999924
78.23699786,37.0
78.3759978,24.70000076
77.93600299,0.0
77.95200183,8.5
78.22800281,17.64999962
78.5029967,13.94999981
79.41100146,10.60000038
79.65900256,7.199999809
79.83399799,1.799999952
80.14300372,0.0
80.58199908,0.0
80.31999805,0.0
79.70799854,0.0
80.66499927,0.0
80.56300189,0.0
80.68399646,0.0
79.85300281,0.0
79.37299945,0.0
78.41499927,4.300000191
78.13000323,14.14999962
77.80699756,21.45000076
77.76900317,26.39999962
77.68500354,29.25
78.17899921,30.79999924
78.17799976,30.85000038
79.08199908,29.70000076
78.92600085,28.20000076
78.83099963,26.35000038
79.71199634,25.10000038
79.20699908,22.95000076
79.77300098,19.75
80.01699664,16.39999962
79.84599902,13.30000019
79.64900043,11.69999981
79.41300037,11.44999981
79.15900256,13.14999962
78.85300281,16.25
78.37299945,22.45000076
78.08800342,28.70000076
77.74600055,33.59999847
77.77999713,37.25
77.68399646,43.40000153
77.43399646,46.59999847
77.59899738,50.65000153
77.96199634,54.09999847
78.42899921,52.09999847
78.42400195,49.20000076
79.14199664,47.29999924
79.45200183,44.54999924
79.69299915,39.95000076
79.61199786,32.34999847
79.91200092,24.20000076
80.39199664,18.5
80.01800372,10.19999981
79.74799945,6.099999905
79.70899799,4.5
79.05499866,5.099999905
79.02799823,7.900000095
79.02799823,10.89999962
78.77400043,13.80000019
79.28700092,15.0
78.63899829,17.79999924
78.57700183,20.29999924
78.35500171,23.0
78.55299976,25.5
78.41200092,26.64999962
78.5689986,28.45000076
78.63899829,24.89999962
78.46600177,26.39999962
78.5009978,27.14999962
78.76399829,28.04999924
78.2960036,34.90000153
78.09799792,31.04999924
78.54299762,24.14999962
78.16000201,11.94999981
77.97199847,0.0
76.9250014,0.0
76.47900226,14.44999981
76.97800281,12.10000038
76.61199786,7.75
76.58800342,8.899999619
76.53899982,14.19999981
77.13599994,12.80000019
76.98300006,12.05000019
77.93399646,8.149999619
77.94000079,1.799999952
77.52799823,5.349999905
77.7529967,8.050000191
77.64199664,8.100000381
77.26900317,11.80000019
77.12299945,11.64999962
76.42200305,15.10000038
76.05299976,25.70000076
75.92400195,26.29999924
75.85800006,33.84999847
76.02300098,33.75
76.17799976,38.75
76.48899677,39.54999924
76.80499866,44.34999847
77.10700061,47.0
77.56500079,47.15000153
77.7980025,47.15000153
78.60800006,44.79999924
79.02999713,37.40000153
79.22900226,9.100000381
78.79299762,2.0
78.47499683,1.149999976
77.81300189,10.25
77.25600269,15.35000038
77.18399646,16.14999962
77.18500354,21.54999924
76.85600116,24.10000038
77.28500201,24.45000076
77.56999805,34.40000153
77.98799731,39.59999847
78.65700366,41.0
79.28200366,36.45000076
79.84400012,36.40000153
79.97800281,36.45000076
80.33699634,36.40000153
80.21199634,33.54999924
78.7489989,26.95000076
79.27499988,22.89999962
78.57900073,0.0
78.45100238,0.0
78.13999774,0.349999994
78.62699725,8.949999809
78.3229964,17.29999924
77.90800311,23.10000038
77.82800128,26.79999924
77.81100299,30.20000076
77.93800189,32.0
78.44699695,33.15000153
78.7450011,31.85000038
78.90800311,30.79999924
79.10300281,29.45000076
79.23799731,27.60000038
79.41899707,27.20000076
79.24600055,26.85000038
79.51900317,24.79999924
79.15399768,21.85000038
79.39300372,20.60000038
79.06500079,18.45000076
79.13400104,19.10000038
78.97700336,19.14999962
78.81300189,20.64999962
78.96199634,22.70000076
78.72900226,23.20000076
79.16699817,22.54999924
78.7980025,24.0
78.95599963,24.5
78.65499713,24.29999924
79.30299976,23.95000076
79.2410033,23.0
79.43500354,21.60000038
79.3229964,20.29999924
79.62499835,19.89999962
79.16200092,21.25
79.27599933,22.45000076
79.17200305,23.5
78.90399768,24.35000038
79.22700336,24.60000038
79.42400195,24.14999962
79.08000018,24.39999962
79.3229964,24.14999962
79.47900226,24.0
79.30899646,23.79999924
79.30299976,23.60000038
79.82400348,22.89999962
79.04700305,24.5
79.2430022,25.0
79.19699695,25.25
79.16100146,23.29999924
79.20599963,22.70000076
79.25600269,23.60000038
79.50400378,23.64999962
79.44699695,22.79999924
79.18900134,21.79999924
79.39700153,21.89999962
79.1710036,21.39999962
79.51099994,19.85000038
79.3700011,20.14999962
79.45899799,19.10000038
79.54099872,19.29999924
79.01599719,19.64999962
79.22599628,22.20000076
79.47800281,21.95000076
79.48100116,20.35000038
79.13899829,20.35000038
78.84400012,23.0
79.32400348,24.10000038
78.55299976,24.10000038
79.08599689,24.10000038
79.39600208,23.04999924
79.64900043,22.79999924
79.15099933,21.14999962
78.90099933,20.10000038
79.51900317,19.35000038
79.46999957,19.64999962
79.18399646,20.04999924
79.28400256,21.29999924
79.18600299,21.85000038
78.95999744,25.10000038
78.77499988,26.04999924
78.98599841,26.60000038
78.90900256,27.54999924
79.05100085,27.75
78.96900012,27.70000076
79.05899646,29.39999962
78.82600238,30.39999962
79.06699969,30.29999924
78.96300342,31.85000038
78.96600177,31.5
79.02100208,31.10000038
79.2430022,29.70000076
79.5729964,28.10000038
79.57600238,25.79999924
79.39800098,22.85000038
79.40499713,20.70000076
79.76099994,18.79999924
79.50500323,18.04999924
79.27000262,19.95000076
79.32500293,19.04999924
79.35500171,20.29999924
79.06000354,19.89999962
79.16100146,20.75
79.21900012,20.20000076
79.35600116,20.45000076
79.59300067,20.79999924
79.14999988,20.39999962
79.22900226,20.0
79.28300311,19.70000076
79.33900287,19.25
79.48100116,18.54999924
79.48300006,18.95000076
79.34200122,18.54999924
79.42200305,19.60000038
79.50700214,20.0
79.46700122,20.45000076
79.34999683,20.85000038
79.49200275,21.04999924
79.5709975,21.04999924
78.6959975,20.10000038
79.497,19.85000038
79.59100177,21.20000076
79.79099872,21.85000038
79.33299854,21.5
79.34899738,22.0
79.01499774,22.0
78.80499866,24.0
78.95599963,26.04999924
78.75900104,28.39999962
78.33000018,32.15000153
78.57600238,35.79999924
78.54900195,38.40000153
78.02400043,40.25
78.24400165,45.5
78.11199786,48.40000153
78.29900195,50.95000076
77.98000171,54.25
78.01199939,58.04999924
78.25800159,58.90000153
78.21300342,55.34999847
78.96099689,53.15000153
79.72900226,51.65000153
79.53099658,48.5
79.76199939,37.90000153
79.94699695,16.10000038
79.3000014,0.0
78.39700153,0.0
77.59300067,0.0
76.84300067,0.0
76.4439986,0.0
76.08900287,0.550000012
75.58699634,6.300000191
75.122,3.200000048
75.20599963,11.25
75.34599902,11.60000038
75.12900378,4.75
75.71600177,4.25
75.8660033,0.0
76.00700214,6.550000191
76.20799854,10.44999981
76.74200275,12.25
77.60800006,10.89999962
77.90199878,0.0
77.97800281,0.0
78.65900256,11.0
78.98599841,16.95000076
79.4930022,28.20000076
79.69299915,20.39999962
80.3209975,22.20000076
80.21700122,22.04999924
80.20300128,28.89999962
79.80499866,19.54999924
79.48300006,20.89999962
79.32199695,26.64999962
78.9930022,26.45000076
79.00900104,29.20000076
78.76699664,29.04999924
77.52200153,28.85000038
78.02499988,29.10000038
78.07400348,29.79999924
77.98599841,30.85000038
77.38200214,31.85000038
77.77400043,32.25
77.95500018,32.45000076
77.51199939,35.45000076
77.34899738,41.54999924
77.46500232,43.29999924
77.4950011,44.5
77.66599872,49.70000076
77.73899677,49.75
77.9910033,49.59999847
78.30599811,50.15000153
78.39400317,49.34999847
78.31600024,50.09999847
78.60200336,39.0
78.84699847,26.35000038
78.5460036,30.75
78.35999896,34.65000153
78.40099933,34.40000153
78.05699756,35.25
78.8660033,34.09999847
79.30299976,32.79999924
79.44000079,32.0
79.70000293,29.89999962
79.30399921,26.85000038
79.88300159,21.54999924
80.18299701,15.64999962
80.01699664,11.55000019
79.48699786,8.5
79.70000293,9.600000381
79.67999866,9.75
78.70400073,11.55000019
79.29099872,8.600000381
79.57800128,6.699999809
79.71099689,5.949999809
79.72599628,4.75
79.56000354,3.349999905
79.26099994,3.099999905
79.34499957,3.349999905
79.31699969,5.0
79.22800281,5.849999905
79.06000354,6.900000095
78.39199664,7.949999809
79.02499988,8.949999809
79.08000018,10.0
79.07500293,10.44999981
79.08900287,11.10000038
79.05200031,12.69999981
78.6979964,13.44999981
78.91100146,15.10000038
78.89300372,18.39999962
78.68500354,21.0
78.54299762,22.5
78.69199969,23.5
78.73300006,24.64999962
78.88300159,24.14999962
78.91999652,24.45000076
79.01399829,23.79999924
79.58800342,22.60000038
79.47599628,20.39999962
79.77699878,17.54999924
79.79099872,15.05000019
79.52599933,12.05000019
79.70400073,9.149999619
79.62499835,8.550000191
79.35300281,9.399999619
79.19000079,11.75
78.88100269,15.75
78.55200031,20.35000038
78.55200031,24.54999924
78.13699939,29.79999924
78.3660033,31.54999924
78.22599628,32.75
78.51099994,34.25
78.60200336,34.15000153
78.46099689,33.90000153
78.64300372,34.09999847
79.19100024,34.84999847
79.18099811,33.54999924
79.13100269,31.89999962
79.55399921,31.14999962
79.91000201,29.14999962
79.6279967,25.79999924
79.81100299,22.14999962
79.79199817,18.20000076
79.98399951,13.25
79.77699878,9.350000381
79.78200366,7.400000095
79.7410033,7.400000095
79.53899982,7.949999809
79.4989989,7.849999905
79.6959975,8.0
79.46300342,8.25
79.05699756,10.05000019
78.91599872,13.39999962
78.52499988,17.95000076
78.19699695,22.64999962
77.88300159,28.79999924
77.58699634,35.0
77.46900012,41.25
77.32800128,47.29999924
77.20300128,52.79999924
77.55100085,56.09999847
77.53200366,58.29999924
77.9250014,60.79999924
78.26800372,58.45000076
78.70599963,55.84999847
78.872,53.84999847
79.18199756,51.20000076
79.5500014,46.84999847
79.96500232,41.09999847
79.88699939,34.90000153
80.23999622,27.45000076
80.57500293,14.39999962
80.10400226,5.400000095
79.95200183,0.949999988
79.62499835,0.349999994
79.07400348,4.0
78.97399738,8.199999809
78.94000079,9.0
79.28700092,8.899999619
79.21300342,8.550000191
79.1979964,8.850000381
79.63400104,7.400000095
79.37100055,6.349999905
79.4250014,7.599999905
78.92600085,8.850000381
78.8229964,10.94999981
78.81999805,13.5
78.35800006,17.5
78.34300067,22.25
78.247,27.14999962
78.12499835,32.75
78.18800189,35.79999924
78.06699969,37.84999847
78.41000201,39.84999847
78.73899677,38.59999847
78.46500232,38.75
79.28099658,36.95000076
79.3189986,35.25
79.64099719,32.29999924
79.94199969,26.29999924
79.97299792,18.0
80.10300281,10.64999962
79.65299823,6.449999809
78.98100116,8.050000191
79.01099994,10.5
78.65099933,12.94999981
78.76900317,16.54999924
78.48699786,20.45000076
78.20000293,23.70000076
78.26199939,27.14999962
77.53899982,33.70000076
77.80599811,36.40000153
78.02699878,41.04999924
77.62900378,45.04999924
77.53099658,51.25
77.8680022,55.25
78.02100208,56.0
77.78700092,53.84999847
78.41899707,52.95000076
79.24600055,50.29999924
79.42400195,48.54999924
79.26399829,44.95000076
79.78099658,40.65000153
80.10600116,33.84999847
80.12900378,25.20000076
79.95300128,16.70000076
79.77899768,13.55000019
79.56799915,13.89999962
79.30599811,15.14999962
79.1979964,15.89999962
79.34499957,16.64999962
79.13599994,16.14999962
79.40700366,15.94999981
79.7529967,14.39999962
79.83800342,11.80000019
79.7960036,8.149999619
80.22399738,4.400000095
80.33399799,0.0
79.91100146,0.0
79.83299854,0.0
79.61700275,0.0
79.26900317,0.400000006
79.31200244,1.899999976
79.00500323,4.0
79.11700275,6.150000095
79.07400348,7.050000191
78.95500018,9.5
78.9210036,10.64999962
79.26000049,13.19999981
78.7450011,14.69999981
78.71600177,16.45000076
78.48599841,19.04999924
78.44100024,22.45000076
78.44000079,25.25
78.32900073,28.35000038
78.33000018,34.15000153
78.16100146,34.25
78.14400317,38.59999847
78.31699969,40.0
78.42899921,40.75
78.39800098,40.04999924
79.0709975,40.5
78.75900104,40.79999924
79.14900043,39.20000076
79.19499805,38.45000076
79.16999652,36.84999847
79.2509978,35.54999924
79.28300311,37.90000153
79.3000014,36.20000076
79.20400073,36.40000153
79.6200011,35.34999847
79.39900043,34.15000153
79.37699725,32.59999847
79.31799915,29.75
79.52200153,28.75
79.30200031,28.64999962
79.3739989,27.70000076
79.63999774,25.04999924
79.62699725,20.79999924
80.06600024,15.69999981
79.8739989,11.39999962
80.01099994,5.900000095
79.99200275,2.450000048
79.71999957,2.349999905
79.11299731,3.5
79.06400134,5.5
79.2430022,6.75
79.05100085,8.25
78.8739989,9.300000191
78.94699695,10.30000019
79.28899982,10.75
79.18700244,10.19999981
79.42600085,10.69999981
79.43199756,10.19999981
79.1200011,10.14999962
79.26499774,11.69999981
78.86700275,13.89999962
78.82700183,17.35000038
78.66200092,19.75
78.38899829,25.29999924
78.47299792,29.14999962
78.19100024,31.95000076
78.1180022,35.70000076
77.6939986,37.79999924
78.21400287,39.59999847
78.52200153,41.84999847
78.54900195,43.25
78.2410033,44.54999924
78.10500171,45.59999847
78.70699908,44.45000076
78.83599689,44.15000153
78.93800189,42.65000153
79.16799762,42.25
79.18700244,40.40000153
79.45699908,39.15000153
79.15700366,38.70000076
79.122,39.90000153
79.14099719,39.59999847
79.21999957,40.25
78.75400378,40.54999924
79.37299945,38.84999847
79.41399982,36.34999847
79.44900348,33.90000153
79.22900226,31.85000038
78.96700122,31.29999924
79.11399677,33.29999924
79.25900104,33.25
79.14600208,32.79999924
78.85899951,32.90000153
78.95200183,35.20000076
79.08599689,36.45000076
79.15099933,34.90000153
79.13400104,34.95000076
79.37100055,34.40000153
79.41799762,33.34999847
79.01000049,32.70000076
79.3000014,32.25
79.09200122,31.95000076
79.18900134,30.60000038
79.20899799,31.54999924
78.84999683,31.75
79.38699939,32.25
78.94699695,33.90000153
79.25700214,33.34999847
79.22399738,33.0
79.45100238,32.70000076
79.35200336,32.79999924
79.78600146,29.60000038
79.81999805,26.29999924
79.86099841,20.20000076
79.98799731,13.75
80.05799701,8.75
79.59799792,6.5
79.40800311,7.050000191
79.00900104,9.449999809
78.9989989,11.80000019
78.81200244,14.44999981
78.94000079,17.14999962
78.6979964,19.14999962
78.80499866,19.54999924
79.66699817,18.79999924
78.78700092,18.79999924
78.95899799,17.45000076
79.81100299,16.89999962
79.1160033,17.10000038
79.77699878,15.64999962
79.27999713,13.30000019
79.53099658,10.5
79.81999805,10.19999981
78.93500354,9.699999809
79.39600208,9.199999809
79.3700011,10.64999962
78.55100085,10.69999981
78.31999805,12.30000019
78.46099689,13.55000019
78.55100085,14.69999981
79.05200031,12.89999962
79.73000171,12.60000038
79.28899982,13.60000038
79.48699786,13.44999981
79.77200153,13.0
79.50500323,7.800000191
79.8189986,3.400000095
79.72700336,1.149999976
79.72599628,0.200000003
79.29099872,1.600000024
79.14099719,4.150000095
78.66999652,8.25
79.07900073,8.25
78.58000018,9.75
78.82900073,11.64999962
79.02200153,12.35000038
79.03200366,12.39999962
79.01399829,11.94999981
78.95699908,13.39999962
79.67799976,10.89999962
79.64500262,10.10000038
79.6959975,8.75
79.72499683,5.349999905
79.63799884,3.799999952
79.54499652,3.25
79.01199939,5.050000191
79.05499866,8.25
78.54900195,11.39999962
78.42400195,16.04999924
78.38100269,21.54999924
78.01699664,25.14999962
78.09400012,28.25
78.14999988,31.20000076
78.16300037,34.54999924
78.3779967,36.09999847
78.63500049,35.54999924
78.65199878,37.0
78.72499683,34.59999847
78.58699634,35.59999847
78.77699878,34.79999924
78.91200092,35.0
79.04499652,33.15000153
79.46500232,33.0
79.35200336,31.20000076
79.1160033,29.25
79.05599811,29.25
79.37499835,30.70000076
78.77499988,32.09999847
79.48899677,32.25
78.99400165,32.04999924
78.89999988,32.95000076
78.96099689,32.95000076
79.06400134,31.29999924
79.43399646,33.45000076
79.10099628,32.54999924
79.23899677,31.75
79.40900256,31.89999962
79.34400012,31.29999924
78.77000262,29.85000038
78.92200305,32.40000153
79.03600146,32.5
79.4479964,34.0
79.18600299,33.40000153
79.50900104,32.29999924
79.32600238,31.89999962
79.32800128,32.54999924
79.42600085,32.75
79.20599963,31.70000076
79.36399677,30.95000076
79.64900043,27.5
79.47099902,23.5
79.34400012,20.39999962
79.21600177,17.95000076
79.41999652,17.45000076
79.27200153,18.10000038
79.16000201,19.5
79.04199817,20.5
79.13999774,21.14999962
79.15599658,21.85000038
79.09699847,20.85000038
79.47900226,20.25
79.40800311,18.14999962
79.65700366,15.14999962
79.64199664,10.10000038
79.94299915,6.5
79.68500354,3.599999905
79.81400134,3.849999905
79.22700336,2.75
79.3680022,3.0
78.80599811,6.25
78.11299731,9.449999809
78.44100024,14.85000038
78.51699664,18.29999924
78.32400348,20.35000038
78.57800128,17.54999924
78.85400226,22.85000038
78.89800098,21.39999962
78.94900348,20.29999924
78.60500171,20.0
79.23200061,18.64999962
79.45599963,17.89999962
79.50800159,16.39999962
79.26399829,18.04999924
78.83299854,19.89999962
78.56300189,24.10000038
78.48799731,30.70000076
77.94900348,35.59999847
77.8660033,39.75
77.88100269,42.34999847
78.22599628,42.0
78.15199878,43.25
78.01199939,44.70000076
78.44299915,45.70000076
78.40499713,45.20000076
79.247,43.75
79.24999835,43.5
79.28300311,40.54999924
79.68900134,36.54999924
79.92899921,30.95000076
79.71600177,24.39999962
80.03800037,18.70000076
79.90599658,14.69999981
79.32600238,12.44999981
79.56799915,12.85000038
79.6200011,13.75
79.4230025,14.39999962
79.55100085,14.10000038
79.59899738,12.0
79.60899951,9.649999619
79.65599658,8.0
80.13500049,5.800000191
80.66499927,1.549999952
79.64199664,0.0
79.88100269,0.0
79.80299976,0.0
79.497,0.0
79.22499683,0.0
79.11199786,1.049999952
78.88899829,4.400000095
78.66200092,6.800000191
78.54700305,11.64999962
78.32600238,16.10000038
78.33800342,18.35000038
78.13500049,23.64999962
78.16899707,27.5
77.74799945,32.70000076
77.81699969,37.34999847
77.78200366,41.5
77.94499805,46.84999847
77.74600055,48.34999847
78.0709975,49.75
78.23599841,50.04999924
78.44000079,49.25
78.35999896,49.29999924
78.63300159,47.45000076
78.57400348,46.75
78.81799915,48.15000153
79.74999835,47.54999924
79.20200183,46.25
79.2529967,45.29999924
79.41699817,44.09999847
78.98499896,44.34999847
78.62499835,45.40000153
78.74799945,44.95000076
78.28200366,46.79999924
78.86199786,48.54999924
78.62100055,49.45000076
79.22099902,50.40000153
79.10300281,48.95000076
79.20000293,47.04999924
79.56300189,44.75
79.05499866,44.25
79.27300098,42.79999924
78.80499866,41.70000076
78.99600055,39.65000153
79.59599902,36.90000153
79.53700092,33.34999847
80.14199664,28.35000038
79.58000018,24.79999924
79.88699939,21.70000076
79.88500049,18.14999962
79.60500171,14.64999962
79.86299731,12.05000019
80.01800372,11.05000019
79.79199817,9.100000381
79.77999713,7.449999809
79.97700336,7.25
79.7450011,3.849999905
80.09999683,0.649999976
80.14600208,0.0
80.27999713,0.0
80.34999683,0.0
80.60099628,0.0
80.39600208,0.0
80.3229964,0.0
80.4459975,0.0
80.5480025,0.0
80.31200244,0.0
80.28899982,0.0
80.05399921,0.0
79.99799945,0.0
78.83299854,0.75
78.76599719,7.25
78.59100177,15.55000019
77.78700092,22.60000038
77.36499622,29.20000076
76.98200061,38.90000153
77.32199695,41.84999847
77.43199756,46.79999924
77.79499652,47.90000153
78.06400134,45.59999847
78.65099933,43.75
79.26499774,40.0
79.22299792,36.70000076
80.1200011,29.35000038
79.93700244,24.70000076
79.9910033,14.55000019
80.55499866,4.349999905
80.01699664,0.0
80.17700031,0.0
79.60400226,0.0
79.71199634,0.0
79.4930022,0.0
79.88200214,0.0
80.13100269,0.0
80.05100085,0.0
80.17200305,0.0
80.02100208,0.0
79.93299701,0.0
79.09799792,0.300000012
78.76599719,4.75
78.4459975,11.60000038
78.43800189,16.79999924
77.4250014,26.04999924
77.5009978,33.40000153
77.64500262,36.70000076
76.96900012,45.5
77.19100024,49.40000153
77.28300311,53.40000153
78.13799884,54.04999924
78.3229964,54.04999924
78.13899829,53.25
79.02300098,48.59999847
79.27200153,46.84999847
79.55699756,42.54999924
80.18299701,35.84999847
79.00400378,28.25
79.93399646,19.5
80.09999683,11.80000019
80.27300098,6.900000095
79.11299731,4.849999905
78.91499927,6.300000191
79.30799701,6.599999905
79.49799945,8.449999809
79.60600116,7.25
78.8229964,7.050000191
79.34699847,6.050000191
79.3759978,3.549999952
79.38699939,3.099999905
80.06600024,6.199999809
79.45000293,6.150000095
78.02799823,13.64999962
78.77999713,17.10000038
78.13799884,21.5
78.47499683,25.70000076
78.09999683,27.60000038
78.67200305,31.70000076
78.77200153,29.70000076
78.17999866,31.04999924
79.07700183,29.5
79.19100024,28.45000076
79.06600024,27.89999962
78.93500354,28.20000076
78.91100146,27.45000076
79.43700244,26.89999962
79.57199695,24.04999924
79.64199664,21.5
79.59899738,19.75
79.58099963,19.0
78.90599658,19.95000076
78.8209975,22.35000038
78.77599933,22.89999962
79.20500018,24.10000038
79.28800037,25.0
78.99600055,25.25
79.06600024,24.95000076
78.89900043,26.29999924
78.90700366,26.5
79.08299854,26.85000038
79.03899982,27.95000076
79.15599658,28.54999924
78.85800006,29.29999924
78.85400226,29.85000038
79.13400104,30.0
79.26099994,29.29999924
79.47599628,27.39999962
79.23599841,26.64999962
78.71400287,27.79999924
79.10099628,28.89999962
79.6730025,29.14999962
78.78200366,30.25
79.19100024,30.45000076
78.61700275,30.35000038
79.68900134,29.29999924
79.98999622,27.64999962
79.49200275,26.0
79.47399738,24.70000076
79.39400317,22.95000076
79.33099963,22.25
79.57400348,19.14999962
79.46700122,19.04999924
79.54399707,18.14999962
78.73300006,20.29999924
78.59999683,22.20000076
78.80799701,26.29999924
78.63400104,27.79999924
78.59300067,31.5
78.48300006,34.45000076
78.89600208,38.5
78.80699756,39.75
77.92400195,42.09999847
78.21900012,44.95000076
77.91000201,46.5
78.60700061,49.20000076
77.94499805,50.95000076
78.31100299,52.65000153
78.59200122,50.65000153
79.33399799,49.70000076
79.28099658,47.04999924
80.47900226,44.20000076
79.39600208,39.84999847
79.67600085,35.0
80.15700366,29.5
79.77400043,23.25
80.39700153,17.39999962
79.80299976,12.94999981
79.85899951,9.0
80.33199908,6.900000095
79.82900073,6.900000095
79.82800128,6.300000191
79.42799976,3.900000095
79.67600085,2.25
79.02999713,0.0
80.20300128,0.0
80.45500018,0.0
80.43600299,0.0
80.77599933,0.0
80.22199847,0.0
80.78999927,0.0
80.76599719,0.0
80.80599811,0.0
80.62900378,0.0
80.35899951,0.0
80.23300006,0.0
79.86299731,0.0
78.80499866,1.450000048
78.56699969,8.300000191
78.21300342,13.94999981
78.1200011,20.75
77.73699786,25.25
78.10300281,29.85000038
77.94000079,31.54999924
78.14700153,33.59999847
78.10700061,34.79999924
78.28500201,36.70000076
78.03600146,38.95000076
78.05200031,44.04999924
78.13100269,47.65000153
77.92200305,49.40000153
78.08199908,54.0
78.21900012,53.65000153
78.35500171,55.75
78.48000171,54.20000076
78.85700061,54.20000076
79.08800342,53.25
79.19900348,51.29999924
79.79099872,47.5
79.68800189,42.34999847
79.77899768,34.79999924
80.04700305,26.20000076
79.78200366,21.25
79.26000049,18.85000038
79.16300037,17.54999924
79.19299915,19.14999962
79.247,19.95000076
79.46099689,19.39999962
79.41000201,19.10000038
80.07800128,15.05000019
79.6160033,11.10000038
80.02599933,6.400000095
79.87299945,2.549999952
80.18600299,0.0
80.1239989,0.0
79.9910033,0.0
80.00199725,0.0
80.09999683,0.0
80.09400012,0.0
80.122,0.0
80.08699634,0.0
80.03600146,0.0
80.01900317,0.0
80.37100055,0.0
79.69199969,0.0
79.51399829,0.550000012
78.81699969,4.5
78.23599841,10.44999981
78.14400317,15.80000019
78.38400104,20.95000076
78.1710036,24.20000076
78.45799854,23.64999962
78.98499896,22.54999924
79.08299854,20.89999962
79.10999896,20.0
80.51099994,18.85000038
79.58099963,16.29999924
79.25700214,15.89999962
79.00199725,17.54999924
78.87299945,19.60000038
78.5500014,23.89999962
78.41100146,28.45000076
78.36900165,32.65000153
78.11700275,36.95000076
77.42400195,42.04999924
77.52699878,46.15000153
77.55599811,51.40000153
77.6979964,56.90000153
77.56400134,59.34999847
77.8189986,63.40000153
78.01199939,65.05000305
78.36499622,65.75
78.31400134,62.29999924
78.97199847,60.79999924
79.31699969,56.95000076
79.60099628,49.79999924
79.64400317,43.79999924
79.97099902,32.84999847
80.23100116,27.14999962
80.27999713,18.64999962
80.05100085,10.89999962
79.6259978,7.550000191
79.51000049,8.699999809
78.99200275,11.14999962
78.71300342,13.10000038
78.41300037,15.60000038
78.64999988,17.79999924
78.20400073,19.45000076
78.45100238,21.60000038
78.68500354,23.39999962
78.3779967,23.85000038
78.68600299,27.0
78.85800006,25.79999924
79.08099963,25.5
79.23100116,25.0
79.01599719,23.29999924
79.58099963,22.5
79.39600208,20.79999924
79.4250014,18.35000038
79.73499896,16.35000038
79.45599963,16.39999962
79.3660033,16.54999924
79.08199908,17.85000038
79.22599628,17.54999924
79.19499805,18.85000038
79.11399677,21.04999924
78.98999622,22.85000038
78.97299792,24.64999962
79.22900226,25.35000038
78.71099689,25.89999962
79.19900348,26.0
79.20000293,25.5
79.29299762,23.04999924
79.9950011,20.95000076
79.84499957,17.60000038
80.01099994,14.5
79.65099933,12.19999981
79.6710036,9.850000381
79.66399982,8.350000381
79.56000354,7.099999905
79.14500262,9.699999809
79.06699969,10.75
79.16300037,13.14999962
79.13400104,13.69999981
79.34599902,13.55000019
79.31699969,12.44999981
79.73499896,11.39999962
80.07700183,8.199999809
80.27699878,3.799999952
80.26299884,0.0
80.26800372,0.0
80.38500049,0.0
80.41899707,0.0
80.41200092,0.0
80.57900073,0.0
80.78300311,0.0
81.03099658,0.0
80.90900256,0.0
81.19100024,0.0
81.09599902,0.0
81.21800067,0.0
80.46999957,0.0
79.96600177,0.0
79.31300189,0.0
78.57400348,7.800000191
77.78500201,16.35000038
77.77699878,27.35000038
77.38799884,34.34999847
77.83299854,39.0
77.43900134,41.70000076
77.59000232,42.79999924
77.8209975,44.20000076
78.28899982,44.5
78.53400256,43.79999924
78.15499713,43.20000076
78.92999866,42.15000153
78.6979964,41.29999924
79.40399768,40.45000076
79.10999896,38.95000076
79.64900043,37.0
79.44299915,33.95000076
79.4950011,30.60000038
79.56500079,26.54999924
79.05299976,24.60000038
79.49799945,22.64999962
79.45899799,21.29999924
79.59300067,21.20000076
79.22900226,20.95000076
79.39400317,21.20000076
79.21999957,20.79999924
79.35800006,22.54999924
78.95300128,23.75
79.21400287,24.45000076
79.04099872,24.39999962
79.19299915,24.70000076
79.06799915,25.64999962
79.07800128,26.14999962
79.5500014,26.04999924
79.29099872,24.85000038
79.50199725,23.0
80.00400378,20.64999962
79.44299915,18.70000076
79.09100177,19.20000076
78.81200244,21.04999924
78.88100269,23.0
78.39500262,24.64999962
78.96600177,26.45000076
78.89600208,25.89999962
79.03099658,25.04999924
79.53700092,23.35000038
79.53700092,20.25
79.747,17.25
79.57700183,13.39999962
79.60800006,8.5
79.80499866,5.949999809
79.56300189,7.050000191
79.34999683,9.350000381
78.85999896,10.89999962
78.9210036,13.5
78.79099872,14.60000038
78.92799976,16.25
78.80599811,17.85000038
78.62699725,19.79999924
78.63699939,22.20000076
78.65099933,24.54999924
78.5689986,27.14999962
78.58499744,30.75
78.28800037,31.0
78.80200031,29.75
78.55699756,29.75
79.03300311,29.10000038
79.27899768,27.79999924
79.39400317,26.79999924
79.63100269,25.10000038
78.98100116,22.14999962
79.4930022,19.29999924
79.67700031,18.54999924
78.83499744,18.25
79.14400317,20.29999924
78.88000323,24.0
78.5729964,27.75
78.75199725,31.60000038
78.84300067,29.5
79.17999866,27.95000076
79.09899738,26.29999924
79.94199969,25.64999962
79.17700031,21.54999924
79.60200336,18.54999924
79.46600177,17.89999962
79.07199695,19.0
78.71400287,21.89999962
79.02599933,24.89999962
78.3680022,29.39999962
78.02799823,33.25
78.17899921,36.70000076
78.35500171,37.65000153
78.63799884,37.09999847
78.98899677,35.90000153
79.34599902,34.90000153
79.48999622,32.79999924
79.63300159,29.5
79.66499927,24.89999962
79.7489989,20.79999924
79.60200336,17.60000038
79.62699725,16.20000076
79.00900104,18.25
78.68600299,19.75
79.45599963,21.0
78.66200092,21.85000038
79.16599872,21.39999962
79.34799792,20.29999924
79.4210036,19.79999924
79.24400165,19.70000076
79.58800342,17.70000076
79.97499683,13.75
79.92700031,8.449999809
79.57400348,6.550000191
79.48799731,6.75
79.21700122,9.199999809
79.08499744,11.64999962
78.51399829,17.04999924
78.8000014,19.79999924
79.15299823,21.04999924
78.91399982,22.04999924
78.7489989,22.45000076
78.89800098,21.70000076
79.53899982,21.45000076
79.17799976,20.75
78.92600085,20.5
79.4439986,19.5
79.31500079,18.29999924
79.46700122,17.10000038
79.13899829,17.35000038
79.31600024,17.89999962
79.39400317,17.70000076
79.22900226,19.35000038
79.27699878,19.85000038
78.83800342,20.95000076
78.87499835,22.04999924
78.90800311,26.95000076
78.95999744,24.95000076
78.9910033,24.75
79.70500018,20.70000076
79.82199695,17.85000038
79.2980025,15.55000019
79.27599933,16.25
79.15499713,16.20000076
79.60300281,14.80000019
79.41300037,13.60000038
79.56699969,12.55000019
80.01599719,10.05000019
79.46099689,7.449999809
80.05200031,3.549999952
79.68299701,0.0
79.41499927,0.0
80.1160033,0.0
79.98799731,0.0
80.372,0.0
79.82400348,0.0
78.8189986,0.0
78.91699817,4.25
78.2489989,9.699999809
78.65499713,15.14999962
77.87900378,20.20000076
77.83199908,24.39999962
78.10200336,27.39999962
78.32199695,28.85000038
78.5029967,29.29999924
78.3739989,30.85000038
78.21300342,33.29999924
78.43500354,35.29999924
78.23100116,37.15000153
78.47900226,41.59999847
78.13300159,44.70000076
77.91599872,49.54999924
77.80100085,53.65000153
77.93500354,56.0
77.70500018,55.79999924
77.57199695,55.20000076
78.28600146,53.65000153
79.05899646,52.0
79.69100024,49.04999924
79.27599933,42.95000076
80.26800372,35.70000076
79.6160033,26.54999924
79.1939986,23.64999962
79.93399646,19.0
79.64600208,16.20000076
79.37699725,14.80000019
79.72700336,11.05000019
79.88699939,8.25
79.68600299,9.050000191
79.48999622,8.550000191
79.6730025,7.900000095
79.46300342,6.699999809
79.73100116,5.150000095
79.71500232,3.349999905
79.69299915,0.0
79.93600299,0.0
79.73300006,0.0
79.94199969,0.0
80.7529967,0.0
79.25900104,0.0
79.58299854,0.0
79.03500201,3.049999952
78.26900317,12.14999962
78.3759978,17.60000038
77.98200061,24.35000038
77.22099902,30.14999962
77.42400195,38.09999847
77.14300372,43.54999924
76.872,49.45000076
77.19900348,56.84999847
76.91300037,60.0
77.2489989,63.54999924
77.60099628,64.55000305
77.76800372,64.09999847
78.01800372,62.84999847
78.12900378,62.70000076
78.59599902,62.34999847
78.872,61.40000153
79.40599658,58.15000153
79.39800098,53.5
79.86499622,44.20000076
79.86399677,33.25
80.0709975,25.20000076
79.23300006,18.89999962
79.38400104,16.64999962
79.89900043,19.39999962
79.10400226,19.79999924
79.00700214,22.5
78.70899799,22.89999962
79.20300128,24.25
78.5729964,24.54999924
78.88899829,25.29999924
78.55599811,26.75
79.22399738,26.20000076
79.07500293,26.29999924
79.16799762,25.0
79.51699664,25.5
79.34999683,26.04999924
78.66799762,25.54999924
79.07600238,25.79999924
79.12100055,25.5
79.16300037,24.35000038
78.9459975,23.85000038
79.09599902,23.25
79.62699725,23.5
79.08900287,22.0
79.24400165,24.35000038
79.13999774,22.70000076
79.46999957,23.60000038
79.15900256,23.95000076
79.12100055,24.04999924
78.96700122,25.0
79.22599628,23.45000076
79.68399646,20.89999962
79.95400073,17.10000038
79.96900012,10.35000038
80.13999774,2.799999952
80.16999652,0.0
80.80899646,0.0
80.64400317,0.0
80.81999805,0.0
81.20999744,0.0
79.9989989,0.0
80.50500323,0.0
79.64600208,0.0
79.21500232,1.100000024
78.33699634,9.75
77.91599872,19.54999924
77.06799915,28.14999962
77.19299915,34.75
77.64300372,38.15000153
77.66000201,39.95000076
77.98000171,40.20000076
78.27300098,41.79999924
77.95699908,36.59999847
79.61399677,33.59999847
79.72299792,27.89999962
80.12699725,19.60000038
80.33199908,8.949999809
80.30100085,0.75
79.81300189,0.0
79.77899768,0.0
79.95200183,0.0
78.78099658,0.0
79.21800067,2.450000048
79.12499835,4.400000095
79.08900287,6.699999809
78.84899738,8.550000191
79.06500079,9.600000381
79.1979964,9.649999619
79.18500354,9.449999809
79.06200244,8.5
79.27699878,9.300000191
79.65299823,9.199999809
79.47700336,8.649999619
79.03899982,8.199999809
79.55499866,7.699999809
81.31200244,7.75
79.20400073,10.0
79.19100024,12.35000038
78.59200122,14.75
78.51900317,19.14999962
78.6279967,22.95000076
78.52499988,24.64999962
78.36499622,26.29999924
78.6200011,26.70000076
78.78500201,27.04999924
78.97499683,27.54999924
78.98699786,28.10000038
79.01000049,28.14999962
79.14400317,28.35000038
79.48200061,26.20000076
79.20100238,24.79999924
79.1200011,23.04999924
79.20000293,23.04999924
79.32900073,27.79999924
78.67899921,33.54999924
77.55499866,39.90000153
77.4910033,47.75
77.04399707,55.5
77.3000014,62.75
77.30200031,64.59999847
77.58599689,65.05000305
77.77599933,64.90000153
78.39999988,61.79999924
78.97499683,58.29999924
79.31999805,53.75
79.3779967,47.0
79.89800098,42.40000153
80.09699847,32.40000153
80.34100177,22.10000038
80.22399738,13.39999962
79.76599719,8.699999809
79.71800067,8.699999809
79.48100116,10.19999981
79.31400134,11.69999981
79.38200214,11.14999962
79.40700366,11.94999981
79.44100024,11.35000038
79.64600208,10.05000019
79.59499957,7.349999905
79.997,4.949999809
80.09000232,1.700000048
79.50500323,0.649999976
79.22499683,3.150000095
78.56400134,7.199999809
78.36900165,14.30000019
77.90700366,20.79999924
77.99400165,26.39999962
78.2450011,28.20000076
78.21800067,32.34999847
78.31500079,33.29999924
78.13300159,32.5
78.68700244,30.54999924
78.01000049,30.35000038
78.95000293,30.29999924
79.5689986,29.35000038
79.63999774,26.25
79.60500171,18.29999924
80.38999774,8.899999619
80.12299945,0.949999988
79.96900012,0.0
79.39900043,0.200000003
78.97499683,2.5
78.77400043,6.0
78.54700305,11.39999962
78.15900256,14.85000038
78.28400256,18.85000038
78.18900134,21.45000076
77.78899982,28.79999924
77.98100116,30.95000076
77.59100177,38.0
77.32900073,43.70000076
77.50500323,47.90000153
77.59300067,50.09999847
77.58900287,52.25
78.4439986,53.04999924
78.34400012,51.59999847
78.18099811,49.54999924
78.9210036,49.40000153
78.82400348,47.59999847
79.46900012,46.79999924
79.45899799,43.09999847
80.93900134,38.29999924
79.75500323,30.25
79.52200153,23.39999962
79.76699664,17.54999924
78.92999866,16.64999962
79.54700305,20.0
79.58299854,15.89999962
80.44299915,14.25
79.60500171,12.69999981
79.95699908,10.25
79.80499866,9.550000191
79.97399738,6.449999809
79.54399707,2.400000095
80.01699664,0.0
80.13500049,0.0
79.91000201,0.0
79.47800281,0.0
79.372,0.0
79.21400287,0.0
78.47900226,0.0
78.0480025,0.0
77.53400256,5.800000191
77.13799884,19.89999962
76.31000354,34.04999924
76.06400134,48.59999847
76.13100269,56.34999847
76.28500201,56.75
77.06500079,53.04999924
77.16000201,53.59999847
78.15099933,51.5
78.40900256,49.09999847
78.52200153,46.59999847
78.98699786,44.29999924
79.74799945,37.20000076
79.78300311,28.35000038
80.2980025,20.0
79.97399738,14.0
79.55299976,12.44999981
79.36099841,13.55000019
78.95999744,16.04999924
78.71199634,19.25
78.6750014,23.29999924
78.28500201,27.04999924
78.4910033,32.0
78.55699756,33.29999924
78.24799945,37.09999847
77.65900256,44.15000153
78.20400073,39.70000076
78.86900165,35.84999847
79.72800281,33.5
80.04399707,29.39999962
80.22700336,18.5
80.30299976,8.399999619
80.19900348,4.150000095
79.40599658,1.850000024
79.3739989,1.399999976
79.18600299,4.150000095
79.58000018,5.099999905
79.70699908,5.349999905
79.16200092,6.199999809
79.09699847,5.599999905
79.36900165,6.449999809
79.29900195,7.550000191
79.1239989,6.800000191
79.36099841,9.449999809
78.84000232,11.80000019
78.58299854,13.60000038
78.58699634,17.85000038
78.29900195,22.79999924
78.25700214,27.29999924
78.00400378,35.25
77.46800067,41.75
77.52499988,45.79999924
77.54099872,51.20000076
77.34300067,53.29999924
77.89999988,54.84999847
77.93600299,54.29999924
78.31500079,55.09999847
78.39600208,53.09999847
78.59400012,53.0
79.28600146,52.84999847
79.16799762,51.45000076
79.1730025,49.45000076
79.27000262,47.54999924
78.69100024,45.0
79.2509978,43.79999924
78.95699908,45.09999847
79.16699817,43.40000153
79.98300006,40.0
79.6750014,35.84999847
79.80699756,30.45000076
79.68600299,24.25
79.61199786,20.79999924
79.28999927,16.95000076
79.3189986,15.60000038
78.82900073,15.64999962
79.01199939,17.35000038
78.99999835,20.54999924
79.2430022,21.70000076
78.7410033,24.25
78.80799701,24.79999924
78.85300281,26.04999924
78.7410033,26.20000076
79.50500323,26.35000038
79.16399982,25.70000076
79.03999927,26.5
78.91000201,26.85000038
79.41200092,26.10000038
79.14400317,27.5
79.32600238,26.45000076
79.23399951,25.95000076
79.68399646,25.20000076
79.61399677,23.75
79.42200305,22.95000076
79.4210036,23.04999924
79.13500049,24.35000038
79.34400012,25.04999924
79.09599902,25.25
78.89500262,27.14999962
79.33299854,27.25
79.16000201,25.79999924
79.25900104,26.35000038
79.2410033,25.39999962
79.44499805,24.95000076
79.45899799,25.25
79.20100238,24.70000076
79.36900165,25.29999924
78.96400287,22.95000076
79.68299701,23.29999924
79.62499835,22.25
79.2960036,21.29999924
79.20000293,22.64999962
78.98699786,22.60000038
79.06100299,23.10000038
79.36700275,24.39999962
79.00500323,24.85000038
79.48699786,21.70000076
79.58800342,19.54999924
80.81999805,12.30000019
80.10899951,3.700000048
80.14099719,0.0
79.96600177,0.0
80.06799915,0.0
79.84000232,0.0
79.872,0.0
79.89500262,0.0
80.2410033,0.0
79.96900012,0.0
80.31000354,0.0
80.46300342,0.0
80.41699817,0.0
80.31400134,0.0
80.16499927,0.0
80.01299884,0.0
79.77799823,0.0
79.46600177,0.050000001
79.03800037,7.550000191
78.26199939,15.14999962
78.18700244,21.89999962
77.63100269,28.04999924
77.58099963,31.39999962
77.87299945,32.79999924
78.41699817,34.70000076
78.41799762,36.20000076
78.27499988,36.75
78.31200244,37.40000153
78.26699664,42.5
78.04700305,43.15000153
78.02499988,47.0
77.997,48.54999924
78.27100208,51.40000153
77.88599994,54.40000153
78.05799701,55.59999847
78.30299976,56.34999847
78.67400195,55.09999847
79.03400256,52.70000076
79.43700244,52.90000153
79.72800281,45.79999924
80.10500171,35.40000153
80.50199725,22.64999962
80.03500201,11.64999962
80.04399707,4.5
79.60899951,3.700000048
78.84599902,6.449999809
78.3739989,13.64999962
77.25900104,24.0
77.70300128,28.79999924
77.9950011,31.54999924
78.10400226,33.75
78.02999713,33.5
78.88799884,33.95000076
78.53999927,33.25
78.92600085,31.14999962
78.9930022,30.35000038
79.58000018,28.60000038
79.55599811,28.95000076
79.45200183,26.20000076
79.57400348,23.25
79.23399951,20.39999962
80.33499744,20.04999924
79.26499774,19.95000076
79.11299731,20.29999924
79.2430022,22.75
79.27100208,22.64999962
79.21199634,23.95000076
79.30499866,24.25
79.93199756,23.20000076
79.35400226,24.39999962
79.76499774,23.60000038
79.34999683,23.14999962
79.44499805,22.35000038
79.29900195,22.29999924
79.47499683,21.60000038
79.70699908,20.14999962
79.35600116,20.29999924
79.20599963,22.45000076
78.93800189,23.75
79.10899951,24.64999962
79.59000232,24.75
79.33399799,24.54999924
79.05699756,24.75
79.79700305,19.0
79.58800342,15.94999981
79.82400348,13.14999962
79.36499622,11.05000019
79.27999713,13.05000019
78.96900012,15.10000038
78.28500201,21.85000038
78.53400256,25.0
78.15499713,29.04999924
78.3209975,30.29999924
78.4459975,32.34999847
78.70599963,33.45000076
78.75199725,33.0
79.20200183,31.39999962
79.26399829,30.10000038
79.15199878,30.64999962
79.25400378,28.89999962
79.28300311,27.25
79.5500014,23.95000076
79.60500171,15.35000038
78.97099902,4.900000095
78.7410033,0.0
78.06600024,0.0
77.6959975,0.0
78.14199664,0.0
77.34400012,0.0
77.11499622,0.0
76.65700366,0.0
76.85400226,2.549999952
76.69100024,5.050000191
76.72599628,7.0
76.43500354,6.5
76.98499896,10.85000038
76.78400256,13.75
77.14700153,15.39999962
77.63899829,22.14999962
78.16300037,27.54999924
78.34200122,25.29999924
78.88699939,22.25
79.29099872,17.89999962
79.66200092,14.80000019
79.39300372,11.25
79.66300037,10.25
79.27000262,10.44999981
79.30399921,11.35000038
78.73899677,16.5
78.60200336,20.79999924
78.3189986,25.60000038
77.95400073,29.35000038
78.50199725,31.64999962
78.40199878,33.5
78.50199725,33.25
78.85800006,32.84999847
78.82600238,32.09999847
78.872,31.85000038
79.23200061,31.79999924
78.95200183,32.90000153
78.8000014,34.65000153
78.38799884,39.04999924
77.88999774,45.25
78.06100299,48.70000076
78.00600269,51.70000076
78.29399707,51.70000076
78.21800067,52.70000076
78.35999896,51.54999924
78.98000171,48.04999924
79.31400134,45.65000153
79.30599811,42.95000076
79.57800128,38.95000076
79.79399707,34.04999924
80.16200092,27.85000038
80.01599719,19.45000076
80.0009978,11.39999962
80.76299884,3.900000095
80.39999988,0.0
79.96300342,0.0
80.1730025,0.0
80.03200366,0.0
79.6200011,0.0
79.76000049,0.0
80.21600177,0.0
80.07500293,0.0
79.70000293,0.0
79.55200031,0.0
79.38300159,0.0
79.45300128,3.400000095
78.73599841,7.550000191
78.35500171,14.60000038
78.02100208,19.5
78.02100208,22.39999962
78.43199756,23.85000038
78.97900226,24.45000076
78.65800311,25.35000038
79.13599994,25.20000076
78.94900348,25.39999962
78.91000201,25.45000076
78.92200305,25.04999924
79.16200092,25.54999924
78.97199847,25.79999924
79.38200214,25.64999962
79.44699695,25.14999962
79.45500018,24.14999962
79.32600238,23.54999924
79.32500293,23.45000076
79.26699664,22.89999962
79.20100238,22.64999962
79.33900287,22.5
79.52699878,22.10000038
79.43600299,22.35000038
79.19000079,22.89999962
79.36700275,22.5
79.69199969,20.5
78.59200122,17.60000038
79.59499957,17.39999962
79.31100299,18.45000076
79.20699908,20.25
78.99200275,22.45000076
78.96800067,22.75
79.10300281,23.79999924
79.52599933,22.95000076
78.89900043,23.25
79.22900226,23.29999924
79.23300006,23.79999924
79.26900317,23.25
79.62299945,22.85000038
79.17200305,23.89999962
79.22700336,23.60000038
79.18500354,23.70000076
79.4989989,22.85000038
79.81000354,22.70000076
79.23699786,21.70000076
79.33499744,21.04999924
79.372,21.04999924
79.48399951,22.25
79.6239989,22.5
79.21700122,22.64999962
79.09300067,23.75
79.1750014,23.95000076
79.61900165,23.79999924
79.29199817,24.10000038
79.27400043,22.64999962
79.31999805,23.10000038
79.22800281,23.35000038
79.25700214,23.5
79.10700061,23.25
79.34699847,24.75
79.03300311,25.0
78.747,26.25
79.14600208,25.89999962
79.03099658,26.64999962
79.27999713,26.95000076
79.21800067,26.60000038
79.04199817,26.79999924
79.42200305,27.45000076
79.02400043,27.20000076
79.31999805,27.29999924
79.43399646,26.04999924
79.3779967,25.20000076
79.60300281,23.35000038
79.25700214,22.89999962
79.39099719,21.29999924
79.45500018,21.60000038
79.20899799,22.60000038
79.02599933,23.45000076
79.23799731,23.85000038
79.15099933,24.14999962
79.2960036,24.89999962
79.12299945,25.0
79.26499774,25.54999924
79.22499683,24.5
79.46400287,23.95000076
78.95899799,23.45000076
79.49799945,21.64999962
79.35800006,21.89999962
78.89199664,21.95000076
78.6939986,23.64999962
79.10300281,25.79999924
78.89800098,29.54999924
78.27200153,34.90000153
78.11900165,41.79999924
78.02200153,46.75
77.98100116,50.75
77.94299915,53.90000153
77.98699786,55.40000153
78.37299945,54.09999847
78.80499866,51.15000153
79.04199817,49.45000076
79.31100299,46.5
79.86299731,41.84999847
79.70999744,35.70000076
80.23300006,28.60000038
79.59100177,22.64999962
80.12100055,16.20000076
79.61900165,11.80000019
79.872,6.849999905
79.48499896,5.650000095
79.48399951,5.800000191
79.29700305,6.150000095
79.45000293,7.150000095
79.60500171,5.949999809
79.53800037,5.599999905
79.81000354,3.650000095
79.58199908,2.599999905
79.69699695,1.299999952
79.60800006,1.299999952
79.68900134,1.299999952
79.19900348,4.0
78.91599872,6.75
78.5500014,13.60000038
78.36399677,19.25
78.27000262,23.35000038
78.23799731,27.20000076
78.3189986,28.10000038
78.41499927,29.20000076
78.33699634,29.79999924
78.72199847,28.95000076
78.88000323,28.60000038
78.87299945,27.35000038
79.32600238,28.10000038
78.88599994,28.5
79.08499744,26.70000076
79.6180022,25.70000076
79.24799945,24.89999962
79.00400378,25.10000038
79.2980025,26.20000076
79.08699634,27.0
79.05499866,26.0
79.3680022,25.89999962
79.43099811,25.75
79.06999805,25.64999962
79.29399707,26.60000038
79.33199908,25.5
79.39199664,25.14999962
79.02200153,24.54999924
79.27200153,23.5
79.03300311,22.10000038
79.54399707,21.79999924
79.6200011,21.75
79.25500323,23.20000076
79.15099933,24.10000038
79.02300098,25.5
79.01699664,25.89999962
78.6979964,27.75
78.59699847,28.64999962
78.26299884,33.75
78.27400043,38.25
78.27699878,43.90000153
78.10800006,46.90000153
78.02999713,47.25
78.29299762,50.70000076
78.23499896,48.75
79.09499957,43.54999924
79.31200244,40.75
79.52100208,36.90000153
79.95599963,31.75
80.497,19.20000076
80.41399982,8.25
79.91399982,1.25
79.76800372,0.0
79.39199664,0.75
79.08599689,3.200000048
79.07900073,5.050000191
79.15499713,6.099999905
79.31200244,8.100000381
78.9439986,9.850000381
78.91799762,14.14999962
77.78200366,16.20000076
78.4910033,19.35000038
78.59499957,22.75
78.64500262,24.25
78.55599811,25.39999962
78.52699878,27.29999924
78.83299854,27.35000038
78.94900348,26.04999924
79.01299884,25.85000038
79.08099963,26.64999962
79.41799762,26.45000076
78.92200305,25.54999924
79.23599841,25.29999924
79.48000171,24.10000038
79.30899646,22.85000038
79.39199664,21.70000076
79.78899982,20.89999962
79.51000049,19.39999962
79.30599811,19.95000076
79.26499774,22.14999962
78.94900348,23.35000038
78.93900134,25.20000076
79.12699725,24.89999962
79.11399677,25.25
78.87499835,25.29999924
79.11199786,23.89999962
79.45000293,23.70000076
79.46300342,23.20000076
78.96500232,21.85000038
79.40800311,21.85000038
79.35800006,22.35000038
79.63599994,22.10000038
79.29199817,22.25
79.27300098,22.10000038
79.40099933,21.04999924
79.09999683,21.54999924
79.10600116,23.95000076
78.69199969,28.64999962
78.31799915,32.79999924
78.23799731,37.90000153
77.91100146,42.45000076
77.93199756,46.09999847
77.8700011,48.70000076
77.76399829,50.54999924
78.09400012,52.0
78.55599811,51.40000153
78.5460036,51.84999847
78.34799792,52.79999924
78.52100208,52.70000076
78.67700031,54.59999847
78.81200244,53.54999924
78.80299976,51.79999924
79.21900012,30.79999924
78.60899951,0.0
76.68500354,0.0
74.56400134,0.0
72.83900287,0.0
71.07700183,0.0
69.01199939,0.0
68.12699725,0.0
66.85800006,0.0
66.10899951,0.0
65.03999927,0.0
64.25400378,0.0
63.25300052,0.0
62.66900089,0.0
61.66699817,0.0
61.32200076,10.39999962
61.52099826,38.20000076
62.49799945,43.0
63.52499988,33.45000076
63.80900027,17.14999962
63.80399921,0.0
63.66900089,6.5
64.39700153,7.800000191
64.32500293,20.54999924
64.93800189,24.04999924
65.34300067,25.0
66.28600146,29.60000038
67.497,23.89999962
68.3779967,19.95000076
68.62100055,24.5
69.59000232,31.35000038
69.66399982,31.0
70.65499713,10.94999981
70.93900134,37.04999924
71.02499988,43.95000076
71.3739989,48.90000153
72.63500049,53.29999924
73.02200153,59.90000153
74.78600146,62.29999924
74.76900317,63.25
75.88999774,64.34999847
77.27499988,59.40000153
78.3680022,55.84999847
78.84499957,48.95000076
79.90700366,44.5
80.74600055,32.45000076
80.79199817,18.70000076
80.27300098,9.050000191
79.8779967,3.549999952
79.53099658,2.650000095
78.80200031,6.25
78.92200305,13.35000038
78.45100238,16.75
78.38000323,21.85000038
78.40399768,23.89999962
78.39500262,24.95000076
78.83000018,24.85000038
78.68900134,23.14999962
79.1180022,23.29999924
79.11399677,22.60000038
79.40199878,23.45000076
79.61900165,21.20000076
79.81600024,17.04999924
80.2450011,10.64999962
80.17400195,3.849999905
80.22700336,0.0
80.22399738,0.0
80.16999652,0.0
80.44199969,0.0
81.15599658,0.0
81.17600085,0.0
81.54099872,0.0
81.91499927,0.0
81.85999896,0.0
82.26299884,0.0
82.0480025,0.0
81.54399707,0.0
80.81300189,0.0
80.38100269,0.0
79.40900256,0.0
79.11700275,3.849999905
78.20000293,11.14999962
77.91300037,19.60000038
78.14500262,23.25
78.24799945,25.64999962
78.29900195,26.45000076
78.33399799,29.29999924
78.37699725,28.89999962
78.56000354,29.89999962
79.06100299,30.85000038
79.01099994,29.25
79.09899738,28.60000038
78.9950011,28.60000038
79.06200244,28.29999924
79.31600024,26.79999924
79.49799945,25.45000076
79.38699939,23.10000038
79.21600177,21.54999924
79.34799792,21.39999962
79.04399707,22.10000038
79.18700244,22.85000038
79.33399799,24.54999924
78.9479964,24.95000076
79.1180022,24.95000076
79.20599963,24.45000076
79.23300006,24.10000038
79.1959975,25.14999962
79.32900073,24.10000038
79.39099719,22.79999924
79.26000049,23.20000076
79.27999713,24.45000076
79.34699847,24.04999924
79.16999652,24.20000076
79.29199817,24.10000038
79.08399799,24.10000038
79.33299854,22.75
79.60300281,21.85000038
79.95300128,20.25
79.39900043,19.14999962
79.46800067,18.0
79.30399921,18.14999962
79.23699786,18.75
79.10700061,19.35000038
78.88200214,20.70000076
79.1259978,20.95000076
79.27799823,21.35000038
79.0009978,22.35000038
78.69100024,23.70000076
78.70300128,24.54999924
79.00400378,26.04999924
79.26299884,26.70000076
79.35999896,26.75
79.22900226,26.20000076
79.19299915,26.89999962
79.14500262,27.35000038
79.27200153,27.25
79.27699878,26.39999962
79.38999774,25.85000038
79.35099628,25.20000076
79.35700061,24.25
79.27999713,22.95000076
79.14700153,23.0
79.21600177,23.45000076
79.11499622,24.29999924
79.25900104,24.45000076
79.16899707,24.60000038
79.21099689,24.20000076
79.45300128,24.20000076
79.1279967,23.75
79.41000201,23.5
79.20799854,24.0
79.09300067,24.0
79.14600208,25.54999924
78.71300342,27.95000076
78.39500262,31.0
78.37699725,35.90000153
78.122,40.5
77.78999927,45.54999924
78.38100269,48.20000076
78.36399677,48.45000076
78.35800006,47.65000153
78.82600238,45.40000153
79.01800372,44.04999924
79.48699786,40.75
79.64099719,36.90000153
80.00900104,30.79999924
79.59699847,26.54999924
80.01000049,20.64999962
79.65199878,17.39999962
79.53600146,15.0
79.26000049,15.05000019
79.06600024,16.64999962
79.0480025,19.20000076
79.04099872,21.39999962
78.79399707,22.79999924
78.71900012,24.25
78.70100238,26.10000038
78.80100085,24.89999962
79.02000262,24.60000038
79.31999805,23.64999962
79.46800067,22.70000076
79.50700214,19.39999962
79.33199908,18.04999924
79.32400348,18.35000038
79.26199939,18.5
79.43700244,18.89999962
79.64300372,18.5
79.65099933,17.89999962
79.60099628,16.39999962
79.89500262,14.55000019
79.8229964,11.0
79.9459975,7.0
80.08099963,4.0
79.72599628,1.049999952
80.0709975,0.0
79.92700031,0.0
79.7450011,0.0
79.22199847,0.0
79.05699756,3.049999952
78.81500079,7.650000095
78.51000049,9.649999619
78.82800128,13.55000019
78.19000079,19.39999962
78.16999652,21.70000076
78.49400165,23.39999962
78.2980025,25.35000038
78.84799792,25.45000076
78.36399677,25.54999924
78.92700031,24.95000076
79.21700122,25.45000076
79.10899951,24.70000076
79.93199756,24.79999924
79.16399982,24.79999924
79.14099719,23.95000076
79.65499713,22.64999962
79.3229964,22.39999962
79.36499622,21.60000038
79.16100146,22.0
79.48499896,22.70000076
79.18900134,21.89999962
79.50500323,21.04999924
79.15099933,21.5
79.21900012,22.60000038
79.47900226,22.10000038
79.28500201,22.60000038
79.24400165,23.64999962
79.10999896,23.25
79.23000171,23.5
79.15499713,23.70000076
79.38300159,23.89999962
79.12699725,24.60000038
79.30200031,24.04999924
79.18900134,23.64999962
79.23899677,24.85000038
79.21199634,25.64999962
78.84300067,27.39999962
78.86099841,29.0
78.6259978,32.5
78.31300189,37.59999847
78.18800189,40.54999924
78.4250014,43.84999847
78.35200336,43.95000076
78.62299945,45.20000076
78.87499835,43.5
78.85600116,43.04999924
79.43299701,40.84999847
79.53400256,37.40000153
79.99200275,31.14999962
80.03999927,24.25
80.34000232,18.45000076
79.94299915,11.69999981
79.62499835,9.199999809
79.64999988,8.699999809
79.21800067,10.60000038
79.58800342,11.85000038
79.25600269,13.10000038
79.18099811,13.25
79.4230025,13.39999962
79.47199847,12.19999981
79.46199634,9.550000191
79.53400256,7.0
79.36900165,6.949999809
79.10500171,8.449999809
78.92200305,11.39999962
78.53999927,18.75
77.98699786,23.45000076
77.70300128,31.10000038
77.62299945,36.75
77.58399799,40.70000076
77.84000232,44.45000076
77.98000171,46.59999847
78.17799976,47.45000076
78.25199725,46.70000076
78.19299915,46.25
78.70500018,45.0
78.82700183,44.40000153
79.14099719,44.40000153
79.26499774,43.79999924
79.21900012,43.15000153
79.21500232,42.25
79.55200031,39.25
79.60099628,36.09999847
79.19000079,32.15000153
79.66100146,28.95000076
79.54299762,24.95000076
79.64900043,22.29999924
79.31200244,21.54999924
79.21700122,22.35000038
79.09499957,25.20000076
79.29299762,28.25
79.60600116,20.25
79.63999774,17.45000076
79.84799792,11.94999981
79.82800128,8.899999619
79.91799762,5.550000191
79.60700061,5.25
79.50900104,4.699999809
79.68299701,4.949999809
79.52599933,4.199999809
79.44900348,4.0
79.27200153,4.849999905
79.28400256,5.599999905
79.40199878,5.400000095
79.46700122,6.349999905
79.34300067,8.0
79.49600055,6.150000095
79.36199786,6.199999809
78.84200122,8.449999809
79.09599902,9.050000191
78.9930022,13.69999981
78.59699847,18.25
78.06999805,24.39999962
77.85600116,29.10000038
77.77400043,35.25
77.88200214,40.59999847
77.4230025,46.5
77.2980025,50.20000076
77.55899646,53.75
77.66100146,55.20000076
78.25199725,53.79999924
78.2960036,52.5
78.39999988,52.59999847
78.72700336,51.09999847
79.26699664,49.59999847
79.4210036,45.25
79.94100024,38.70000076
80.09799792,30.75
79.91200092,23.5
78.81300189,14.80000019
79.66899707,10.55000019
79.46700122,14.44999981
78.98200061,16.39999962
78.91000201,17.79999924
79.09000232,18.20000076
78.1259978,20.60000038
78.51499774,22.39999962
78.68399646,24.20000076
78.622,25.5
78.68600299,25.5
78.99200275,25.95000076
78.1750014,28.0
78.60600116,28.64999962
78.84599902,28.75
79.09400012,28.79999924
79.14700153,27.25
79.03700092,28.64999962
79.12299945,29.5
79.15099933,29.85000038
79.05100085,28.29999924
79.6750014,27.64999962
79.38899829,26.10000038
79.50400378,23.5
79.37100055,21.89999962
79.54399707,20.5
79.25700214,20.25
79.13999774,20.70000076
79.22099902,22.04999924
79.09899738,23.25
79.02200153,23.25
79.35400226,24.85000038
78.88500049,26.89999962
79.18399646,26.85000038
79.24999835,27.95000076
79.45799854,26.89999962
79.27499988,27.60000038
79.47499683,26.79999924
79.21700122,26.64999962
79.36499622,24.29999924
79.56100299,24.29999924
79.39199664,22.95000076
79.40099933,22.25
78.8700011,20.85000038
79.95699908,20.79999924
79.52899768,22.35000038
79.58499744,22.10000038
79.41599872,22.39999962
79.47499683,21.5
79.55699756,23.20000076
79.67700031,21.95000076
79.14600208,19.79999924
80.0689986,18.0
79.45000293,16.10000038
79.59000232,12.69999981
79.54499652,10.85000038
79.79399707,9.149999619
79.76199939,7.650000095
79.96800067,6.25
79.57700183,5.400000095
80.04199817,2.25
79.73300006,0.0
80.09699847,0.0
79.98499896,0.0
79.71500232,0.0
79.55799701,0.0
79.70699908,0.0
79.91699817,0.0
79.35200336,0.0
79.37499835,1.399999976
78.93600299,4.75
78.49200275,10.05000019
78.21099689,16.95000076
78.16300037,21.60000038
78.01399829,24.60000038
78.08000018,28.64999962
78.02100208,30.04999924
78.36399677,30.85000038
78.73499896,30.95000076
78.69000079,29.75
78.90800311,29.64999962
78.96700122,29.20000076
78.96300342,28.14999962
79.43700244,27.64999962
79.55899646,25.85000038
79.55799701,22.95000076
79.80399921,19.75
79.78099658,16.5
79.81999805,14.44999981
79.76199939,12.89999962
79.35600116,13.69999981
79.27699878,15.44999981
78.8779967,0.0
78.4439986,0.0
77.7980025,0.0
75.93500354,0.0
75.33199908,0.0
75.09300067,6.800000191
75.18199756,9.5
74.22099902,9.449999809
74.20200183,10.64999962
73.78700092,0.0
73.10700061,0.0
71.9210036,0.0
71.20699908,0.0
70.50600269,0.0
69.1710036,0.0
66.95100238,0.0
65.51399829,0.0
63.19000079,0.0
60.9610007,0.0
57.93200137,0.0
53.25399997,13.30000019
48.56699969,0.0
42.45500018,0.0
36.21700122,0.0
28.23500087,2.950000048
21.60000064,0.0
16.26700046,0.0
11.57300021,4.050000191
6.193000099,2.0
1.332000038,2.099999905
0.119000001,1.850000024
0.186999998,1.950000048
0.207999995,1.899999976
0.017,1.850000024
0.045999999,1.899999976
0.095999999,1.899999976
0.054999997999999994,1.899999976
0.040000001,1.899999976
0.060000001,1.850000024
0.089,1.850000024
0.009999999999999998,1.899999976
0.024000001,1.899999976
0.08399999699999999,1.850000024
0.153000003,1.850000024
0.093000001,1.850000024
0.155000007,1.899999976
0.109999998,2.0
0.133000007,4.599999905
