VehicleSpeed[km/h],EngineFuelRate[L/h]
0.016,1.549999952
0.130000003,2.299999952
0.597999998,3.75
3.284000107,11.80000019
5.702999779000001,20.60000038
5.871,0.0
5.895000168,17.04999924
9.801999756,31.89999962
10.676000310000001,3.400000095
10.14100046,5.050000191
11.41099996,28.60000038
13.610000320000001,18.60000038
14.39399976,18.0
15.46699972,17.89999962
15.7800004,18.29999924
16.409000109999997,17.75
17.30000085,16.79999924
18.345000929999998,15.80000019
19.03499956,15.25
18.95899934,3.5
18.662000369999998,4.75
18.93399973,4.849999905
18.84799928,0.0
18.621999449999997,0.0
17.00399942,0.0
15.54199953,0.0
14.26199979,6.699999809
12.924000450000001,0.0
10.88499994,0.0
10.79400034,5.300000191
8.650000282,10.10000038
8.992999741,12.89999962
11.331000040000001,13.85000038
12.60000009,14.5
14.549999900000001,14.0
15.627999970000001,12.5
16.20300073,4.650000095
16.1930005,4.0
15.723000240000001,0.25
14.83200044,0.800000012
13.421999640000001,2.400000095
13.26800031,4.949999809
12.938000390000001,6.400000095
13.313999840000001,7.900000095
13.47699995,9.300000191
14.21499986,10.94999981
14.64800043,11.5
15.94500036,11.25
17.332000439999998,11.10000038
17.62599916,11.0
18.632999129999998,10.64999962
18.575999919999997,10.35000038
20.24500055,9.75
20.343999569999998,9.100000381
21.54800005,0.0
21.3539998,11.60000038
21.55700082,11.35000038
22.839000409999997,11.19999981
23.111999219999998,11.10000038
24.12000055,10.89999962
24.96499986,10.85000038
25.23599977,10.80000019
26.11099977,10.64999962
26.236999219999998,7.599999905
26.42300005,4.199999809
26.03600092,4.349999905
25.97299928,4.5
26.197999659999997,4.650000095
25.971999829999998,7.949999809
25.717000669999997,8.399999619
26.517999359999997,10.39999962
27.27600069,11.94999981
27.52600069,12.0
28.488000579999998,12.0
28.72400064,11.44999981
28.808000269999997,6.550000191
28.85600061,3.75
28.30999918,6.900000095
28.6949994,5.800000191
28.72800035,5.400000095
28.436000529999998,5.550000191
28.269000719999998,5.5
28.825999919999997,5.400000095
28.35499925,3.900000095
28.048999499999997,2.5
27.639999099999997,0.0
26.41699953,0.0
26.33999986,0.0
25.68200082,0.0
25.0300004,0.0
25.20499963,0.600000024
24.14999933,0.0
23.70899934,0.0
23.04400034,0.0
20.530999849999997,0.0
17.114999479999998,0.0
13.68000002,0.0
9.348000237,12.5
8.419000336,0.0
7.943999954000001,9.899999619
8.091000267,9.649999619
9.055000015000001,8.199999809
9.334000298000001,0.0
9.794000336,12.05000019
11.12600011,4.800000191
11.33900041,4.75
11.77500028,4.5
12.96699972,9.550000191
14.171999640000001,14.30000019
15.44299955,15.60000038
16.4050004,15.55000019
16.93699998,16.14999962
18.412000369999998,12.5
17.89999933,0.0
18.10799951,14.44999981
19.35099954,17.75
20.741000839999998,19.79999924
22.013000199999997,19.20000076
23.263000199999997,18.79999924
24.131000229999998,10.89999962
24.13899965,4.349999905
24.420999239999997,23.20000076
26.70199937,27.54999924
28.02799959,28.10000038
29.90100069,26.75
31.45799989,21.95000076
32.26500101,10.25
32.06300134,4.25
32.48999948,20.20000076
33.28799982,20.25
34.1569993,20.20000076
35.148999880000005,20.29999924
35.922998140000004,20.25
36.86200113,19.79999924
37.62899942,19.14999962
38.31500024,13.55000019
38.47799844,2.200000048
38.46800012,15.94999981
38.934999180000005,15.60000038
39.586000150000004,14.75
40.28600092,13.94999981
40.4429986,12.39999962
40.4429986,0.0
40.363000580000005,6.099999905
40.711000150000004,9.899999619
40.672998140000004,9.949999809
41.02200098,9.649999619
41.31699915,7.900000095
41.288999270000005,5.900000095
41.169000340000004,6.0
41.26600046,5.949999809
41.24099893,6.0
41.116998380000005,5.550000191
40.67199869,0.25
40.38799829,0.050000001
39.84100122,0.200000003
39.23700113,0.300000012
39.0889985,0.0
38.56900186,0.0
37.03099985,0.0
35.6530015,0.0
33.82999963,0.0
32.00700159,0.0
30.27000017,0.0
29.14500017,0.0
27.39999933,0.0
25.672000599999997,0.0
24.20899934,16.60000038
22.0680005,0.0
20.345000929999998,0.0
18.40400095,0.0
16.721999829999998,5.199999809
14.593000120000001,0.0
11.59199972,0.0
10.32200021,3.299999952
7.785000034,0.0
5.595999905,1.049999952
4.523999878000001,1.399999976
2.559999891,1.350000024
0.855000027,1.649999976
0.132999995,2.099999905
0.060000002999999996,1.649999976
0.086999998,1.649999976
0.035000001,1.649999976
0.08500000199999999,1.649999976
0.158,1.700000048
0.11199999699999999,1.700000048
0.06799999699999999,1.700000048
0.168000006,1.75
0.024999999,1.75
0.152000003,1.75
0.089999997,1.75
0.165,1.75
0.073,1.75
0.053999997999999994,1.75
0.052000002000000003,1.75
0.075999998,1.799999952
0.024000001,1.799999952
0.078999997,1.799999952
0.033999999,1.799999952
0.031000000000000003,1.799999952
0.138000005,1.75
0.105999999,1.799999952
0.0,1.799999952
0.097000004,1.799999952
0.026999999,1.799999952
0.033,1.799999952
0.11,1.799999952
0.022000000999999998,1.799999952
0.205999993,1.799999952
0.104999997,3.400000095
1.982999989,13.94999981
6.316000172000001,23.04999924
10.08999986,26.04999924
12.610000320000001,26.29999924
13.49299974,3.450000048
13.299000450000001,4.800000191
14.66999979,32.54999924
18.332000439999998,50.40000153
23.11400003,69.09999847
26.25900049,20.0
26.18799944,0.0
26.71800012,22.0
29.02499933,43.75
31.32500047,37.54999924
33.7839982,33.65000153
35.1740014,36.59999847
36.72400064,36.34999847
38.419999790000006,35.79999924
39.34000177,4.5
38.67799921,9.350000381
40.273999880000005,34.0
41.16200037,34.15000153
42.80100031,32.20000076
44.24099893,26.60000038
45.26299829,19.20000076
45.032998750000004,2.200000048
44.672998140000004,0.0
44.18200082,0.0
44.00100107,0.800000012
43.57200021,4.300000191
43.366998380000005,6.900000095
43.41200037,8.850000381
43.34000177,9.5
43.80800027,9.5
43.88200159,9.550000191
43.97200174,8.899999619
43.7819993,8.899999619
44.225999540000004,9.050000191
44.377999970000005,8.25
44.77599878,7.25
44.1569993,6.349999905
44.29200143,5.949999809
43.907998750000004,6.650000095
44.151998230000004,7.050000191
44.14999933,6.849999905
44.24500055,7.0
44.30199976,6.900000095
44.24099893,7.0
44.42099924,6.949999809
44.38200159,6.800000191
44.25499887,6.650000095
44.21999902,6.650000095
44.06400079,6.550000191
44.34499902,6.800000191
44.09499902,7.0
44.14800043,7.150000095
44.0679986,7.050000191
44.10899896,7.199999809
44.267999360000005,7.300000191
44.312001890000005,7.25
44.526998230000004,6.650000095
44.12000055,6.300000191
44.09300012,6.400000095
44.04200143,6.800000191
44.42500085,6.699999809
44.07200021,6.949999809
44.208001800000005,7.300000191
44.07000131,7.199999809
44.139001560000004,7.199999809
44.20699854,7.650000095
44.31099863,7.050000191
44.476998990000006,6.800000191
44.246999450000004,6.550000191
44.10299844,7.150000095
43.65099878,8.75
44.20699854,8.649999619
44.23499841,7.75
44.39199991,6.650000095
44.562001890000005,5.400000095
44.25999994,5.300000191
44.2100007,5.449999809
44.157998750000004,6.300000191
44.0280015,6.949999809
44.288999270000005,7.25
43.761998840000004,7.599999905
43.91599817,8.199999809
43.982000060000004,8.050000191
44.17699976,8.100000381
44.4089982,7.699999809
44.39000101,7.300000191
44.01600046,6.949999809
44.134000490000005,6.300000191
44.39199991,6.0
44.34900064,5.900000095
44.33400125,6.550000191
44.25200052,6.449999809
43.92099924,6.900000095
44.2139985,7.400000095
43.949998570000005,7.550000191
43.98399896,7.400000095
44.252999970000005,7.699999809
44.39100046,7.699999809
44.532998750000004,3.299999952
42.90599985,0.0
41.03600092,0.0
38.55100031,0.0
35.62399835,5.75
32.244001100000006,0.0
29.12000055,0.0
26.02799959,11.55000019
22.121,0.0
17.516000459999997,0.0
13.01399965,12.0
8.660999962,0.0
5.160000034,1.25
2.0849999869999998,1.5
0.129000001,0.850000024
0.185999998,1.450000048
0.053000000000000005,1.549999952
0.050000001,1.549999952
0.123000004,1.549999952
0.074000002,1.549999952
0.145000004,1.549999952
0.075000004,1.549999952
0.173000001,1.549999952
0.062,1.549999952
0.145000004,1.5
0.089000002,1.5
0.053999997999999994,1.549999952
0.048000001,1.549999952
0.024000001,1.600000024
0.024000001,1.600000024
0.092000001,1.600000024
0.05499999999999999,1.549999952
0.264000007,1.5
0.132000007,1.549999952
0.215999999,1.549999952
0.191999995,2.299999952
0.412000009,6.0
3.256999918,13.35000038
7.303000160000001,27.14999962
11.206000040000001,30.79999924
13.83499975,24.95000076
13.002999970000001,0.0
12.29800005,7.699999809
14.03799982,34.15000153
17.27799959,35.95000076
19.572999659999997,35.95000076
22.65800066,35.0
22.773999879999998,34.04999924
25.10900087,10.55000019
25.413999269999998,0.0
25.433000269999997,16.04999924
27.337999049999997,40.54999924
30.030999849999997,42.65000153
32.69000024,43.75
35.062001890000005,39.90000153
36.88200159,32.90000153
38.30100031,23.14999962
38.46600122,0.0
38.13799829,13.10000038
39.37000055,29.04999924
40.4089982,28.75
41.5490014,26.04999924
42.55000085,22.5
42.88599939,22.54999924
43.78099985,19.14999962
44.30499811,10.69999981
43.69799966,0.0
43.38099832,0.0
43.148999880000005,0.0
42.3729989,6.699999809
42.475999540000004,11.64999962
42.72799844,12.94999981
43.14499826,12.80000019
43.544000340000004,12.5
44.148999880000005,11.39999962
43.913999270000005,10.5
44.32399911,9.649999619
44.16100092,8.75
44.746,8.0
44.10500116,8.850000381
44.64700098,8.199999809
44.48700113,8.100000381
44.12399835,8.100000381
44.02300043,7.949999809
44.663999270000005,7.599999905
44.02100153,7.75
44.25399942,7.699999809
44.53700037,7.550000191
44.604001710000006,7.75
44.196000760000004,7.650000095
44.69400186,7.599999905
44.25499887,7.5
44.68200082,7.449999809
44.1569993,7.300000191
44.134000490000005,7.150000095
44.54699869,7.400000095
44.113000580000005,7.550000191
44.62500162,7.849999905
44.261998840000004,8.100000381
44.118001650000004,7.849999905
44.428998660000005,7.949999809
44.4030015,7.949999809
44.40099878,7.550000191
44.22799844,7.650000095
44.48499841,7.650000095
44.51699991,8.0
44.134000490000005,7.949999809
43.5889985,8.149999619
43.669000340000004,8.149999619
43.96299905,8.550000191
44.54099817,8.949999809
44.92600031,6.050000191
45.03099985,2.849999905
44.315999690000005,1.950000048
43.74500055,3.650000095
43.82000131,5.599999905
43.70400018,7.349999905
43.42099924,8.300000191
43.70499963,9.399999619
43.85000009,9.75
43.96600122,10.05000019
43.86499948,10.25
43.80299921,10.05000019
44.14700098,10.0
44.779000950000004,9.75
44.5300004,9.350000381
44.0280015,8.649999619
44.199998570000005,7.599999905
44.59100122,7.150000095
44.371,6.699999809
44.18800134,6.699999809
43.95400018,7.400000095
44.187001890000005,7.5
44.11499948,8.0
44.12700052,7.75
44.009000490000005,7.75
44.002999970000005,7.949999809
44.398999880000005,8.199999809
44.238000580000005,8.0
44.19500131,8.25
44.220998470000005,8.100000381
44.34700174,7.849999905
44.26299829,7.650000095
44.14399881,7.099999905
44.68800134,6.050000191
44.098001190000005,5.849999905
44.350999540000004,6.25
44.09000177,6.650000095
42.93800134,0.0
38.72500009,0.0
33.85299844,0.0
26.65299959,0.0
18.08999986,0.0
10.54199953,0.0
4.338000008000001,2.400000095
0.035999999000000005,1.450000048
0.09799999799999999,1.299999952
0.08299999699999999,1.649999976
0.182000004,1.649999976
0.063000002,1.700000048
0.073,1.700000048
0.34399999,1.700000048
0.11299999899999999,1.700000048
0.119000003,1.700000048
0.131000005,1.700000048
0.108999998,1.700000048
0.130000003,1.75
0.206999995,1.75
0.077,1.75
0.064999998,1.75
0.176999994,1.75
0.130000003,1.75
0.220999994,1.799999952
0.11199999699999999,1.75
0.064999998,1.75
0.116999999,1.799999952
0.183000006,1.799999952
0.119999998,1.799999952
0.050000001,1.799999952
0.220000007,1.799999952
0.447000005,1.799999952
0.759000011,1.799999952
0.465000012,1.799999952
0.147999995,1.799999952
0.255000003,1.799999952
0.074000002,1.799999952
0.101999999,1.799999952
0.146999993,1.850000024
0.141999998,1.799999952
0.097000004,1.850000024
0.121,1.799999952
0.052000002000000003,1.799999952
0.260999986,1.799999952
0.11500000299999999,1.850000024
0.08500000199999999,1.799999952
0.188000002,1.799999952
0.174000003,1.799999952
0.090999999,1.799999952
0.237999999,1.799999952
0.05499999999999999,1.799999952
0.11400000099999999,1.799999952
0.162999996,1.799999952
0.119000003,1.850000024
0.168000006,1.799999952
0.074000002,8.399999619
4.4119998890000005,17.85000038
8.103000351,36.20000076
13.23099966,28.29999924
13.85300035,0.0
13.331000040000001,5.400000095
14.409000110000001,33.70000076
18.3520009,44.5
21.64199991,46.40000153
25.162000369999998,26.20000076
25.69399995,0.0
25.63199968,9.0
27.520999619999998,37.25
29.514999099999997,50.04999924
32.683999730000004,52.65000153
35.67199869,51.0
37.95100183,47.95000076
40.48399896,34.5
40.92199869,4.449999809
40.371,0.0
41.026998230000004,29.85000038
42.15599985,34.65000153
44.34000177,28.35000038
44.69000024,8.25
44.21999902,3.950000048
43.82999963,17.29999924
44.31500024,10.35000038
45.06099863,9.550000191
44.967000670000004,7.900000095
44.42999811,6.650000095
44.488000580000005,6.900000095
44.23600168,7.25
44.5490014,7.300000191
43.949998570000005,7.449999809
43.87600107,7.900000095
43.96299905,8.649999619
44.07600183,8.949999809
44.62899942,8.899999619
44.05800027,8.800000191
43.84700174,8.5
44.38200159,8.399999619
44.31500024,8.149999619
44.43200082,7.400000095
44.47400064,6.699999809
44.22200174,6.949999809
43.901998230000004,7.449999809
43.934999180000005,7.550000191
44.303998660000005,7.349999905
44.22799844,7.0
43.75999994,6.849999905
44.350999540000004,7.199999809
44.17999811,7.050000191
43.88799829,7.550000191
43.97500009,7.400000095
44.574998570000005,7.300000191
44.107000060000004,7.050000191
44.04699869,6.699999809
44.22799844,6.75
44.07600183,7.199999809
43.7819993,7.699999809
44.797998140000004,7.800000191
44.32399911,7.949999809
44.13300104,8.149999619
44.30000085,8.600000381
44.07600183,9.5
44.169999790000006,9.0
43.7100007,8.449999809
44.324998570000005,8.850000381
44.475999540000004,8.75
44.035001460000004,8.350000381
44.11200113,7.650000095
44.21299905,7.300000191
44.13799829,7.550000191
44.16100092,8.0
43.50700159,8.699999809
44.2479989,8.899999619
44.13599939,9.199999809
44.38300104,9.300000191
43.78099985,8.899999619
44.25499887,9.050000191
44.50200052,9.0
44.279000950000004,8.75
44.41800089,8.350000381
43.92999811,7.699999809
44.294999790000006,6.75
44.56699915,6.5
44.38099832,6.699999809
44.55800027,6.75
44.0339982,0.0
42.017999360000005,0.0
40.67799921,0.0
39.717000670000004,0.0
38.38300104,0.0
37.16800089,0.0
37.07900018,0.0
36.12399835,0.0
36.113000580000005,0.0
35.31099863,9.449999809
35.1929986,5.199999809
35.30000085,7.400000095
35.03099985,7.650000095
34.96500177,7.599999905
35.139001560000004,7.650000095
35.9030015,7.949999809
35.342000670000004,8.300000191
35.88099832,8.899999619
35.60899896,9.100000381
36.19700021,9.25
36.854001710000006,11.0
36.04300089,11.05000019
37.71600122,10.69999981
36.812001890000005,10.60000038
37.31900186,10.35000038
37.40599985,10.35000038
37.89199991,9.300000191
37.91299982,9.050000191
38.309999180000005,10.80000019
38.410001460000004,10.85000038
38.58199854,10.80000019
38.89000101,10.75
39.31699915,10.80000019
39.975999540000004,10.80000019
40.708001800000005,7.800000191
39.38300104,7.849999905
39.95900125,8.75
39.98900003,8.449999809
39.297998140000004,0.0
38.85899896,0.0
38.065999690000005,0.0
37.46299905,5.349999905
37.14600153,6.050000191
37.850999540000004,9.399999619
37.85600061,12.14999962
38.70900125,10.89999962
38.21500177,13.80000019
38.52599878,14.10000038
39.82299966,15.19999981
39.93800134,21.29999924
40.446000760000004,22.60000038
41.00700159,22.14999962
42.252999970000005,13.64999962
42.690999690000005,0.0
42.023999880000005,6.699999809
41.54599924,18.14999962
42.77100153,19.85000038
43.34399957,21.5
44.25800104,21.54999924
44.80800027,21.64999962
45.28799982,0.0
43.975999540000004,0.0
42.657998750000004,0.0
40.09499902,0.0
37.97799844,0.0
35.61100168,0.0
32.264001560000004,0.0
28.190999689999998,0.0
25.01200075,12.75
21.683000269999997,0.0
17.389999099999997,0.0
13.96100015,14.44999981
9.940000244,0.0
5.312999912,1.049999952
1.502999969,1.399999976
0.051000000000000004,1.600000024
0.086999998,1.549999952
0.081000001,1.5
0.025999999,1.549999952
0.078999997,1.5
0.116999999,1.450000048
0.075999998,1.5
0.097000004,1.5
0.026999999,1.5
0.006999999999999999,1.549999952
0.075000004,1.5
0.039000001000000006,1.450000048
0.168999993,1.5
0.105999999,1.5
0.08399999999999999,1.5
0.071999998,1.5
0.152000003,1.5
0.11500000299999999,1.5
0.126999997,1.5
0.060000002999999996,1.549999952
0.125999995,1.5
0.07100000299999999,1.5
0.093999997,1.5
0.121,1.5
0.108000003,1.5
0.151000001,1.549999952
0.071999998,1.5
0.156999998,1.5
0.039999999999999994,1.5
0.024000001,1.5
0.161000007,1.549999952
0.08399999999999999,1.5
0.028000002,1.5
0.017,1.549999952
0.11400000099999999,1.5
0.064000004,1.5
0.048000001,1.5
0.08299999699999999,1.5
0.139000007,1.5
0.053999997999999994,1.5
0.11500000299999999,2.450000048
1.966000029,18.25
8.174000450000001,31.04999924
12.02599973,37.79999924
14.11500043,6.849999905
13.93500013,0.0
14.14300031,25.35000038
17.3350007,48.20000076
22.516000459999997,70.34999847
25.72400064,29.20000076
25.48900003,0.0
24.87400026,15.75
25.98100061,41.5
29.080999079999998,52.84999847
31.486999219999998,42.65000153
33.05499811,28.25
33.850999540000004,11.0
33.00800104,0.0
31.42900056,0.0
29.3369996,0.0
26.548999499999997,0.0
23.764999099999997,5.050000191
20.991000839999998,0.0
16.982000059999997,0.0
12.66600008,3.75
8.603999802,0.0
5.640999981,3.400000095
2.0559999429999998,1.649999976
0.178999998,0.200000003
0.11,1.75
0.248000004,1.75
0.044,1.799999952
0.322999992,1.799999952
0.11299999899999999,1.799999952
0.211000004,1.799999952
0.158,1.75
0.016,1.799999952
0.165,1.799999952
0.029,1.799999952
0.10000000199999999,1.850000024
0.078000002,1.899999976
0.053000000000000005,1.899999976
0.086999998,3.099999905
2.726000019,18.29999924
6.358999916,17.45000076
9.251000114,19.39999962
11.69799966,23.79999924
13.30699987,11.80000019
13.02200002,2.700000048
14.33200044,21.0
16.371999449999997,21.39999962
17.05400056,0.0
16.26399965,3.25
16.780999849999997,4.949999809
17.37599916,4.599999905
16.37899942,5.849999905
16.76699991,11.5
16.9789998,19.14999962
19.07500047,29.20000076
22.38000078,40.84999847
26.123000809999997,44.29999924
30.030999849999997,45.25
33.18900079,44.59999847
34.88200159,43.09999847
37.74500055,41.25
39.23100061,19.89999962
38.371,0.0
38.10000009,19.64999962
39.07399911,42.79999924
40.61499948,44.70000076
42.78600092,45.70000076
44.4089982,44.29999924
45.46299905,39.04999924
46.75399942,45.95000076
48.142999360000005,54.54999924
50.21999902,59.59999847
51.90599985,45.95000076
51.496999450000004,4.650000095
50.30499811,12.30000019
49.282998750000004,43.5
49.21500177,57.34999847
49.89199991,62.95000076
50.52599878,63.84999847
51.422998140000004,64.69999695
52.98700113,56.29999924
53.61499948,53.04999924
54.934999180000005,57.95000076
56.35899896,62.90000153
58.45900125,67.94999695
60.241998380000005,73.5
62.48100061,72.40000153
64.87399835,20.29999924
64.55399865999999,4.849999905
65.18800134,33.25
65.72600335999999,12.0
64.84599847,4.449999809
65.06400079,30.60000038
64.80900353999999,15.94999981
65.02399987999999,14.60000038
65.44800348,13.10000038
65.08599634,11.5
64.52999657999999,12.0
64.66899652,12.39999962
64.62000055,12.30000019
64.67500084999999,13.80000019
64.67200249999999,14.14999962
64.34200066999999,15.5
64.09300012,16.60000038
64.40800256,16.64999962
64.15299768,17.45000076
64.28899926999999,17.89999962
64.59399957,18.75
64.71400231999999,18.45000076
64.76399774,17.85000038
64.72299738,18.10000038
65.22499628,17.35000038
65.10899896,16.54999924
65.08800287,15.25
65.12900323,13.55000019
65.52999657999999,10.94999981
65.34899682999999,8.300000191
65.26399774,5.849999905
65.02499933,4.449999809
65.16399926999999,4.849999905
64.65299768,6.599999905
64.37900323,7.699999809
65.13100213999999,8.949999809
64.90099878,7.949999809
64.92200249999999,7.75
64.81899804999999,7.699999809
64.95599908,7.449999809
65.08199854,6.949999809
65.17500084999999,4.449999809
64.83900231999999,3.950000048
65.63699883999999,5.25
64.51499718999999,7.199999809
64.22600335999999,9.25
64.13799829,12.10000038
63.99899835,13.94999981
64.21700066999999,16.10000038
64.52100152999999,16.95000076
64.23100061,17.14999962
64.78500145999999,17.60000038
64.59699791999999,17.54999924
64.86099786,18.0
65.35899896,15.85000038
65.30000084999999,15.39999962
65.15199822999999,13.89999962
65.45999689,12.05000019
65.26800317,8.75
65.75300378,6.699999809
64.87900323,6.099999905
64.95400018,7.75
64.77000208,9.300000191
64.56300134,9.899999619
63.6569993,11.05000019
64.29800195,11.5
64.07500238,13.89999962
64.38499994,13.89999962
64.40299768,15.39999962
64.27399987999999,15.80000019
64.28700037,16.54999924
64.9449975,17.5
64.37199944999999,17.29999924
64.73599786,16.70000076
64.65199822999999,17.39999962
64.84100122,16.89999962
64.53700037,17.35000038
64.67300195,18.45000076
64.33800287,19.89999962
64.12900323,21.89999962
64.13100213999999,24.0
63.60500116,27.85000038
63.808999730000004,29.75
63.70499963,32.54999924
64.00400323,33.95000076
63.892999360000005,34.45000076
63.84000177,34.65000153
63.75000162,34.04999924
64.1929986,34.40000153
64.43400353999999,33.70000076
64.60300226,33.90000153
64.19000023999999,33.70000076
64.52599878,33.90000153
64.50099725,34.04999924
64.64200371999999,34.29999924
64.50199669999999,35.40000153
64.51700371999999,35.34999847
64.21099634,36.09999847
65.15399713,35.29999924
64.68700188999999,34.25
64.85899896,33.70000076
64.82900018,32.34999847
64.94599695,31.95000076
64.58599634,31.04999924
64.90099878,29.60000038
64.95000238,28.0
64.97700281,24.39999962
65.03200310999999,21.70000076
65.55399865999999,20.10000038
65.06300134,18.29999924
65.23200005999999,18.29999924
65.2990014,17.29999924
65.23699730999999,15.94999981
65.47499628,14.69999981
64.98399896,12.94999981
65.14999933,10.64999962
65.10600061,9.550000191
65.42999811,7.75
65.17600030999999,6.5
65.10500116,6.349999905
65.42999811,6.099999905
65.64300317,3.75
65.61099786,1.850000024
65.05100030999999,0.449999988
65.23299951,1.25
64.80799646,1.299999952
65.2420022,3.150000095
66.22499628,3.450000048
65.23799677,3.599999905
65.62000055,3.200000048
65.27200098,2.549999952
65.48899621999999,3.400000095
65.40700310999999,1.649999976
65.26800317,2.099999905
65.67500084999999,0.550000012
65.45300073,0.600000024
65.01900262,1.149999976
65.27899713,0.0
65.47199791999999,0.75
64.75600213999999,0.0
64.8670022,1.649999976
65.05699700999999,1.600000024
65.03600091999999,1.5
64.59899682999999,2.650000095
64.43099756,2.650000095
64.79700249999999,3.349999905
65.28899926999999,2.150000095
65.45200127999999,1.049999952
65.46700066999999,1.850000024
65.15900201,1.600000024
64.99999779999999,3.099999905
64.70799799,3.349999905
64.77899713,5.5
64.56000299,7.699999809
64.44000023999999,9.0
64.70799799,12.14999962
64.56599969,11.69999981
64.70499962999999,10.80000019
64.95200127999999,11.44999981
65.00999994,10.60000038
65.36800165,9.550000191
65.21600122,8.75
65.01599664,8.600000381
65.20799799,7.949999809
64.79600305,7.150000095
65.37000055,7.400000095
65.13200159,6.550000191
64.53600091999999,7.300000191
64.74300165,6.849999905
64.87399835,6.400000095
64.77000208,8.0
64.39700098,8.300000191
64.47800226,10.69999981
64.53999872,10.44999981
64.21500177,11.05000019
64.33599634,11.64999962
64.53400201,11.69999981
64.63699883999999,11.89999962
64.85100335999999,11.64999962
64.89099664,11.35000038
64.70400018,11.05000019
64.91200037,10.55000019
64.9240014,10.10000038
65.22399682999999,9.5
65.26800317,8.75
64.90700310999999,9.050000191
64.77599878,10.30000019
63.89999933,12.25
64.76700371999999,13.30000019
64.16799707,14.30000019
64.1949975,15.60000038
64.35600061,16.60000038
64.40199822999999,17.45000076
64.32500238,18.20000076
64.40099878,17.75
64.49899835,18.75
64.1229989,17.60000038
64.77499933,17.39999962
64.76599664,16.64999962
64.8650033,16.20000076
64.90900201,16.14999962
64.82900018,16.04999924
64.40399713,16.89999962
64.97299738,16.10000038
65.02499933,15.44999981
65.05699700999999,14.85000038
64.81899804999999,14.14999962
64.84499901999999,15.05000019
64.38699883999999,14.44999981
64.76900262,14.5
64.68400353999999,14.44999981
64.746,15.10000038
65.27100152999999,15.35000038
64.96999901999999,15.25
64.48799677,15.25
64.40800256,15.10000038
64.88100213999999,15.35000038
64.30199976,14.25
64.78600091999999,14.10000038
64.54099817,14.19999981
65.03500145999999,14.60000038
64.53400201,13.94999981
65.07099695,12.75
64.50900048999999,14.05000019
64.39500208,15.25
64.78100366,14.75
64.59899682999999,15.5
64.65499657999999,15.94999981
64.99899835,14.14999962
65.3199975,13.14999962
65.17699976,11.80000019
65.09100122,10.14999962
64.98000116,8.75
65.15199822999999,9.300000191
65.02999657999999,8.5
64.87599725,8.600000381
64.83099908,9.800000191
64.52300043,10.55000019
64.45400018,12.25
64.50999994,12.94999981
64.58299799,14.14999962
64.71300287,15.05000019
64.61600274999999,15.19999981
64.97499628,15.94999981
64.95999689,14.80000019
64.88000269,14.64999962
64.80499811,14.25
65.31300134,13.05000019
65.24300165,12.14999962
65.22299738,10.89999962
65.37800378,10.64999962
65.14800043,9.850000381
64.94099969,9.850000381
64.96500177,10.10000038
65.50400323,10.35000038
64.30000084999999,11.75
65.05799646,12.44999981
64.70200127999999,13.60000038
64.52200098,15.30000019
64.6929986,16.25
64.46899957,17.20000076
64.28300256,18.04999924
64.40399713,18.60000038
64.38799829,19.0
64.58499689,19.25
64.79199761999999,19.10000038
65.20200127999999,17.89999962
64.75500269,17.89999962
65.23899621999999,18.14999962
65.12800378,16.5
64.82199639999999,16.20000076
65.55599756,16.70000076
65.23899621999999,16.89999962
64.78899926999999,17.5
64.96700066999999,16.89999962
64.87599725,16.75
64.92200249999999,17.0
65.08900231999999,17.14999962
65.06599969,17.39999962
65.06000299,17.60000038
65.00700159,17.0
65.33900231999999,16.25
64.82900018,16.45000076
65.20699854,15.5
64.68800134,15.30000019
65.17699976,15.39999962
64.81400079,16.04999924
64.88899774,16.45000076
65.06400079,16.64999962
64.84399957,16.35000038
64.87900323,15.94999981
65.31400079,14.30000019
65.52200098,12.25
65.38999718999999,10.80000019
65.17799921,8.199999809
65.18800134,8.800000191
65.18500299,8.850000381
64.67300195,10.0
64.6740014,10.19999981
64.77899713,9.600000381
65.06200188999999,10.25
65.16799707,10.0
64.52200098,10.35000038
64.84999628,10.35000038
64.82800073,10.35000038
65.09799738,10.5
65.24999779999999,9.5
64.86299677,8.850000381
65.20999689,9.0
64.84399957,8.949999809
64.99500055,9.600000381
64.92500084999999,9.75
64.70100183,10.64999962
64.54299707,11.14999962
64.77599878,11.60000038
64.62900323,12.30000019
64.35300226,13.14999962
64.89300317,14.25
64.91399926999999,15.85000038
64.38100213999999,17.20000076
64.43099756,18.10000038
64.42600030999999,17.85000038
64.73599786,18.25
64.63899774,18.39999962
64.91499872,18.25
65.02300043,18.10000038
64.72900170999999,17.45000076
64.99400109999999,17.29999924
65.09100122,16.54999924
64.85999840999999,15.89999962
65.32199639999999,16.04999924
65.02300043,15.60000038
64.95400018,16.95000076
64.78400201,16.04999924
64.60200281,15.60000038
64.64099664,16.45000076
64.72399682999999,15.80000019
64.52200098,15.89999962
64.95000238,16.54999924
64.58599634,16.14999962
64.05599756,17.14999962
64.82500238,17.35000038
64.73100061,17.25
65.25900048999999,17.29999924
64.27799768,16.25
65.10899896,15.39999962
65.0679986,14.35000038
65.82199639999999,10.89999962
65.52200098,8.75
64.70499962999999,7.150000095
64.96999901999999,6.199999809
65.09799738,7.550000191
64.61399621999999,8.5
63.634000490000005,9.850000381
65.2400033,10.44999981
64.51700371999999,11.0
65.01800317,11.75
65.03300256,11.14999962
64.56000299,11.75
64.61900109999999,11.80000019
64.92600030999999,11.85000038
65.02200098,11.55000019
65.09599847,10.85000038
65.10999840999999,10.44999981
64.59999628,10.25
65.26900262,9.899999619
64.67999811,10.35000038
64.91599817,10.10000038
64.73699730999999,11.5
64.41399926999999,11.60000038
64.26099939,12.39999962
64.44699639999999,14.0
64.34200066999999,15.25
64.97299738,16.70000076
64.56300134,17.79999924
64.66200037,18.0
64.29299707,19.04999924
64.26399774,18.54999924
65.23399896,18.54999924
65.11900109999999,18.14999962
65.01700371999999,18.04999924
64.14500208,18.39999962
65.27799768,16.89999962
65.25500269,15.64999962
65.09999628,15.89999962
64.91000145999999,16.20000076
65.07300348,16.70000076
64.78999872,15.85000038
64.94900292999999,15.80000019
65.49300165,16.0
64.69800348,16.04999924
64.41499872,16.39999962
64.67699976,16.14999962
64.40299768,16.5
65.41499872,16.04999924
65.32600183,16.29999924
65.43900079,16.85000038
65.01399774,15.89999962
64.9429986,14.55000019
65.12900323,12.05000019
65.76499718999999,8.800000191
65.28200310999999,6.550000191
65.25300378,5.5
64.23499840999999,5.900000095
64.39700098,6.599999905
64.38300104,7.349999905
63.99899835,9.699999809
64.59499901999999,9.75
64.76199883999999,10.75
64.85999840999999,11.19999981
64.78899926999999,11.25
64.871,11.85000038
65.08199854,11.10000038
63.59700174,11.64999962
64.23899621999999,11.44999981
64.63899774,12.25
64.84499901999999,11.94999981
65.10799951,11.64999962
65.13699883999999,11.35000038
64.92100305,10.14999962
64.92300195,10.25
64.76099939,10.55000019
64.53400201,12.0
64.52699822999999,12.80000019
65.08099908,14.0
64.34300012,15.80000019
64.58599634,16.35000038
64.67600030999999,17.04999924
64.82400292999999,17.25
63.09399957,17.54999924
64.69800348,17.60000038
65.18099756,17.54999924
64.98100061,17.5
64.8670022,16.54999924
65.44000023999999,15.64999962
64.621,14.80000019
64.92899865999999,14.0
65.20799799,13.60000038
65.14800043,12.94999981
64.89700098,13.80000019
65.01900262,14.35000038
64.45100183,15.39999962
65.03999872,16.14999962
64.70899743999999,16.75
65.15099878,16.5
64.57099695,15.39999962
65.14999933,14.35000038
65.00300378,13.10000038
64.76599664,11.35000038
65.42200249999999,9.199999809
64.746,8.550000191
65.13100213999999,7.050000191
64.81300134,8.149999619
64.91100091999999,7.550000191
64.74899835,8.800000191
65.04700249999999,9.550000191
64.85300226,9.75
64.89500208,10.85000038
64.83399743999999,11.10000038
64.76800317,11.39999962
64.97600335999999,11.94999981
64.89400262,11.60000038
64.78500145999999,12.05000019
64.91100091999999,11.30000019
64.95100183,10.85000038
64.84999628,11.19999981
65.09499901999999,10.75
64.85799951,10.35000038
64.70100183,10.14999962
65.13599939,10.0
64.60500116,9.550000191
65.36800165,9.0
65.31599969,9.199999809
65.02100152999999,9.25
64.75999994,8.850000381
64.35400170999999,9.550000191
64.75400323,10.44999981
64.88899774,11.75
64.42200249999999,11.80000019
64.49500055,13.35000038
64.71800012,15.44999981
64.21700066999999,16.14999962
64.34699791999999,17.45000076
64.30399865999999,17.64999962
64.77599878,18.20000076
64.65700310999999,18.10000038
64.74500055,17.75
64.83800287,18.04999924
64.99699944999999,17.5
64.62599725,18.04999924
65.09000177,17.54999924
64.78200310999999,16.85000038
64.85200281,17.14999962
64.89200371999999,16.70000076
64.89800043,16.70000076
65.00500269,16.85000038
64.96899957,16.10000038
65.47600335999999,15.44999981
65.09999628,14.05000019
64.92999811,12.0
64.78300256,11.19999981
64.87399835,11.85000038
64.60300226,12.25
64.78600091999999,12.94999981
64.27100152999999,13.89999962
64.84799738,13.89999962
64.76800317,14.19999981
64.96400231999999,13.64999962
65.07600183,13.19999981
65.07099695,12.0
64.64800043,10.85000038
65.33800287,9.75
65.06400079,9.25
64.74999779999999,9.149999619
65.08499689,9.449999809
64.9900033,9.600000381
64.84999628,9.949999809
64.85500116,10.69999981
64.68500299,10.55000019
64.8199975,10.25
65.31599969,9.899999619
64.78300256,9.25
64.9920022,9.149999619
64.5679986,9.75
65.58800287,8.949999809
64.85799951,9.0
64.97900170999999,9.75
64.71400231999999,10.64999962
64.82199639999999,11.75
64.9449975,11.89999962
64.80299921,12.0
64.33099908,12.55000019
64.37499779999999,13.19999981
64.26399774,14.10000038
64.71600122,15.10000038
64.68299646,15.25
64.65600366,15.75
64.47800226,16.10000038
64.5450036,15.39999962
64.70000238,15.94999981
64.63599939,16.79999924
64.63799829,17.70000076
64.60400170999999,17.89999962
64.46200342,18.95000076
63.940999690000005,21.10000038
63.58799905,24.04999924
63.64000101,27.70000076
64.05900353999999,29.60000038
63.82399911,45.70000076
64.28899926999999,53.65000153
65.12900323,55.90000153
66.03600091999999,56.79999924
67.39500208,57.59999847
68.31599969,58.25
69.27000208,59.20000076
70.70100183,60.20000076
71.99699944999999,61.40000153
73.19000023999999,62.09999847
74.62599725,63.0
76.04399652,62.79999924
77.38200159,59.70000076
78.59399957,49.09999847
79.45799799,39.65000153
80.64700098,22.5
80.64600152999999,6.050000191
80.24699944999999,0.0
80.10899896,0.0
79.88999718999999,0.0
79.56599969,0.0
79.20100183,0.0
79.00500269,1.049999952
78.79600305,4.199999809
78.90099878,6.150000095
78.76700371999999,7.199999809
78.65800256,7.5
78.49699944999999,9.0
78.38699883999999,13.0
78.13100213999999,14.05000019
77.96600122,16.89999962
78.47700281,22.85000038
78.60999840999999,21.95000076
78.26099939,22.10000038
78.47099847,20.79999924
78.80100030999999,20.14999962
78.85200281,20.89999962
79.06100244,19.60000038
79.22199791999999,20.89999962
78.87800378,19.89999962
78.57400292999999,20.10000038
79.10500116,19.85000038
79.09000177,20.45000076
79.07600183,21.20000076
78.76499718999999,21.20000076
79.34499901999999,21.45000076
78.82300348,21.79999924
79.09000177,22.85000038
79.06100244,22.70000076
79.29700249999999,23.20000076
78.52000208,25.45000076
78.56300134,26.85000038
78.61399621999999,28.25
78.72299738,28.20000076
78.68400353999999,28.14999962
79.09799738,28.5
79.06599969,27.70000076
79.18099756,26.70000076
79.39200371999999,25.20000076
79.03500145999999,24.0
79.38000269,23.10000038
79.10200281,22.04999924
79.20899743999999,21.89999962
79.08299799,21.85000038
79.04800195,23.29999924
79.06899804999999,23.14999962
79.15099878,24.20000076
78.83800287,23.70000076
78.70599908,23.54999924
79.47900170999999,22.95000076
79.22700281,20.39999962
79.19900292999999,18.45000076
79.47900170999999,15.69999981
79.77999657999999,14.35000038
79.08499689,13.69999981
79.09599847,13.64999962
79.05900353999999,14.5
78.80100030999999,15.10000038
78.74899835,16.20000076
78.92999811,17.10000038
79.17300195,17.29999924
78.69099969,18.54999924
78.50099725,17.25
78.95599908,17.0
79.21099634,16.29999924
79.00300378,15.14999962
78.90600366,14.44999981
79.16699761999999,14.25
78.70599908,14.64999962
79.04299707,15.94999981
78.85899896,17.14999962
78.621,18.5
78.23499840999999,21.14999962
78.1700036,23.54999924
78.3199975,25.45000076
78.52499933,27.45000076
78.70000238,28.89999962
78.37800378,29.25
78.70899743999999,29.04999924
78.66299982,29.20000076
78.91499872,28.75
78.85899896,29.25
78.78500145999999,30.04999924
79.05199976,28.79999924
79.17699976,28.25
79.03899926999999,27.95000076
78.95200127999999,27.79999924
79.06200188999999,26.95000076
79.58299799,25.35000038
79.30499811,24.25
79.36099786,24.39999962
78.86900109999999,22.70000076
79.17899865999999,21.60000038
79.07800073,19.5
79.21800012,17.85000038
78.99500055,15.55000019
79.42100305,13.64999962
79.51599664,13.19999981
79.07300348,12.80000019
79.34699791999999,12.80000019
78.71700066999999,14.0
78.92699976,16.64999962
78.84999628,16.45000076
78.54199761999999,17.89999962
78.69800348,18.79999924
78.49699944999999,19.29999924
78.81699915,19.89999962
78.77399987999999,20.64999962
78.7479989,22.64999962
78.28700037,23.70000076
78.36399621999999,24.0
78.62599725,23.64999962
78.69699639999999,24.0
78.81599969,24.45000076
78.97199791999999,24.25
78.98299951,24.04999924
79.15600366,23.79999924
78.37900323,23.45000076
78.94099969,22.95000076
78.73100061,21.85000038
79.18099756,20.25
79.13899774,19.89999962
78.80100030999999,19.54999924
78.95999689,20.10000038
78.71500177,20.35000038
78.3179986,21.35000038
78.59499901999999,21.25
78.4900033,21.35000038
78.70100183,22.04999924
79.25099725,21.39999962
78.98799677,20.95000076
78.9200036,19.70000076
79.10899896,17.60000038
78.92999811,15.44999981
79.08900231999999,15.0
79.13999718999999,14.64999962
79.19399804999999,14.25
78.61800165,13.94999981
77.42899865999999,14.85000038
78.46899957,15.05000019
78.81599969,15.10000038
78.74699944999999,16.25
78.82099695,17.25
78.63699883999999,17.20000076
78.69699639999999,18.0
78.80000084999999,17.85000038
78.74100274999999,17.60000038
78.90900201,17.89999962
79.93199700999999,17.35000038
79.41100091999999,17.29999924
78.92899865999999,17.0
79.99300165,16.5
78.77499933,17.54999924
78.92999811,17.95000076
79.1170022,17.54999924
79.19800348,18.0
78.54199761999999,18.70000076
79.27100152999999,18.10000038
78.96400231999999,17.85000038
78.68900079,16.79999924
79.14400262,16.35000038
79.01199883999999,16.29999924
79.10200281,16.85000038
78.62599725,17.10000038
79.39800043,18.04999924
78.9979989,18.0
79.03100366,18.45000076
79.27699822999999,17.79999924
79.38300104,17.89999962
79.17899865999999,18.14999962
79.27499933,19.54999924
78.65499657999999,19.60000038
79.00600213999999,20.35000038
78.85300226,21.0
78.65199822999999,22.25
79.07600183,23.35000038
78.65600366,23.39999962
78.93099756,24.04999924
78.55399865999999,25.0
78.65399713,26.60000038
78.82800073,26.79999924
78.6949975,26.39999962
79.15900201,25.04999924
79.18900079,25.29999924
78.68900079,24.39999962
79.10300226,22.54999924
79.00400323,20.89999962
79.20699854,19.64999962
78.76399774,19.95000076
79.05499811,21.64999962
78.72900170999999,22.54999924
78.94099969,24.95000076
78.39300317,25.04999924
78.53100366,25.29999924
78.74500055,26.35000038
78.78100366,25.85000038
79.2420022,25.95000076
79.45599908,24.95000076
79.53600091999999,23.75
79.07300348,20.85000038
78.39600152999999,18.25
79.34300012,14.39999962
79.21500177,13.55000019
79.64700098,12.94999981
79.246,13.30000019
79.15700310999999,13.69999981
79.05799646,14.69999981
79.16499872,15.30000019
78.76399774,16.14999962
78.60799951,16.29999924
80.07999962999999,15.94999981
79.62000055,17.29999924
79.09599847,16.64999962
79.08700342,17.70000076
78.76900262,17.60000038
79.75900048999999,17.89999962
79.29600305,16.85000038
79.00400323,16.64999962
78.80499811,15.44999981
79.3199975,13.5
79.29099817,13.30000019
78.78799982,14.10000038
78.74699944999999,16.35000038
79.15099878,17.60000038
78.33399743999999,19.64999962
78.53100366,21.64999962
78.58099908,22.64999962
78.70300073,22.70000076
78.77599878,23.45000076
78.84699791999999,23.70000076
79.07600183,24.10000038
78.65199822999999,25.29999924
78.74999779999999,26.89999962
79.62399835,27.0
79.47199791999999,26.70000076
79.43800134,26.70000076
79.13100213999999,25.20000076
79.11299677,24.5
79.18400353999999,22.0
79.17300195,19.35000038
79.43600244,17.10000038
79.12800378,15.80000019
79.28700037,13.14999962
78.89300317,13.35000038
79.246,13.30000019
79.3199975,13.60000038
79.70200127999999,12.44999981
79.69000023999999,8.550000191
79.81500023999999,5.25
79.20999689,4.75
78.92600030999999,6.0
78.91000145999999,8.5
78.6929986,9.75
78.69099969,10.75
78.80599756,12.44999981
78.66599817,13.75
78.81400079,14.60000038
78.83199854,15.05000019
79.12699669999999,15.0
79.19599695,13.55000019
79.61399621999999,10.94999981
79.9900033,6.599999905
79.2420022,3.049999952
79.52300043,0.0
79.34499901999999,0.0
79.36800165,0.0
79.23799677,0.0
79.04299707,1.850000024
78.55900353999999,3.099999905
78.14200371999999,4.599999905
79.20799799,6.300000191
79.62199944999999,5.699999809
79.11099786,6.449999809
78.8729989,6.349999905
79.03400201,7.349999905
78.61399621999999,9.100000381
78.78300256,9.850000381
78.51099939,14.30000019
78.63999718999999,16.25
78.25400323,19.95000076
78.51700371999999,22.25
78.28500145999999,24.04999924
77.98699730999999,23.60000038
78.0490014,24.35000038
78.27399987999999,24.20000076
78.69599695,23.64999962
78.48200005999999,22.70000076
79.41299982,21.70000076
78.89500208,19.54999924
79.76499718999999,16.75
79.88100213999999,12.94999981
79.52300043,11.19999981
79.22800226,10.10000038
79.17300195,10.35000038
79.10999840999999,11.25
79.0450036,12.69999981
78.76099939,13.94999981
78.92300195,15.19999981
78.60400170999999,15.69999981
78.79299707,16.39999962
78.73599786,16.64999962
78.92500084999999,16.75
78.97199791999999,16.5
78.93400353999999,16.20000076
79.07900018,16.20000076
79.14700098,15.5
79.40800256,15.35000038
79.09999628,16.04999924
78.58399743999999,16.54999924
78.77200098,18.10000038
78.63699883999999,19.10000038
78.63799829,20.29999924
78.84599847,21.20000076
77.97800226,24.35000038
78.24899835,26.10000038
78.78999872,27.70000076
78.59200066999999,26.85000038
78.75700159,26.70000076
79.03799982,26.0
79.25600213999999,25.29999924
79.09699791999999,23.79999924
79.13300104,21.45000076
78.95100183,19.35000038
78.77999657999999,18.70000076
79.13499994,18.54999924
78.9240014,19.39999962
79.28700037,20.14999962
78.64899987999999,21.54999924
78.79700249999999,23.95000076
78.42100305,27.25
77.80000084999999,31.45000076
77.69399804999999,35.25
77.54199761999999,39.59999847
77.59699791999999,43.20000076
77.42100305,48.04999924
77.13000269,50.40000153
77.77000208,51.95000076
77.84599847,51.75
78.36299677,47.95000076
78.96400231999999,47.29999924
78.73299951,43.40000153
79.50800104,36.5
79.65199822999999,28.85000038
79.58900231999999,19.39999962
79.23499840999999,12.64999962
79.20499962999999,8.600000381
79.45400018,8.649999619
78.88899774,7.050000191
79.05799646,8.550000191
79.00999994,8.949999809
79.52399987999999,6.949999809
79.56699915,5.349999905
79.91299982,4.150000095
79.52799768,3.950000048
78.96200342,4.25
79.31200188999999,4.900000095
78.49699944999999,5.550000191
79.26900262,4.800000191
79.05699700999999,5.449999809
79.56699915,5.900000095
80.21899957,4.75
79.38699883999999,4.449999809
79.64999933,3.549999952
79.43800134,2.150000095
78.77200098,1.049999952
79.53899926999999,3.0
79.31000299,1.799999952
79.14700098,2.599999905
78.9200036,4.449999809
78.84699791999999,7.300000191
78.79600305,9.25
78.86299677,13.30000019
78.04800195,14.75
78.29600305,18.89999962
78.40900201,23.5
77.21899957,27.39999962
77.81899804999999,32.40000153
77.47900170999999,36.04999924
77.68099756,38.90000153
78.00999994,40.54999924
78.26800317,39.09999847
78.12399835,38.65000153
78.21099634,38.90000153
78.45499962999999,39.20000076
78.37499779999999,39.59999847
78.64800043,38.0
78.98100061,38.0
78.80299921,36.95000076
79.05599756,36.40000153
78.99100274999999,34.09999847
79.14200371999999,33.90000153
78.98200005999999,33.0
79.08199854,32.5
78.60200281,30.39999962
78.86299677,29.39999962
79.17999811,29.29999924
79.06000299,28.04999924
79.15199822999999,26.25
79.40399713,24.70000076
79.07700127999999,24.35000038
79.46700066999999,23.85000038
78.62399835,24.5
78.97800226,25.29999924
78.63300104,24.85000038
78.34499901999999,26.85000038
78.78700037,27.64999962
78.72499628,28.29999924
78.48899621999999,28.35000038
78.95999689,28.0
78.71099634,28.35000038
78.63499994,28.25
78.50900048999999,27.75
79.17300195,27.25
79.08099908,25.75
78.93099756,24.25
79.21700066999999,21.75
79.33700342,19.60000038
79.746,16.10000038
79.46099634,13.5
79.55100030999999,11.80000019
78.99699944999999,11.80000019
78.69399804999999,12.80000019
78.57400292999999,14.5
78.78799982,15.05000019
78.82199639999999,15.85000038
79.02599878,16.39999962
78.91799707,16.70000076
78.63699883999999,17.95000076
78.50300378,18.25
78.57700127999999,19.04999924
78.99100274999999,19.70000076
78.90700310999999,20.79999924
78.92799921,21.35000038
78.81200188999999,22.14999962
78.67200249999999,22.60000038
79.01099939,22.70000076
78.83700342,22.25
78.61299677,22.35000038
78.67799921,22.5
79.34100122,22.10000038
79.03400201,21.85000038
79.22299738,20.54999924
79.07600183,19.79999924
78.90499657999999,20.25
78.78200310999999,21.25
78.98499840999999,23.20000076
79.14999933,24.29999924
78.57800073,24.54999924
78.76800317,24.45000076
78.75999994,25.10000038
78.80100030999999,25.29999924
78.77200098,25.25
78.66699761999999,24.95000076
78.80100030999999,24.75
78.55000084999999,23.85000038
78.67300195,22.29999924
78.60899896,21.39999962
78.79299707,20.29999924
78.80499811,20.20000076
78.90800256,20.5
79.08599634,21.75
78.53600091999999,19.89999962
78.23100061,20.35000038
78.31500023999999,18.64999962
78.92200249999999,18.14999962
79.09399957,18.35000038
78.47499628,19.35000038
78.15900201,19.5
77.69199915,19.60000038
78.95000238,19.60000038
78.78300256,20.10000038
78.82300348,19.70000076
78.81300134,20.85000038
78.92200249999999,20.29999924
79.02200098,19.95000076
77.87900323,19.10000038
77.68099756,18.25
78.71500177,17.10000038
78.27699822999999,16.89999962
79.03899926999999,16.39999962
78.60500116,15.60000038
79.61199730999999,14.5
80.1949975,13.5
78.73000116,13.89999962
78.31200188999999,13.35000038
79.80699700999999,12.75
79.16100091999999,12.64999962
79.69399804999999,12.5
79.15299768,12.39999962
78.92699976,12.5
78.90299768,13.05000019
78.98399896,12.85000038
79.02899713,13.5
78.66299982,14.19999981
78.17899865999999,15.0
79.19099969,15.35000038
79.40299768,15.94999981
78.84899682999999,16.5
78.72099847,16.89999962
79.16699761999999,18.0
78.96600122,18.04999924
78.89800043,18.25
78.83499689,18.5
78.83399743999999,19.60000038
78.48499840999999,19.35000038
78.80399865999999,19.35000038
79.25300378,18.29999924
79.37000055,17.45000076
79.31000299,15.30000019
79.13899774,14.05000019
79.01299829,13.30000019
78.69199915,14.60000038
78.61600274999999,16.75
78.06899804999999,20.0
78.28200310999999,21.70000076
78.67699976,21.70000076
78.56000299,21.35000038
78.30799646,23.54999924
78.59599847,23.89999962
78.41899652,26.85000038
78.21099634,27.85000038
78.52399987999999,29.25
78.82800073,29.45000076
78.64400262,29.5
78.53899926999999,30.35000038
78.62599725,30.60000038
78.59300012,30.79999924
78.60799951,31.14999962
78.88200159,31.14999962
78.81899804999999,31.0
78.86099786,30.64999962
79.06500023999999,29.75
79.07999962999999,28.95000076
79.05100030999999,29.39999962
78.80499811,30.35000038
78.76800317,30.25
79.21700066999999,29.70000076
79.35700005999999,27.45000076
79.32099695,25.64999962
79.30199976,22.45000076
79.57300348,19.0
79.5490014,15.69999981
79.58199854,12.25
79.30699700999999,11.05000019
79.02100152999999,11.25
79.36600274999999,11.0
79.13499994,10.05000019
79.42799921,10.69999981
79.52399987999999,9.300000191
79.26299829,9.350000381
79.13799829,8.399999619
79.23399896,8.050000191
79.25999994,8.350000381
79.27899713,8.75
79.23499840999999,7.599999905
79.58099908,7.650000095
79.28100366,7.699999809
79.18199700999999,7.449999809
79.0490014,7.550000191
79.13999718999999,9.199999809
78.97600335999999,10.69999981
78.58900231999999,13.0
78.18800134,16.39999962
78.12699669999999,20.85000038
78.07400292999999,24.64999962
77.98100061,26.25
78.72099847,26.64999962
78.17799921,27.35000038
78.17899865999999,27.95000076
78.41899652,27.10000038
78.94699639999999,27.14999962
78.37000055,26.79999924
78.64700098,26.64999962
79.21999901999999,25.64999962
79.03600091999999,25.20000076
79.55199976,23.95000076
79.41799707,21.64999962
79.17600030999999,19.39999962
79.08299799,17.64999962
79.16699761999999,17.5
79.23399896,17.85000038
78.78500145999999,17.54999924
79.28600091999999,17.45000076
78.55699700999999,19.64999962
78.82700127999999,19.64999962
78.84000177,19.45000076
78.64500208,20.20000076
78.87499779999999,19.89999962
78.99400109999999,19.89999962
78.67600030999999,19.39999962
78.87399835,18.45000076
79.24699944999999,17.14999962
79.06300134,16.64999962
79.09300012,16.5
79.03500145999999,16.45000076
78.95300073,16.10000038
78.90199822999999,16.89999962
78.89999933,17.04999924
78.52200098,19.10000038
78.59599847,20.54999924
78.30399865999999,22.54999924
78.74999779999999,23.29999924
78.51499718999999,24.0
78.94900292999999,23.95000076
78.74899835,25.35000038
78.8179986,24.14999962
78.67899865999999,26.35000038
78.77499933,24.85000038
78.98399896,24.75
78.84000177,24.39999962
78.94800348,24.25
79.11600274999999,23.75
78.75800104,22.45000076
79.496,21.35000038
79.22700281,19.95000076
79.11199730999999,19.29999924
79.04800195,20.35000038
78.85500116,20.45000076
79.05799646,21.64999962
78.96999901999999,20.89999962
79.23299951,20.39999962
79.15199822999999,18.25
79.02399987999999,17.04999924
79.27399987999999,15.85000038
78.78999872,14.35000038
78.90499657999999,14.55000019
78.97600335999999,15.55000019
78.96800012,16.79999924
79.01499718999999,17.89999962
79.04600305,19.04999924
78.80100030999999,19.60000038
78.81899804999999,20.75
79.0450036,20.5
78.96200342,20.70000076
78.79700249999999,19.75
78.96300287,20.89999962
78.98299951,20.45000076
78.75400323,21.79999924
78.82999962999999,21.85000038
78.75800104,23.10000038
78.80000084999999,23.5
78.62499779999999,24.0
78.65600366,24.79999924
78.7479989,25.39999962
78.80599756,25.29999924
78.63599939,26.04999924
78.85700005999999,25.54999924
78.95699854,25.85000038
78.71200342,25.25
78.91399926999999,25.39999962
78.93600244,25.04999924
79.07400292999999,25.10000038
79.20999689,23.70000076
79.12399835,23.04999924
79.08199854,22.20000076
78.87699669999999,21.35000038
79.17899865999999,19.95000076
79.16699761999999,18.75
78.94199915,18.29999924
79.05199976,18.35000038
79.56100244,18.64999962
79.20899743999999,18.54999924
80.3179986,18.10000038
79.84399957,18.70000076
79.50600213999999,17.39999962
79.31200188999999,16.04999924
79.46700066999999,15.85000038
79.14500208,15.39999962
79.05100030999999,14.5
79.08199854,15.25
79.24400109999999,15.30000019
78.86399621999999,15.94999981
78.83700342,16.14999962
79.0490014,16.35000038
79.08800287,16.14999962
79.24899835,16.35000038
79.02100152999999,15.75
79.13000269,15.64999962
79.05699700999999,15.64999962
79.11900109999999,15.35000038
79.07800073,16.39999962
78.69599695,17.70000076
78.90900201,19.0
78.75999994,20.54999924
78.69000023999999,21.25
78.62399835,23.20000076
78.52300043,23.75
78.72199791999999,25.0
78.79800195,24.64999962
78.94800348,24.5
78.93199700999999,23.89999962
78.92699976,23.89999962
79.05699700999999,22.25
79.02799768,21.29999924
79.24300165,20.79999924
79.02799768,20.20000076
79.17600030999999,19.5
79.13999718999999,19.29999924
79.0450036,18.64999962
79.13400048999999,17.5
79.35899896,16.10000038
78.98299951,15.85000038
79.32800073,15.69999981
78.92300195,15.94999981
79.04800195,17.14999962
79.19800348,16.64999962
78.97399682999999,16.20000076
79.47299738,17.29999924
79.24100274999999,16.89999962
79.2420022,15.85000038
78.9200036,15.14999962
79.15199822999999,14.25
79.28700037,14.30000019
79.13799829,13.14999962
79.07600183,13.69999981
79.11900109999999,12.69999981
79.06100244,13.64999962
79.27799768,13.89999962
79.18700188999999,13.69999981
79.06899804999999,14.64999962
78.96600122,15.14999962
78.93099756,16.20000076
79.07900018,16.5
79.18400353999999,17.45000076
78.99500055,16.70000076
79.0450036,18.20000076
78.65700310999999,19.29999924
78.27599878,22.29999924
77.87199944999999,25.79999924
78.30199976,28.54999924
78.26499718999999,32.84999847
78.22399682999999,30.85000038
78.23100061,32.65000153
78.4240014,32.0
78.60300226,32.79999924
78.73699730999999,32.34999847
78.70300073,31.29999924
78.59100122,32.04999924
78.67500084999999,32.59999847
78.47099847,33.34999847
78.90700310999999,33.75
78.98000116,32.59999847
79.02899713,32.95000076
79.05000084999999,31.95000076
78.97099847,31.64999962
78.90499657999999,31.60000038
78.71400231999999,31.25
78.64200371999999,31.45000076
78.73499840999999,32.29999924
78.7950036,32.70000076
78.71300287,32.45000076
78.86600274999999,33.04999924
79.15099878,32.04999924
78.87699669999999,32.34999847
79.03100366,31.04999924
78.86299677,31.04999924
79.09599847,30.70000076
78.62399835,31.04999924
78.93600244,30.64999962
79.06400079,30.5
78.89600152999999,30.0
78.89500208,29.54999924
78.84399957,30.20000076
78.88799829,30.54999924
79.01299829,30.04999924
79.00800104,29.25
79.74400109999999,25.20000076
79.80399865999999,18.29999924
79.70100183,12.19999981
79.21099634,10.19999981
79.121,11.30000019
78.96400231999999,13.5
79.19599695,13.55000019
79.35600061,11.64999962
79.36099786,8.800000191
79.0679986,7.25
79.42999811,6.599999905
79.11399621999999,7.550000191
79.10100335999999,9.850000381
79.03400201,10.5
79.1949975,12.44999981
79.07900018,11.80000019
79.48599786,10.64999962
79.43299646,9.300000191
79.59599847,6.900000095
79.32400292999999,3.900000095
79.94399804999999,0.0
79.98599786,0.0
79.8670022,0.0
79.63400048999999,0.0
79.90099878,0.0
78.90700310999999,0.0
79.10100335999999,1.950000048
78.34200066999999,7.0
77.39700098,14.89999962
77.68700188999999,20.85000038
77.42899865999999,27.64999962
77.52999657999999,30.45000076
77.7479989,31.45000076
78.13400048999999,31.45000076
78.21099634,30.54999924
78.18600244,31.70000076
78.49699944999999,30.5
78.93900079,29.35000038
78.6700036,29.0
79.30299921,28.10000038
79.00999994,27.10000038
79.21999901999999,25.35000038
79.32199639999999,22.60000038
79.44399804999999,20.35000038
79.13699883999999,19.14999962
79.26399774,19.20000076
79.18199700999999,18.89999962
79.05100030999999,20.14999962
78.98899621999999,20.89999962
78.84999628,22.70000076
78.90299768,22.45000076
78.59499901999999,23.85000038
78.71099634,24.79999924
78.89999933,24.79999924
78.95100183,24.75
78.88999718999999,25.04999924
79.14600152999999,23.85000038
78.97800226,24.89999962
78.9449975,23.5
79.01700371999999,23.70000076
79.39300317,24.10000038
79.03100366,24.25
79.04199761999999,23.70000076
79.00800104,24.75
79.07900018,24.14999962
79.17799921,23.95000076
79.04600305,24.20000076
78.91499872,23.0
78.96200342,22.20000076
78.83800287,21.10000038
79.05199976,20.20000076
78.70899743999999,21.64999962
78.96999901999999,21.10000038
78.94599695,22.5
78.60999840999999,24.35000038
79.08199854,23.04999924
78.91699761999999,22.0
78.93299646,21.70000076
78.97700281,21.0
78.62599725,21.04999924
78.36299677,22.45000076
78.76599664,23.0
78.99999779999999,21.95000076
79.18099756,21.79999924
79.24500055,20.89999962
79.62900323,19.85000038
79.03200310999999,18.14999962
78.95200127999999,15.05000019
79.42500084999999,13.0
78.88400048999999,12.25
78.95400018,12.89999962
78.84599847,13.55000019
78.97199791999999,15.05000019
78.9920022,15.44999981
78.81699915,16.29999924
78.75199669999999,16.95000076
79.03400201,17.60000038
78.89800043,18.0
78.746,18.75
78.92500084999999,19.0
78.80299921,19.25
78.90700310999999,18.75
79.16899652,18.14999962
79.11099786,17.45000076
79.18299646,16.85000038
79.40199822999999,16.10000038
79.29800195,15.39999962
78.89400262,14.89999962
79.07400292999999,15.60000038
78.95000238,16.35000038
78.8650033,17.35000038
78.61900109999999,18.95000076
78.49999779999999,20.85000038
78.64700098,22.89999962
78.61600274999999,24.14999962
78.62399835,24.79999924
78.6740014,24.85000038
78.8179986,26.10000038
78.49899835,25.95000076
78.63400048999999,26.0
79.00600213999999,25.04999924
78.96800012,24.95000076
79.00300378,24.20000076
79.14099664,23.25
79.20699854,21.29999924
79.25999994,20.10000038
79.04800195,20.5
79.13000269,20.39999962
78.90099878,21.29999924
78.94099969,21.79999924
78.83499689,22.70000076
78.76399774,22.64999962
78.96200342,23.85000038
78.85799951,24.14999962
79.08099908,24.10000038
78.81500023999999,24.0
78.99699944999999,24.04999924
79.03999872,24.45000076
78.89999933,24.14999962
79.03400201,24.20000076
78.92699976,23.64999962
79.01299829,23.70000076
79.18099756,23.79999924
79.08399743999999,23.5
78.89099664,24.14999962
79.05100030999999,22.45000076
78.89700098,22.14999962
78.87599725,22.60000038
79.14600152999999,22.95000076
78.99400109999999,23.0
78.94699639999999,23.14999962
78.88100213999999,23.39999962
79.11900109999999,23.25
78.71400231999999,22.39999962
79.08299799,23.35000038
78.93600244,23.14999962
78.99100274999999,23.10000038
79.03500145999999,23.25
78.89400262,23.10000038
79.34100122,22.29999924
79.3670022,20.0
79.77599878,16.5
79.65800256,11.05000019
79.83499689,6.150000095
80.02699822999999,1.450000048
79.82600183,0.0
79.85799951,0.0
80.24999779999999,0.0
80.38100213999999,0.0
80.76499718999999,0.0
80.44699639999999,0.0
80.996,0.0
81.26099939,0.0
81.20699854,0.0
81.06400079,0.0
81.6170022,0.0
80.56200188999999,0.0
80.28600091999999,0.0
79.76199883999999,0.0
78.9920022,0.0
78.45200127999999,7.400000095
77.64999933,19.10000038
77.43900079,22.20000076
77.33199854,32.0
77.26599664,37.34999847
77.4200036,35.09999847
78.12499779999999,34.45000076
78.1700036,31.0
78.91299982,29.0
79.0490014,27.35000038
79.16799707,27.20000076
79.24899835,25.04999924
79.22900170999999,22.5
79.09999628,21.14999962
79.23499840999999,21.20000076
79.01199883999999,21.0
78.50900048999999,23.14999962
78.55000084999999,25.25
78.38599939,26.75
78.50400323,27.20000076
78.91100091999999,27.39999962
78.84899682999999,27.0
78.93400353999999,26.14999962
79.16299982,25.14999962
79.2400033,22.79999924
79.30699700999999,20.39999962
79.21300287,19.0
79.26599664,17.39999962
79.17200249999999,16.64999962
78.95699854,18.60000038
79.06899804999999,18.54999924
78.90199822999999,19.85000038
78.72499628,21.5
78.74400109999999,21.64999962
78.80599756,22.0
78.85799951,22.0
79.05799646,22.10000038
78.97099847,22.10000038
78.94099969,21.79999924
79.07800073,21.45000076
79.33700342,20.29999924
79.32400292999999,18.54999924
79.1700036,16.54999924
79.24699944999999,16.29999924
79.15199822999999,15.64999962
79.02200098,15.60000038
79.02499933,16.75
78.82199639999999,17.64999962
78.82199639999999,18.04999924
79.28400201,18.35000038
78.85400170999999,17.75
78.77300043,18.25
79.14700098,18.25
79.20100183,17.89999962
79.15299768,18.39999962
78.88200159,17.95000076
78.89500208,18.29999924
79.15399713,18.54999924
78.79600305,18.10000038
79.08199854,17.95000076
79.08199854,18.54999924
78.87199944999999,18.20000076
78.95400018,18.10000038
79.10899896,17.60000038
79.29299707,17.79999924
79.02000208,17.39999962
79.11600274999999,17.95000076
78.8670022,17.64999962
78.98699730999999,18.25
79.03100366,19.10000038
78.96600122,19.5
79.07800073,18.75
79.07700127999999,19.89999962
79.17999811,19.39999962
78.77399987999999,19.20000076
78.8179986,19.79999924
78.88599939,20.25
78.98499840999999,20.14999962
79.29600305,19.89999962
78.98899621999999,19.10000038
79.23100061,18.79999924
79.27200098,17.85000038
79.09399957,17.75
79.06300134,18.04999924
79.19000023999999,18.14999962
79.28400201,17.25
79.21300287,18.0
79.03300256,19.25
78.85999840999999,19.25
79.10500116,19.10000038
78.82700127999999,19.29999924
78.98799677,20.10000038
79.09100122,19.54999924
78.76299829,19.25
79.02599878,18.75
78.93800134,19.75
79.03799982,19.70000076
78.9979989,19.79999924
79.11600274999999,20.39999962
78.89899987999999,21.70000076
78.83099908,21.10000038
78.92600030999999,20.95000076
79.02499933,21.25
79.11299677,21.0
79.07300348,21.0
79.14600152999999,20.25
79.30399865999999,19.45000076
79.23899621999999,18.85000038
79.12000055,18.04999924
79.11299677,16.89999962
78.91899652,17.5
79.01299829,17.54999924
79.01199883999999,17.39999962
79.11099786,18.85000038
79.01499718999999,19.95000076
79.01599664,19.25
78.92500084999999,19.10000038
78.89099664,19.89999962
78.9920022,19.54999924
78.98200005999999,19.64999962
79.11800165,18.60000038
79.33199854,18.14999962
79.07300348,16.35000038
79.17600030999999,14.80000019
79.31300134,14.35000038
79.12399835,14.89999962
79.01399774,16.70000076
78.67899865999999,16.75
78.91399926999999,17.79999924
79.20100183,18.79999924
78.59899682999999,19.10000038
78.75099725,20.20000076
78.89800043,20.29999924
78.6949975,20.35000038
79.28899926999999,20.35000038
78.63599939,20.64999962
78.96899957,20.35000038
78.94800348,19.79999924
78.87499779999999,20.64999962
79.02699822999999,21.75
78.80799646,22.64999962
78.43299646,23.79999924
78.53500145999999,24.95000076
78.41399926999999,26.95000076
78.60899896,29.45000076
78.17899865999999,30.54999924
78.40700310999999,32.79999924
77.9900033,33.70000076
78.15499657999999,35.95000076
78.19099969,34.65000153
78.82500238,33.84999847
79.76199883999999,32.40000153
78.87399835,31.29999924
79.10600061,28.29999924
79.30900353999999,25.20000076
79.51099939,21.95000076
79.33299799,19.39999962
79.63799829,17.39999962
79.11800165,16.70000076
79.04700249999999,16.0
79.13499994,17.14999962
79.3179986,17.89999962
78.81899804999999,19.0
79.06000299,19.85000038
78.80599756,20.70000076
78.85700005999999,20.89999962
78.81500023999999,21.54999924
78.88200159,21.79999924
79.01800317,22.0
79.21800012,22.60000038
79.17899865999999,21.25
79.07199639999999,20.60000038
79.4429986,19.45000076
79.09999628,18.64999962
79.03700037,18.10000038
78.89099664,18.54999924
79.03700037,18.75
78.90900201,19.85000038
78.78799982,20.79999924
78.89899987999999,21.5
78.88799829,21.14999962
79.11299677,20.75
78.98899621999999,20.20000076
79.13699883999999,20.25
79.09200066999999,20.45000076
78.77399987999999,21.20000076
79.15700310999999,21.10000038
79.09399957,20.70000076
79.09100122,21.14999962
79.00199669999999,21.29999924
78.93400353999999,21.25
79.01399774,21.29999924
78.90800256,21.35000038
79.1229989,21.60000038
78.94099969,21.75
78.91499872,21.89999962
78.92100305,21.25
79.08700342,20.29999924
79.21700066999999,19.35000038
78.92999811,19.85000038
79.08399743999999,19.54999924
79.08700342,19.70000076
79.02399987999999,19.0
78.82900018,18.85000038
79.20100183,18.89999962
78.89999933,19.25
79.14700098,17.75
79.05100030999999,18.5
78.72399682999999,18.70000076
78.97399682999999,20.10000038
79.01199883999999,19.5
79.04299707,19.70000076
78.96300287,19.79999924
78.90900201,19.89999962
79.09499901999999,19.75
78.996,19.35000038
78.94800348,19.10000038
78.96099634,19.04999924
79.05599756,19.14999962
79.15600366,18.64999962
79.02399987999999,18.29999924
79.00900048999999,18.79999924
78.6740014,19.0
78.76399774,19.75
78.79700249999999,19.10000038
78.93800134,19.14999962
79.1949975,18.45000076
79.41200037,16.79999924
79.12699669999999,15.75
78.91200037,15.0
78.87499779999999,15.64999962
79.25700159,16.20000076
79.37699669999999,16.39999962
79.75400323,17.14999962
79.27200098,16.89999962
79.25800104,17.29999924
78.9920022,16.95000076
79.50600213999999,15.89999962
79.45799799,15.19999981
79.13799829,15.44999981
78.54700249999999,18.14999962
78.64700098,19.60000038
78.4200036,23.54999924
78.21999901999999,26.89999962
78.14700098,29.70000076
78.25800104,32.0
78.22499628,33.15000153
78.13899774,34.45000076
78.16799707,35.70000076
78.42100305,36.04999924
78.15199822999999,38.15000153
78.47099847,37.04999924
78.27000208,36.95000076
79.02599878,38.54999924
78.59499901999999,35.15000153
78.96800012,34.25
78.89899987999999,32.95000076
79.00800104,33.5
79.28799982,30.75
79.09499901999999,29.75
78.46300287,30.64999962
79.15900201,31.0
78.96700066999999,30.54999924
79.10400170999999,29.0
79.00199669999999,29.29999924
78.80599756,28.60000038
78.9240014,30.54999924
78.41000145999999,31.54999924
78.70799799,32.90000153
78.46999901999999,33.45000076
78.80000084999999,32.04999924
79.13300104,31.54999924
79.08599634,29.70000076
79.52200098,25.89999962
79.65600366,20.64999962
79.58199854,15.0
79.77899713,10.0
79.22700281,7.800000191
79.31400079,7.599999905
80.12800378,7.75
79.17100305,9.100000381
79.37699669999999,8.5
79.62399835,8.199999809
79.60600061,7.650000095
79.03500145999999,6.550000191
79.20799799,7.849999905
79.50300378,5.5
79.13000269,5.150000095
79.64800043,4.150000095
79.3670022,4.75
79.25900048999999,4.199999809
78.88799829,5.199999809
78.97900170999999,5.900000095
78.31300134,7.849999905
78.55299921,9.800000191
78.75900048999999,11.25
78.67600030999999,14.39999962
78.91399926999999,17.10000038
78.53100366,18.25
77.69000023999999,20.85000038
78.19699639999999,23.39999962
78.20200127999999,25.20000076
78.57700127999999,24.60000038
77.88300104,24.89999962
78.62399835,25.29999924
79.15600366,25.85000038
78.68700188999999,27.45000076
78.48599786,26.79999924
78.87000055,27.54999924
78.77599878,26.64999962
79.18400353999999,27.10000038
79.15700310999999,25.35000038
79.49500055,24.10000038
79.66100091999999,21.35000038
79.27799768,21.39999962
79.23899621999999,20.0
79.13000269,21.5
78.98699730999999,21.70000076
78.88599939,23.10000038
78.87000055,22.85000038
78.90900201,22.39999962
79.20400018,22.70000076
79.21400231999999,21.60000038
79.05299921,20.45000076
79.13899774,18.35000038
79.19199915,17.75
78.96500177,16.70000076
78.87800378,14.5
79.13400048999999,13.80000019
79.1229989,14.0
78.95999689,14.89999962
78.85799951,16.10000038
79.03100366,16.70000076
79.00099725,17.45000076
79.11800165,17.89999962
79.01900262,18.5
78.79199761999999,18.14999962
79.43500299,19.89999962
78.83499689,20.35000038
79.05299921,19.29999924
78.96800012,19.70000076
78.71600122,20.5
78.62599725,23.14999962
78.4240014,22.25
78.70400018,23.20000076
78.59799738,24.10000038
79.03999872,24.10000038
78.66599817,25.35000038
79.01199883999999,25.25
79.07099695,24.60000038
79.01499718999999,24.54999924
79.26399774,23.64999962
78.87800378,23.70000076
79.21999901999999,22.14999962
79.02399987999999,23.39999962
78.67100305,22.64999962
79.21700066999999,22.29999924
78.95200127999999,21.14999962
79.73599786,20.25
78.98699730999999,18.89999962
79.06500023999999,17.70000076
78.71800012,17.35000038
79.09499901999999,18.5
78.9900033,18.0
78.99300165,18.29999924
78.82800073,18.20000076
78.97600335999999,18.60000038
79.11399621999999,19.04999924
79.08599634,19.5
79.22800226,18.10000038
79.26299829,17.39999962
79.36099786,16.04999924
79.69900292999999,15.14999962
79.30599756,13.85000038
79.2479989,14.80000019
78.85200281,14.55000019
79.01399774,15.19999981
79.01499718999999,14.75
78.58499689,17.25
78.8729989,17.5
78.80599756,18.54999924
78.90600366,18.64999962
78.08499689,21.14999962
78.78899926999999,21.85000038
78.38400048999999,23.75
78.71999901999999,24.20000076
78.48100061,24.29999924
78.82999962999999,23.39999962
78.64999933,22.25
79.05900353999999,21.75
79.00800104,21.54999924
79.03799982,22.20000076
79.26499718999999,22.0
78.73299951,22.25
79.16499872,21.95000076
79.04399652,22.14999962
78.70499962999999,22.10000038
78.85200281,24.14999962
78.86199730999999,23.54999924
78.76099939,25.25
78.70499962999999,25.75
78.73699730999999,25.95000076
78.92799921,25.5
78.82300348,26.45000076
78.99400109999999,26.0
79.17899865999999,26.5
78.65499657999999,27.85000038
79.07800073,28.35000038
78.73000116,29.35000038
78.83599634,30.95000076
78.10700005999999,32.54999924
78.34100122,33.29999924
78.09200066999999,33.65000153
78.51800317,34.84999847
78.4979989,34.59999847
78.78799982,35.20000076
78.85400170999999,34.84999847
78.91100091999999,36.59999847
78.73899621999999,35.79999924
79.02699822999999,34.70000076
79.45400018,31.79999924
79.40900201,26.70000076
79.61900109999999,20.79999924
79.84599847,15.0
79.2400033,10.05000019
79.32600183,8.800000191
79.39099664,7.5
79.39800043,8.550000191
79.34999628,8.25
79.29399652,8.949999809
79.18099756,8.399999619
79.11299677,8.649999619
79.26099939,8.699999809
79.18400353999999,9.149999619
79.30599756,8.899999619
79.28100366,9.649999619
79.15399713,9.149999619
79.1929986,10.14999962
79.09100122,9.399999619
79.05299921,8.550000191
78.8179986,8.350000381
79.4429986,8.949999809
78.97499628,8.449999809
78.88000269,10.14999962
78.82900018,11.69999981
78.41299982,14.35000038
77.89700098,16.35000038
78.61800165,19.25
78.3729989,22.10000038
78.27999657999999,23.60000038
78.48699730999999,25.35000038
78.09599847,27.45000076
78.38300104,30.10000038
78.31200188999999,31.20000076
78.01099939,32.65000153
78.88300104,32.04999924
78.8179986,32.5
78.31000299,34.04999924
78.65299768,33.5
78.70499962999999,34.20000076
78.8199975,33.29999924
78.62900323,34.0
79.17799921,32.84999847
78.98599786,32.34999847
79.15700310999999,32.25
78.80799646,31.39999962
78.84300012,29.70000076
78.92300195,27.0
78.81000299,24.95000076
78.61299677,25.54999924
78.58099908,25.0
78.33199854,26.29999924
78.67899865999999,24.5
78.80699700999999,25.75
79.13000269,25.70000076
79.57600183,22.39999962
79.67300195,17.5
79.62399835,11.35000038
79.53500145999999,5.75
79.46600122,2.799999952
79.42200249999999,0.100000001
80.27200098,0.25
78.95499962999999,1.600000024
79.03100366,2.650000095
79.08299799,4.150000095
79.39700098,5.150000095
78.71700066999999,4.900000095
78.52799768,5.25
79.00800104,6.300000191
78.73399896,6.099999905
78.36299677,6.949999809
79.30900353999999,4.949999809
79.06200188999999,5.849999905
79.12699669999999,5.25
79.32999962999999,5.349999905
78.65099878,6.900000095
78.49100274999999,8.899999619
78.66599817,9.800000191
78.53200310999999,13.5
78.57500238,15.75
78.07500238,18.70000076
78.02300043,22.04999924
78.09799738,23.75
78.41000145999999,23.54999924
78.44099969,24.0
78.88100213999999,24.0
78.6170022,24.25
78.90800256,24.20000076
78.72700281,22.64999962
79.19099969,23.04999924
79.31500023999999,21.79999924
79.12699669999999,21.89999962
78.88899774,21.89999962
78.93700188999999,23.10000038
79.21099634,22.95000076
78.82600183,23.54999924
78.64899987999999,23.20000076
78.45699854,23.60000038
78.78300256,23.39999962
78.70499962999999,23.95000076
78.96099634,23.29999924
78.21500177,24.39999962
78.75800104,22.89999962
78.9200036,23.04999924
78.09200066999999,21.79999924
79.07900018,21.39999962
78.9200036,19.5
79.45899743999999,18.75
78.71700066999999,16.39999962
79.36399621999999,15.05000019
79.23899621999999,13.30000019
78.73599786,13.75
78.87499779999999,12.60000038
79.02000208,12.89999962
79.30100030999999,12.89999962
79.11600274999999,13.69999981
78.14600152999999,13.94999981
78.76299829,14.75
79.18299646,13.69999981
78.87399835,17.0
78.95799799,14.35000038
78.21500177,16.60000038
79.10600061,16.04999924
79.15099878,16.10000038
78.99699944999999,16.25
78.84399957,15.94999981
79.01299829,15.69999981
78.84399957,14.10000038
79.19199915,13.0
78.27699822999999,11.80000019
79.05900353999999,11.25
78.42200249999999,9.25
78.64800043,10.89999962
78.82199639999999,10.10000038
79.17899865999999,11.75
78.99400109999999,11.94999981
79.12499779999999,13.05000019
79.39099664,14.44999981
78.28700037,15.75
78.01099939,18.79999924
78.02699822999999,21.89999962
78.12699669999999,23.20000076
78.56200188999999,24.60000038
78.45400018,25.89999962
78.58299799,25.25
78.38799829,24.60000038
78.28200310999999,24.04999924
77.43400353999999,24.35000038
74.03999872,23.60000038
79.10600061,22.64999962
78.64200371999999,20.14999962
79.28999872,17.04999924
79.05799646,15.39999962
79.621,13.10000038
79.3199975,11.5
79.24899835,10.39999962
79.10100335999999,10.85000038
78.84899682999999,12.25
78.88899774,15.0
78.84499901999999,15.25
78.74899835,16.85000038
78.95000238,15.94999981
79.28799982,16.10000038
78.97099847,16.20000076
78.21899957,16.54999924
79.28200310999999,16.5
79.08399743999999,16.70000076
78.52100152999999,16.0
78.82900018,16.25
78.96600122,15.5
79.46200342,15.89999962
79.14200371999999,16.70000076
78.76299829,18.14999962
78.76299829,19.95000076
79.20999689,21.25
79.99899835,23.75
78.71300287,26.29999924
78.46899957,27.64999962
78.52200098,27.89999962
79.18800134,28.10000038
78.40600366,28.25
78.78700037,28.64999962
78.71600122,28.75
79.13100213999999,31.45000076
78.45599908,31.79999924
78.49899835,32.65000153
78.58900231999999,32.25
79.54199761999999,32.40000153
79.09799738,31.95000076
79.07600183,30.64999962
79.20000238,28.60000038
79.28799982,25.35000038
79.38499994,24.10000038
79.81100244,22.64999962
79.18500299,24.25
79.24100274999999,25.54999924
79.0450036,24.39999962
79.13499994,23.85000038
79.31699915,23.0
79.23899621999999,21.20000076
79.16499872,17.54999924
80.11600274999999,14.10000038
79.81599969,11.64999962
79.70200127999999,7.849999905
79.7990014,5.449999809
79.82199639999999,2.349999905
80.38799829,1.399999976
79.81599969,0.0
79.94399804999999,0.0
79.47199791999999,0.0
79.30000084999999,0.0
78.59599847,1.850000024
78.67600030999999,4.75
78.55900353999999,5.75
78.47900170999999,9.0
78.9900033,8.0
78.67500084999999,8.199999809
79.23299951,7.300000191
78.73000116,5.849999905
79.19900292999999,7.050000191
79.72299738,6.650000095
78.7990014,7.800000191
78.56400079,9.0
78.85100335999999,12.60000038
78.64899987999999,16.75
78.1949975,19.95000076
78.06000299,23.14999962
77.67799921,28.29999924
77.48100061,32.84999847
77.10999840999999,37.15000153
77.57500238,39.95000076
77.88499994,40.5
78.59300012,40.75
78.49899835,41.25
78.37000055,44.59999847
78.01299829,42.79999924
78.83499689,41.40000153
79.3670022,39.34999847
79.13799829,34.40000153
80.75099725,26.75
80.45300073,17.64999962
79.99899835,7.5
79.4449975,4.699999809
79.29800195,4.699999809
78.91299982,7.300000191
79.58499689,8.949999809
78.80599756,10.35000038
78.88400048999999,11.80000019
78.78500145999999,13.44999981
78.20400018,16.10000038
78.23100061,3.400000095
77.35600061,16.70000076
77.92200249999999,28.25
77.8650033,13.75
78.96999901999999,19.60000038
79.09300012,22.04999924
79.39600152999999,23.0
79.95499962999999,23.35000038
79.67999811,5.849999905
79.74100274999999,12.94999981
78.46300287,15.14999962
78.83700342,15.89999962
77.10200281,16.89999962
77.34499901999999,21.79999924
76.81100244,38.09999847
77.10300226,43.20000076
77.48899621999999,46.09999847
77.48599786,43.90000153
78.21400231999999,43.04999924
77.63699883999999,37.90000153
79.74300165,33.70000076
79.59599847,27.35000038
79.66899652,16.14999962
79.6949975,6.349999905
80.40499657999999,0.0
79.70699854,0.0
79.91000145999999,0.0
79.89500208,0.0
80.22600335999999,0.0
79.91899652,0.0
80.00999994,0.0
80.33299799,0.0
80.121,0.0
80.89200371999999,0.0
80.496,0.0
79.75199669999999,0.0
79.33900231999999,0.0
79.09000177,3.599999905
78.08800287,11.05000019
77.76499718999999,19.60000038
77.75300378,23.95000076
77.81300134,25.85000038
78.33299799,27.14999962
78.17100305,26.14999962
78.60300226,26.64999962
78.74500055,24.60000038
79.30100030999999,24.20000076
79.37399835,23.25
79.22499628,21.5
79.3179986,19.25
79.58099908,16.79999924
79.49999779999999,13.35000038
79.17100305,12.35000038
79.38200159,11.55000019
78.97499628,12.25
78.89099664,14.0
78.62699669999999,16.25
78.43900079,20.60000038
78.22600335999999,25.25
77.61399621999999,29.70000076
77.57600183,34.15000153
77.41100091999999,39.40000153
77.36900109999999,42.45000076
77.33700342,46.45000076
77.6929986,48.45000076
78.22800226,45.20000076
78.50199669999999,43.34999847
78.8729989,40.79999924
79.04800195,37.65000153
79.45799799,31.20000076
79.77100152999999,24.14999962
79.31100244,19.14999962
79.14500208,16.95000076
79.30900353999999,13.30000019
79.55299921,11.75
79.75400323,11.05000019
79.53899926999999,10.55000019
79.00400323,11.19999981
79.0490014,13.14999962
78.76800317,14.10000038
79.26599664,15.35000038
78.29800195,17.29999924
78.68099756,19.20000076
78.28300256,21.04999924
78.34999628,23.20000076
78.49500055,23.5
78.58499689,24.45000076
78.5699975,25.10000038
78.52699822999999,24.10000038
78.56300134,26.60000038
78.05199976,28.14999962
78.10300226,30.70000076
78.43400353999999,31.14999962
78.4449975,30.70000076
78.41599817,29.85000038
79.26199883999999,28.85000038
79.19900292999999,27.0
79.44599695,26.35000038
80.41200037,18.95000076
80.73799677,8.149999619
79.44699639999999,2.700000048
79.12699669999999,1.450000048
78.80199976,1.950000048
78.92699976,3.799999952
78.59699791999999,5.150000095
79.03500145999999,4.650000095
79.12900323,5.949999809
78.59000177,7.650000095
78.59200066999999,10.55000019
78.16699761999999,15.85000038
78.19900292999999,19.95000076
77.57300348,26.45000076
77.56699915,29.79999924
78.48000116,32.95000076
78.76499718999999,35.75
77.4200036,37.70000076
78.38499994,35.65000153
78.73699730999999,33.20000076
78.86099786,33.29999924
79.14700098,31.79999924
79.08700342,31.29999924
79.746,30.70000076
79.18299646,29.04999924
79.34000177,26.95000076
79.57500238,23.25
79.40399713,20.14999962
78.46099634,17.75
79.02000208,17.5
79.37000055,19.45000076
79.18099756,20.10000038
79.31599969,20.70000076
78.78100366,21.89999962
78.98399896,23.5
79.02499933,22.95000076
79.35600061,21.45000076
79.21099634,19.14999962
78.88400048999999,18.54999924
79.58199854,18.10000038
78.14500208,18.5
78.61399621999999,19.0
79.00400323,19.20000076
78.60999840999999,19.85000038
79.02599878,21.79999924
78.63499994,22.5
79.23799677,23.60000038
78.65299768,23.60000038
79.08900231999999,23.64999962
78.92500084999999,23.35000038
79.05399865999999,22.35000038
79.11800165,20.70000076
79.35899896,19.25
79.09499901999999,18.64999962
79.03500145999999,18.0
79.13100213999999,17.20000076
78.9449975,17.10000038
79.01399774,18.54999924
78.28899926999999,20.39999962
78.39899987999999,21.39999962
78.87599725,21.79999924
78.36600274999999,21.95000076
79.28400201,21.45000076
79.03999872,20.54999924
78.98399896,19.10000038
78.85500116,18.35000038
78.93900079,19.35000038
78.98699730999999,20.70000076
78.62399835,21.54999924
77.96300287,21.29999924
78.80000084999999,23.10000038
78.95400018,22.89999962
78.73100061,22.89999962
78.52300043,24.0
79.17300195,23.35000038
79.53999872,21.85000038
79.29700249999999,19.25
79.06000299,16.85000038
79.04399652,16.14999962
79.22099847,16.39999962
78.9449975,17.10000038
79.08800287,18.75
78.57500238,20.29999924
78.90199822999999,20.79999924
78.75900048999999,21.70000076
78.78700037,22.25
78.66200037,22.10000038
78.85799951,21.45000076
78.84999628,21.10000038
79.76399774,21.20000076
78.93099756,21.70000076
78.30399865999999,21.85000038
79.24999779999999,21.79999924
78.49500055,20.85000038
79.40299768,19.70000076
79.40800256,21.0
79.56599969,20.60000038
79.31300134,20.35000038
78.79700249999999,20.0
78.71700066999999,20.29999924
79.17699976,20.89999962
78.76199883999999,20.75
78.77000208,20.5
79.20300073,20.25
79.32900018,19.75
78.45499962999999,19.95000076
78.95200127999999,21.0
79.08900231999999,20.60000038
79.19800348,18.85000038
79.25500269,17.0
78.70599908,18.39999962
79.00800104,19.5
78.33700342,19.85000038
79.60999840999999,20.70000076
78.93299646,20.35000038
79.2400033,19.60000038
79.08199854,19.04999924
78.9429986,19.35000038
78.89300317,20.54999924
78.45400018,21.0
78.65499657999999,22.10000038
78.70200127999999,23.45000076
78.88100213999999,25.29999924
78.08700342,25.54999924
78.5679986,26.10000038
79.34399957,26.5
78.00099725,26.54999924
79.13999718999999,26.14999962
78.96200342,26.60000038
79.0450036,25.45000076
78.87599725,25.39999962
78.78200310999999,24.79999924
78.98799677,24.45000076
78.63400048999999,24.70000076
80.06100244,23.5
79.41499872,23.60000038
79.56000299,22.20000076
78.90199822999999,21.89999962
80.37499779999999,21.20000076
80.47299738,19.89999962
79.35700005999999,19.79999924
79.70599908,18.79999924
79.16200037,18.35000038
79.52300043,19.64999962
79.58299799,19.25
79.57500238,19.29999924
78.70000238,19.45000076
79.37599725,19.75
79.39500208,17.85000038
79.41699761999999,17.14999962
79.29700249999999,16.45000076
79.38200159,16.75
79.22199791999999,15.55000019
79.28200310999999,15.35000038
79.3729989,13.89999962
79.24999779999999,9.199999809
78.79700249999999,5.449999809
78.89400262,4.550000191
78.10500116,6.599999905
77.84599847,14.39999962
77.84799738,17.20000076
77.79600305,18.79999924
78.20400018,24.0
78.58599634,24.0
78.7400033,22.25
78.85600061,21.5
79.08299799,20.5
79.19800348,19.35000038
79.26099939,18.95000076
79.40299768,17.85000038
79.21800012,17.45000076
78.98699730999999,18.70000076
78.65399713,20.0
78.68500299,21.95000076
78.26800317,25.89999962
78.23399896,28.45000076
78.35799951,32.15000153
77.74300165,34.90000153
78.11900109999999,36.09999847
77.66899652,40.40000153
77.80699700999999,43.29999924
78.11600274999999,45.09999847
77.27499933,46.0
78.46999901999999,44.75
78.63899774,42.09999847
78.93199700999999,41.54999924
78.84599847,38.79999924
79.61099786,34.25
79.42600030999999,27.85000038
79.39999933,22.35000038
79.33199854,19.60000038
79.39200371999999,17.29999924
79.39999933,16.39999962
79.5490014,16.5
79.30000084999999,15.85000038
79.30100030999999,14.64999962
79.59599847,11.89999962
79.39899987999999,10.85000038
79.84899682999999,7.800000191
79.62800378,4.449999809
79.73399896,0.25
79.86600274999999,0.0
79.69699639999999,0.0
80.07900018,0.0
79.84000177,0.0
80.17899865999999,0.0
80.13300104,0.0
80.33099908,0.0
81.18299646,0.0
80.65399713,0.0
80.50800104,0.0
80.18299646,0.0
78.50300378,0.0
78.97900170999999,0.0
78.72900170999999,5.599999905
77.84000177,15.55000019
77.53500145999999,26.85000038
77.10999840999999,33.25
77.26299829,37.0
76.85300226,39.54999924
77.43400353999999,39.09999847
78.17300195,38.5
78.13899774,37.70000076
78.45899743999999,36.95000076
78.72900170999999,36.70000076
78.3650033,36.70000076
78.90499657999999,35.54999924
78.34599847,34.59999847
78.98000116,34.20000076
78.56699915,34.04999924
79.23299951,34.40000153
78.88400048999999,34.70000076
78.66100091999999,35.25
78.78799982,36.54999924
78.52399987999999,37.25
78.12000055,36.95000076
78.70599908,37.70000076
78.15299768,37.70000076
78.96400231999999,35.65000153
78.48100061,39.45000076
78.69399804999999,39.45000076
78.93600244,39.0
79.40800256,36.25
79.24100274999999,31.64999962
79.43700188999999,25.5
79.56200188999999,19.0
79.51199883999999,14.14999962
79.21300287,12.85000038
79.26900262,14.85000038
78.91499872,15.10000038
78.94399804999999,16.45000076
79.03600091999999,17.45000076
78.87800378,17.14999962
78.91499872,16.89999962
79.56100244,15.14999962
79.74300165,13.55000019
79.97399682999999,6.650000095
79.85999840999999,2.099999905
79.63100213999999,0.0
79.3729989,0.0
79.46600122,0.0
78.82199639999999,0.899999976
79.13999718999999,3.25
79.14400262,5.599999905
78.61299677,6.650000095
78.61900109999999,7.150000095
78.80100030999999,8.300000191
78.88000269,9.449999809
78.8729989,9.800000191
78.8179986,10.55000019
79.09100122,11.64999962
78.62900323,13.0
78.75199669999999,13.30000019
79.00500269,14.19999981
78.87699669999999,15.89999962
78.24999779999999,16.89999962
78.35999840999999,17.89999962
78.93800134,19.14999962
78.94900292999999,20.10000038
78.83800287,20.14999962
78.76099939,20.75
78.81500023999999,19.25
79.17999811,18.79999924
79.31899804999999,16.25
79.35700005999999,13.5
79.41599817,11.69999981
79.66599817,10.25
79.34399957,9.199999809
79.27799768,9.800000191
78.57099695,10.69999981
78.74400109999999,13.0
78.79099817,16.45000076
78.35899896,19.79999924
78.37199944999999,23.04999924
78.31100244,26.89999962
78.31200188999999,27.85000038
78.42100305,28.5
78.4900033,28.64999962
78.65499657999999,28.75
78.4920022,28.75
79.25500269,28.89999962
78.74300165,29.10000038
78.87699669999999,28.10000038
79.51399774,25.45000076
79.16000145999999,23.20000076
79.30799646,20.39999962
79.48299951,17.5
79.21700066999999,14.69999981
79.09499901999999,13.80000019
79.51499718999999,11.89999962
79.42300195,10.30000019
79.65800256,9.850000381
79.12399835,9.149999619
79.64700098,8.399999619
79.43600244,7.75
79.45899743999999,6.300000191
79.15399713,5.300000191
78.95400018,6.449999809
78.64600152999999,9.5
78.35300226,14.60000038
78.246,18.04999924
77.59899682999999,24.14999962
77.53999872,27.95000076
77.35500116,34.09999847
77.39700098,39.34999847
77.61600274999999,43.29999924
77.10700005999999,46.04999924
77.71200342,46.75
78.12699669999999,48.5
78.07099695,47.75
78.95100183,45.84999847
79.28300256,43.25
79.20599908,41.09999847
79.47499628,36.5
79.67600030999999,30.10000038
79.66699761999999,24.95000076
79.84100122,18.70000076
79.96800012,12.10000038
79.79099817,6.5
79.41200037,6.650000095
79.21200342,7.800000191
79.22900170999999,9.300000191
79.15199822999999,11.35000038
79.38100213999999,10.19999981
79.36800165,10.05000019
79.42699976,8.899999619
79.65900201,7.550000191
79.07600183,5.25
79.38499994,1.899999976
79.34399957,3.450000048
78.98899621999999,4.900000095
78.48100061,8.350000381
78.61299677,11.30000019
78.34000177,15.44999981
78.24100274999999,18.95000076
77.1150033,22.75
78.07300348,26.75
77.91299982,28.39999962
77.95100183,30.45000076
78.16599817,32.40000153
78.48100061,32.04999924
78.35700005999999,31.89999962
78.66399926999999,31.39999962
78.80000084999999,29.85000038
79.22600335999999,27.25
79.88599939,21.85000038
79.74899835,15.19999981
79.73399896,9.149999619
79.62399835,6.699999809
79.09699791999999,8.350000381
79.23200005999999,11.30000019
78.31599969,13.14999962
78.82700127999999,14.55000019
78.63699883999999,17.54999924
77.98799677,20.75
78.27799768,22.95000076
77.95699854,26.54999924
78.00900048999999,30.5
77.89999933,34.90000153
77.1949975,36.65000153
77.34699791999999,41.79999924
77.45699854,47.29999924
77.88100213999999,46.75
77.92100305,44.70000076
78.49100274999999,43.45000076
78.91899652,41.79999924
79.22399682999999,39.04999924
79.24500055,35.09999847
79.51700371999999,30.04999924
79.37800378,26.29999924
79.42699976,23.60000038
79.31599969,20.29999924
79.12000055,19.95000076
79.77999657999999,20.0
79.65700310999999,18.75
79.34100122,16.29999924
79.39300317,13.19999981
79.47900170999999,9.899999619
79.44800348,8.350000381
79.59599847,6.449999809
79.64999933,5.550000191
79.97199791999999,5.5
79.10700005999999,4.550000191
80.04399652,3.650000095
79.97499628,0.400000006
79.61900109999999,1.649999976
79.15700310999999,3.0
79.01700371999999,5.099999905
78.80100030999999,6.650000095
78.87900323,6.449999809
78.97600335999999,7.900000095
79.15199822999999,8.149999619
78.83800287,9.25
78.92300195,9.25
78.75999994,11.10000038
78.67799921,11.35000038
78.71999901999999,12.35000038
78.65399713,14.10000038
78.49699944999999,15.35000038
78.32500238,18.79999924
78.29800195,22.0
77.85999840999999,26.04999924
77.92200249999999,28.54999924
78.09399957,30.64999962
78.12800378,33.04999924
78.05299921,34.15000153
78.51099939,35.20000076
78.28500145999999,35.79999924
78.51700371999999,36.04999924
78.44399804999999,35.40000153
78.94000023999999,33.95000076
79.09100122,33.45000076
78.60799951,32.25
78.93800134,31.0
78.95999689,31.5
79.26399774,31.0
79.10899896,28.45000076
79.22700281,26.95000076
79.34599847,25.20000076
79.3729989,22.54999924
79.75300378,22.20000076
79.02799768,21.64999962
78.81000299,21.85000038
79.26399774,21.0
79.25400323,18.39999962
79.70000238,15.69999981
79.95999689,12.35000038
79.73299951,7.349999905
79.56300134,4.449999809
79.4920022,4.150000095
79.39800043,4.900000095
78.9979989,5.949999809
79.02499933,6.400000095
79.07999962999999,7.400000095
78.65600366,7.849999905
78.88899774,8.949999809
79.04099817,9.300000191
79.07600183,9.25
79.07700127999999,9.350000381
79.1929986,8.600000381
79.26199883999999,9.050000191
79.55199976,10.35000038
78.87399835,11.5
78.91000145999999,14.0
78.60899896,17.85000038
78.20300073,22.14999962
78.41899652,24.85000038
78.01800317,28.04999924
77.83800287,30.89999962
78.05199976,32.95000076
78.26099939,35.04999924
78.12599725,35.75
79.00300378,36.40000153
78.81699915,37.29999924
78.70200127999999,36.79999924
79.13699883999999,36.95000076
78.64800043,35.59999847
78.56699915,34.75
79.26199883999999,34.09999847
78.89400262,32.15000153
78.8670022,30.35000038
78.38000269,31.39999962
78.81400079,33.04999924
78.84399957,34.54999924
78.59599847,35.20000076
78.65199822999999,36.15000153
78.71899957,35.5
78.88400048999999,33.95000076
79.06899804999999,32.40000153
79.02399987999999,30.95000076
79.06899804999999,30.70000076
79.27799768,29.0
78.81699915,31.14999962
78.95499962999999,30.04999924
78.85899896,29.60000038
78.70899743999999,30.85000038
78.35700005999999,33.0
79.08499689,31.04999924
79.74699944999999,30.75
79.01199883999999,30.45000076
79.09899682999999,30.29999924
79.18099756,28.70000076
78.7990014,27.54999924
79.0679986,26.54999924
78.95899743999999,26.29999924
78.84899682999999,26.20000076
78.82199639999999,27.04999924
78.871,27.5
78.59200066999999,28.39999962
78.871,28.54999924
78.96200342,27.85000038
78.83199854,28.25
78.82099695,28.60000038
79.26800317,27.14999962
79.48000116,25.14999962
79.74300165,21.10000038
79.49400109999999,15.55000019
79.91799707,11.10000038
79.13400048999999,8.149999619
79.23899621999999,8.100000381
78.72399682999999,10.64999962
78.83700342,11.35000038
78.70599908,13.80000019
78.98299951,15.25
78.74400109999999,16.95000076
78.37599725,18.70000076
79.17300195,19.39999962
78.58599634,18.75
79.07600183,17.79999924
79.29199761999999,16.39999962
79.45699854,15.94999981
78.99300165,14.55000019
79.59499901999999,12.19999981
79.8650033,9.399999619
78.96899957,9.25
79.03999872,10.30000019
78.83599634,11.89999962
78.71200342,12.25
78.56100244,12.39999962
79.41000145999999,12.89999962
79.57400292999999,13.14999962
79.14300317,14.55000019
78.9200036,14.5
79.05699700999999,11.55000019
79.18900079,10.5
79.71600122,10.75
78.82400292999999,9.699999809
79.32700127999999,6.800000191
79.72299738,4.449999809
79.22099847,3.099999905
79.19399804999999,4.050000191
78.97900170999999,5.5
78.72600335999999,6.349999905
78.64600152999999,8.0
78.59300012,8.949999809
78.78100366,9.25
78.93700188999999,9.850000381
79.46899957,10.14999962
79.14099664,10.0
78.88200159,9.149999619
79.4979989,9.25
79.81100244,9.399999619
79.59799738,7.099999905
79.4979989,5.949999809
79.27699822999999,5.25
79.62900323,5.349999905
78.7479989,6.199999809
78.75500269,7.199999809
78.70599908,10.0
78.53600091999999,12.44999981
78.23599786,14.5
78.20200127999999,18.10000038
78.15299768,21.64999962
78.34499901999999,23.10000038
77.86800165,24.35000038
77.8650033,27.04999924
78.05799646,29.25
78.40099878,30.20000076
78.53200310999999,30.45000076
78.39999933,30.29999924
78.53500145999999,29.39999962
78.85899896,30.0
78.76599664,29.95000076
78.84100122,29.14999962
79.07300348,29.29999924
78.60600061,27.89999962
79.2400033,27.70000076
78.93600244,26.04999924
79.10400170999999,26.0
78.64200371999999,27.89999962
78.40399713,25.39999962
78.94800348,26.79999924
78.86900109999999,27.10000038
79.06100244,26.85000038
78.84699791999999,26.64999962
78.82199639999999,27.5
79.41899652,27.35000038
79.02499933,27.29999924
79.22499628,26.75
78.96200342,26.25
78.51599664,25.25
78.89600152999999,26.29999924
78.4920022,26.89999962
79.37599725,27.89999962
78.871,27.14999962
78.87699669999999,28.20000076
78.71899957,28.0
78.62000055,27.70000076
78.65800256,29.25
78.63000269,28.60000038
79.22399682999999,27.79999924
78.92999811,26.29999924
79.17799921,24.54999924
79.93900079,21.85000038
79.14200371999999,19.85000038
79.23599786,19.39999962
79.20400018,18.20000076
79.00700159,17.5
79.10899896,18.10000038
79.03400201,18.04999924
79.26499718999999,17.85000038
79.12699669999999,17.20000076
79.43199700999999,14.64999962
79.39099664,12.25
79.25600213999999,10.44999981
79.27699822999999,9.0
79.44800348,8.600000381
79.53600091999999,8.100000381
79.25500269,8.050000191
78.3650033,9.050000191
79.4979989,4.949999809
78.63400048999999,5.150000095
78.94199915,6.949999809
78.64500208,9.399999619
78.46899957,12.5
78.37000055,14.80000019
78.08900231999999,17.20000076
79.01099939,19.10000038
79.64300317,20.25
78.39800043,19.10000038
79.11600274999999,17.89999962
78.85100335999999,17.60000038
78.85300226,17.10000038
79.30199976,15.69999981
79.11399621999999,14.35000038
79.37599725,16.04999924
78.58199854,17.0
78.01499718999999,21.54999924
78.38799829,27.54999924
77.91000145999999,31.35000038
77.39200371999999,33.65000153
77.94199915,35.65000153
77.80799646,35.40000153
78.56699915,35.95000076
78.13499994,35.34999847
77.94399804999999,38.40000153
78.55599756,39.15000153
78.88699883999999,37.25
78.77399987999999,36.0
78.97499628,33.75
79.13599939,28.95000076
80.0699975,23.39999962
79.63200159,18.20000076
79.60799951,15.0
79.53200310999999,14.0
79.39600152999999,13.44999981
79.07600183,14.55000019
79.40800256,14.80000019
79.48799677,14.55000019
79.19599695,13.19999981
79.57700127999999,10.44999981
79.63300104,7.099999905
78.83399743999999,0.0
76.11099786,0.0
74.82900018,0.0
74.92899865999999,19.0
74.73200005999999,19.14999962
75.95400018,18.89999962
75.83399743999999,22.60000038
76.84200066999999,31.25
77.36600274999999,28.14999962
78.33399743999999,22.54999924
78.76700371999999,19.29999924
78.67300195,17.60000038
78.99899835,17.35000038
79.38899774,16.54999924
79.23399896,17.5
78.66799707,19.5
78.37699669999999,22.70000076
77.81000299,26.60000038
78.31899804999999,30.20000076
77.42999811,33.84999847
78.17200249999999,36.04999924
78.30900353999999,39.20000076
78.20999689,39.09999847
78.18800134,37.54999924
78.42500084999999,38.54999924
78.40499657999999,37.75
78.46200342,37.90000153
78.48599786,39.45000076
78.52999657999999,39.59999847
78.63400048999999,39.15000153
79.04600305,39.5
79.23200005999999,38.15000153
78.92500084999999,37.04999924
78.97600335999999,35.15000153
78.57600183,33.25
77.5679986,33.09999847
77.92500084999999,35.84999847
78.66399926999999,37.54999924
78.9429986,38.15000153
78.67300195,37.40000153
78.81000299,37.90000153
78.74500055,37.90000153
79.07300348,39.20000076
78.82400292999999,39.25
78.51900262,38.04999924
79.54099817,37.75
79.83499689,35.79999924
79.63599939,32.5
79.42799921,28.64999962
80.45100183,22.75
80.12900323,18.39999962
80.14899987999999,14.0
79.65499657999999,11.30000019
79.63799829,11.05000019
79.32500238,10.80000019
79.65199822999999,11.19999981
79.20200127999999,9.800000191
79.41899652,8.449999809
79.75800104,5.849999905
79.99100274999999,2.650000095
80.17999811,0.0
79.99300165,0.0
79.49899835,0.0
79.78700037,0.0
80.32999962999999,0.0
80.21500177,0.0
80.69599695,0.0
80.64899987999999,0.0
79.7990014,0.0
80.42500084999999,0.0
80.39600152999999,0.0
80.32300348,0.0
79.26099939,0.0
78.86099786,0.100000001
78.73899621999999,6.0
77.67899865999999,13.94999981
77.22900170999999,20.75
77.14400262,30.75
77.14800043,36.5
76.97299738,40.04999924
77.44000023999999,42.29999924
78.09999628,40.75
78.76900262,37.79999924
78.63000269,35.40000153
78.50500269,33.04999924
79.34899682999999,27.89999962
79.76900262,25.39999962
79.9200036,18.29999924
79.90600366,9.800000191
79.92600030999999,4.599999905
78.92500084999999,2.849999905
80.13699883999999,0.949999988
79.59300012,0.949999988
79.34899682999999,1.25
78.82900018,1.950000048
79.98799677,0.699999988
80.22700281,0.0
79.75700159,0.0
80.07500238,0.0
79.33199854,0.0
79.73200005999999,0.0
79.29600305,2.5
79.38999718999999,7.650000095
78.10100335999999,13.35000038
77.98000116,21.29999924
77.71700066999999,23.35000038
78.15600366,29.70000076
77.18099756,34.40000153
77.36199730999999,38.45000076
77.10300226,41.34999847
77.9240014,44.09999847
77.83299799,43.29999924
78.35799951,41.34999847
78.48899621999999,40.29999924
79.15399713,38.40000153
79.41399926999999,34.40000153
79.69900292999999,25.04999924
78.95300073,13.10000038
79.24699944999999,14.25
79.40700310999999,15.14999962
79.60100335999999,13.75
78.77899713,13.0
79.6170022,13.25
79.63699883999999,10.80000019
79.17500084999999,9.0
80.18299646,6.150000095
79.24899835,2.450000048
79.87499779999999,0.0
80.18800134,0.0
79.03200310999999,0.0
79.57900018,0.0
79.35200281,0.100000001
77.78600091999999,5.800000191
78.02699822999999,10.30000019
77.98699730999999,15.64999962
77.88100213999999,18.79999924
77.57400292999999,20.25
78.03100366,23.85000038
76.76099939,24.0
78.55799646,25.29999924
78.72299738,23.54999924
78.81100244,22.35000038
78.57900018,21.60000038
79.16200037,21.54999924
78.72099847,19.5
79.27999657999999,2.25
78.67500084999999,0.0
78.05299921,0.0
77.47099847,0.0
76.88400048999999,0.0
76.23100061,0.0
75.4979989,0.0
74.38699883999999,0.0
74.28600091999999,0.0
73.54299707,5.25
73.50600213999999,16.10000038
73.62699669999999,12.14999962
72.84999628,14.55000019
73.22700281,43.0
74.12900323,40.5
74.96899957,29.95000076
75.05499811,6.550000191
74.64800043,7.300000191
74.39099664,32.40000153
74.65099878,36.59999847
75.06200188999999,33.79999924
75.81899804999999,29.45000076
76.59599847,27.35000038
76.58099908,19.10000038
76.26900262,14.25
76.07199639999999,19.25
75.87399835,30.04999924
75.85700005999999,38.79999924
76.58900231999999,43.90000153
77.36199730999999,40.34999847
77.93199700999999,35.09999847
77.98899621999999,33.59999847
79.81699915,28.14999962
79.35100335999999,17.85000038
79.71600122,13.14999962
79.75600213999999,11.05000019
78.80599756,15.0
78.60999840999999,16.39999962
79.57099695,20.14999962
79.34300012,18.54999924
78.40800256,18.54999924
78.20599908,19.54999924
78.53200310999999,22.29999924
77.96800012,22.79999924
78.06000299,25.04999924
77.83399743999999,27.45000076
78.1740014,31.10000038
77.53700037,32.45000076
77.77699822999999,33.34999847
77.85999840999999,32.20000076
77.54399652,34.09999847
77.07300348,33.84999847
77.10500116,35.65000153
76.89500208,35.54999924
77.85500116,35.04999924
76.81500023999999,32.90000153
76.99300165,28.70000076
77.20599908,20.5
77.01099939,14.25
76.58800287,12.55000019
75.81899804999999,18.0
75.93600244,21.5
75.46400231999999,24.54999924
77.19900292999999,21.25
76.89099664,16.95000076
76.37499779999999,12.44999981
76.94000023999999,8.100000381
77.42100305,4.449999809
76.52399987999999,2.299999952
77.08399743999999,1.149999976
76.44599695,1.0
76.81000299,0.0
77.07500238,0.0
77.26700371999999,0.0
77.12000055,0.0
77.27000208,0.0
76.63699883999999,0.0
77.02999657999999,0.0
77.07500238,0.0
77.25300378,0.0
77.19800348,0.0
77.06500023999999,0.0
76.80199976,0.0
76.05900353999999,7.699999809
75.88699883999999,17.54999924
76.70899743999999,24.35000038
76.70300073,30.75
76.78799982,37.75
77.25400323,40.95000076
77.43199700999999,37.75
78.21200342,34.34999847
79.06400079,29.45000076
79.10600061,25.70000076
78.70899743999999,0.0
77.76800317,0.0
74.61900109999999,0.0
72.95999689,0.0
70.66399926999999,0.0
68.78999872,0.0
68.08199854,0.0
67.38300104,27.75
66.85200281,23.35000038
66.41899652,6.099999905
66.10700005999999,46.5
66.87499779999999,64.30000305
67.95899743999999,51.09999847
68.34499901999999,37.09999847
68.32999962999999,30.54999924
68.93800134,30.39999962
69.08499689,27.39999962
69.30299921,26.45000076
69.09000177,24.70000076
69.31400079,25.5
68.20000238,28.89999962
70.24500055,35.09999847
70.21500177,46.70000076
71.20899743999999,50.40000153
71.22499628,52.84999847
75.00700159,13.75
74.10200281,5.900000095
74.50400323,41.84999847
75.62000055,57.65000153
77.26399774,49.40000153
78.57500238,36.25
79.50099725,28.79999924
80.44900292999999,15.75
80.61299677,0.0
80.71300287,0.0
80.88599939,0.0
81.20100183,0.0
81.63400048999999,0.0
80.64800043,0.0
81.43600244,0.0
80.54299707,0.0
80.48699730999999,0.0
80.22600335999999,0.0
79.93900079,0.0
79.27999657999999,0.0
78.26800317,4.400000095
78.17699976,11.05000019
78.34799738,16.70000076
77.69099969,20.10000038
78.60400170999999,20.35000038
78.45200127999999,20.14999962
78.53100366,19.5
78.93500299,19.20000076
79.01299829,16.79999924
78.85700005999999,18.5
79.33499689,19.20000076
78.81500023999999,20.20000076
78.74500055,22.54999924
78.91599817,25.29999924
78.38599939,28.14999962
78.21300287,32.45000076
78.00800104,36.09999847
78.02599878,40.20000076
77.88999718999999,44.45000076
77.52300043,49.40000153
77.01399774,50.59999847
77.49100274999999,53.95000076
77.81400079,55.79999924
77.496,55.25
77.85999840999999,55.20000076
78.86600274999999,52.90000153
79.32099695,50.20000076
78.98599786,34.95000076
78.73499840999999,14.10000038
78.41000145999999,9.699999809
77.06599969,10.89999962
77.26499718999999,18.75
77.00800104,17.20000076
77.27499933,18.14999962
77.32700127999999,20.35000038
77.45599908,17.20000076
76.53999872,16.20000076
76.91599817,11.89999962
77.16000145999999,9.300000191
76.87000055,9.399999619
76.53100366,11.39999962
76.08599634,16.04999924
75.70899743999999,22.54999924
76.45499962999999,22.79999924
76.13000269,30.35000038
76.76399774,28.60000038
77.11099786,22.85000038
77.31899804999999,19.89999962
77.40199822999999,16.20000076
77.19599695,13.75
76.98599786,12.44999981
77.45899743999999,16.14999962
77.2990014,21.10000038
77.42500084999999,26.25
77.49999779999999,26.45000076
77.83099908,24.29999924
77.85999840999999,22.75
78.02899713,22.04999924
78.02599878,21.64999962
78.43299646,21.75
78.25500269,23.70000076
78.45000238,21.5
78.16699761999999,21.60000038
78.5490014,23.5
78.50900048999999,23.5
78.98399896,22.64999962
79.37599725,21.75
78.8650033,20.04999924
79.32800073,17.64999962
80.03200310999999,17.95000076
79.31599969,17.85000038
79.33599634,16.64999962
78.69000023999999,13.85000038
78.8199975,11.35000038
79.38499994,11.39999962
79.07400292999999,11.05000019
79.27300043,10.69999981
79.63100213999999,10.39999962
79.21899957,10.19999981
79.21700066999999,7.449999809
80.01900262,4.800000191
79.78100366,2.25
79.79299707,0.0
79.38899774,0.0
79.45999689,0.0
79.59200066999999,0.0
80.53200310999999,0.0
80.05000084999999,0.0
79.95300073,0.0
79.73499840999999,0.0
80.59300012,0.0
80.15700310999999,0.0
80.34300012,0.0
80.15299768,0.0
79.87399835,0.0
79.47099847,0.0
79.03300256,4.449999809
78.22800226,12.0
78.01700371999999,18.20000076
77.38699883999999,25.60000038
77.35400170999999,29.75
77.6170022,34.70000076
77.79099817,34.54999924
78.00199669999999,35.29999924
77.54199761999999,34.54999924
78.63999718999999,34.09999847
78.63799829,33.34999847
78.58800287,33.54999924
78.50600213999999,32.59999847
79.00600213999999,32.25
78.41699761999999,33.0
78.81599969,32.09999847
78.70400018,31.45000076
79.25600213999999,30.20000076
79.58900231999999,27.70000076
79.56100244,24.85000038
79.51099939,22.10000038
79.32700127999999,20.35000038
78.71500177,19.95000076
79.37699669999999,20.45000076
78.76599664,20.39999962
78.57900018,21.60000038
78.54700249999999,21.04999924
78.88699883999999,21.39999962
79.17999811,21.60000038
78.52799768,22.0
79.56300134,21.89999962
79.38300104,21.85000038
78.63100213999999,21.35000038
78.91399926999999,21.54999924
79.26800317,22.0
79.21099634,20.89999962
79.49100274999999,19.04999924
78.96200342,17.89999962
78.85300226,17.04999924
79.00199669999999,17.10000038
78.96800012,18.60000038
78.65499657999999,20.85000038
78.68900079,21.54999924
78.7990014,22.64999962
78.18500299,21.29999924
78.48799677,20.89999962
79.10700005999999,20.54999924
79.44199915,18.39999962
79.17100305,16.10000038
79.16399926999999,13.14999962
79.73200005999999,9.699999809
79.24699944999999,7.849999905
79.03799982,7.949999809
79.25600213999999,9.199999809
79.0490014,10.75
78.70200127999999,12.25
78.75999994,14.10000038
78.92200249999999,14.64999962
78.40900201,16.75
78.77899713,17.75
78.54700249999999,19.95000076
78.59399957,20.95000076
78.41299982,22.45000076
78.07800073,24.29999924
78.87699669999999,24.5
78.57999962999999,25.39999962
78.96600122,25.5
78.58800287,23.79999924
79.36199730999999,23.45000076
79.41899652,23.04999924
79.3179986,21.0
78.80699700999999,18.20000076
79.79600305,17.75
79.10400170999999,16.70000076
79.20300073,17.20000076
78.96400231999999,17.35000038
78.00900048999999,19.64999962
77.96700066999999,20.75
78.4900033,25.5
78.46300287,27.45000076
78.42699976,25.39999962
78.88899774,24.89999962
79.03500145999999,22.70000076
80.45100183,18.60000038
78.85700005999999,4.099999905
78.42100305,0.0
78.59899682999999,0.0
77.62800378,0.0
76.42100305,4.550000191
76.22499628,12.39999962
75.42699976,22.29999924
75.06100244,18.35000038
74.34000177,43.15000153
75.20499962999999,46.75
75.87800378,37.79999924
76.00400323,10.80000019
76.15099878,7.0
75.13300104,24.39999962
75.59799738,23.89999962
75.57199639999999,20.45000076
75.84000177,17.79999924
75.99500055,15.94999981
75.90199822999999,14.25
75.44900292999999,13.94999981
75.66599817,14.80000019
75.59499901999999,8.199999809
74.68700188999999,15.39999962
75.67999811,23.04999924
75.83599634,10.0
75.64099664,5.300000191
75.69199915,18.5
75.82400292999999,17.70000076
76.30799646,18.04999924
75.47900170999999,11.5
76.14300317,8.050000191
76.11399621999999,7.25
75.71500177,7.050000191
75.52399987999999,14.55000019
75.871,16.5
75.39899987999999,16.85000038
76.02499933,19.20000076
75.80199976,0.0
75.81500023999999,10.80000019
75.45499962999999,25.0
76.11600274999999,19.70000076
76.60799951,17.79999924
76.23699730999999,14.35000038
76.75199669999999,9.0
76.57400292999999,4.150000095
76.05699700999999,4.150000095
76.15399713,8.5
75.80900353999999,1.600000024
75.07999962999999,27.75
75.29600305,26.79999924
76.07400292999999,5.599999905
75.76700371999999,6.800000191
75.70000238,23.64999962
75.70400018,24.45000076
76.17500084999999,20.89999962
75.40700310999999,21.64999962
76.3729989,22.39999962
76.44599695,17.5
77.35400170999999,8.5
76.2990014,1.149999976
75.91200037,6.349999905
75.98799677,17.39999962
76.13999718999999,17.04999924
76.49899835,13.69999981
76.83800287,12.39999962
77.50999994,11.10000038
77.48299951,9.850000381
77.57300348,6.150000095
77.55299921,0.050000001
77.50900048999999,0.0
77.78400201,0.0
77.57099695,0.0
77.57600183,0.0
77.496,0.0
77.71700066999999,0.0
77.38499994,0.0
76.70699854,0.0
76.64099664,4.699999809
76.86299677,14.5
76.12000055,19.70000076
76.49300165,21.85000038
76.71899957,21.35000038
76.6700036,17.79999924
76.4240014,14.44999981
78.13000269,11.69999981
75.89400262,9.850000381
75.89400262,12.0
75.57700127999999,16.89999962
74.26800317,21.75
74.07199639999999,44.20000076
73.70999689,50.40000153
74.20799799,47.0
74.27599878,41.59999847
74.89099664,37.0
75.17300195,33.15000153
75.4920022,28.14999962
73.52300043,21.70000076
73.8199975,19.75
74.20899743999999,22.10000038
74.23399896,25.70000076
73.83199854,25.75
73.94800348,26.10000038
73.38699883999999,25.85000038
73.54099817,26.0
74.0679986,23.95000076
74.22700281,19.14999962
75.05299921,14.89999962
74.55299921,0.0
74.36199730999999,2.150000095
74.14700098,5.300000191
74.47800226,9.75
74.59599847,14.19999981
75.08099908,11.55000019
75.25700159,12.5
76.01199883999999,10.60000038
76.15800256,7.0
75.90900201,2.75
76.80199976,1.549999952
76.88999718999999,2.900000095
76.49100274999999,4.599999905
77.39200371999999,6.900000095
77.09000177,7.800000191
76.95100183,12.55000019
77.39099664,13.94999981
77.09200066999999,22.79999924
76.80900353999999,24.04999924
77.49100274999999,26.45000076
76.9429986,23.45000076
77.10899896,25.39999962
76.87000055,24.39999962
76.8199975,28.75
75.98699730999999,32.29999924
75.78400201,36.5
75.62699669999999,36.95000076
75.3650033,35.25
75.35500116,33.65000153
75.20400018,13.30000019
73.83199854,32.65000153
73.67899865999999,45.84999847
74.25099725,43.84999847
74.55799646,38.59999847
74.28600091999999,32.40000153
74.47099847,28.89999962
74.26299829,18.79999924
74.34799738,11.69999981
73.43400353999999,10.80000019
72.93500299,14.0
73.45100183,19.89999962
73.16000145999999,20.14999962
73.24400109999999,18.85000038
72.70400018,19.95000076
73.58199854,19.64999962
73.26299829,19.5
74.12699669999999,18.79999924
73.66499872,15.89999962
73.34699791999999,15.55000019
72.94699639999999,14.64999962
73.73200005999999,16.54999924
73.82199639999999,19.25
73.40099878,18.25
73.54600305,22.5
74.11399621999999,22.89999962
74.37399835,21.79999924
74.18099756,20.89999962
74.51199883999999,21.64999962
74.58700342,22.25
74.58399743999999,21.35000038
74.8179986,11.60000038
74.84399957,4.699999809
74.13599939,16.85000038
74.58099908,30.79999924
75.16299982,32.45000076
75.40099878,25.45000076
75.67100305,24.39999962
76.05199976,26.75
76.50099725,25.45000076
76.82099695,23.39999962
76.45899743999999,20.0
76.60400170999999,14.05000019
76.74999779999999,7.650000095
77.1150033,1.299999952
77.4429986,0.0
77.19599695,0.0
77.20300073,0.0
77.70499962999999,0.0
77.55499811,0.0
77.68299646,0.0
77.6170022,0.0
76.92600030999999,4.849999905
76.58199854,12.94999981
76.48599786,24.60000038
76.75400323,30.5
76.50800104,34.5
77.82900018,35.5
77.92899865999999,36.09999847
77.73899621999999,29.89999962
77.63400048999999,26.64999962
77.66599817,24.79999924
77.32099695,20.29999924
77.14500208,19.5
78.78100366,17.64999962
78.59100122,10.10000038
78.52300043,1.399999976
78.37900323,0.0
77.81899804999999,0.25
77.38999718999999,3.150000095
77.81100244,8.899999619
78.14400262,8.699999809
77.88599939,7.0
78.07900018,8.350000381
77.97700281,8.949999809
78.04299707,5.900000095
78.25900048999999,4.400000095
77.70999689,4.849999905
77.59699791999999,5.0
78.17600030999999,5.0
77.27399987999999,5.25
77.70899743999999,4.949999809
77.92799921,6.349999905
78.50800104,6.349999905
78.06000299,3.900000095
77.15199822999999,1.350000024
77.23899621999999,0.550000012
75.871,2.25
77.35400170999999,5.099999905
77.11399621999999,7.900000095
76.01099939,9.899999619
76.1150033,12.69999981
76.07999962999999,13.39999962
75.22099847,15.14999962
76.17999811,15.69999981
75.57900018,17.20000076
75.96600122,15.25
76.36299677,20.95000076
75.69900292999999,21.29999924
76.4449975,20.85000038
76.40900201,17.29999924
76.6229989,15.35000038
76.18600244,10.55000019
76.24999779999999,7.349999905
75.58599634,8.949999809
74.72099847,8.399999619
74.28799982,39.90000153
73.97600335999999,46.90000153
74.06200188999999,46.70000076
73.88599939,43.65000153
73.78100366,41.5
74.21899957,36.75
73.51499718999999,32.65000153
72.94599695,26.25
73.06300134,23.60000038
73.58499689,62.25
74.01700371999999,65.5
75.44699639999999,35.65000153
75.07700127999999,0.0
74.01399774,21.70000076
74.36800165,48.15000153
75.50600213999999,49.09999847
76.23200005999999,46.34999847
77.80499811,40.75
78.05499811,0.949999988
77.93400353999999,0.0
77.71500177,0.0
77.64300317,21.14999962
77.7400033,19.20000076
78.20799799,16.64999962
78.45999689,13.85000038
79.07500238,11.5
79.44399804999999,9.199999809
79.67500084999999,4.900000095
79.40800256,2.0
79.21099634,1.399999976
78.83399743999999,3.900000095
78.65299768,6.099999905
78.34000177,10.55000019
78.22399682999999,12.80000019
78.17500084999999,19.5
77.75999994,23.45000076
78.00300378,24.60000038
78.73000116,24.10000038
78.25500269,24.35000038
78.73299951,22.54999924
78.85200281,23.04999924
79.39099664,22.60000038
79.15399713,20.20000076
79.93099756,14.5
79.81400079,7.550000191
79.55599756,1.899999976
80.03600091999999,0.0
79.08299799,0.0
79.20999689,0.0
78.51499718999999,1.450000048
78.77200098,3.900000095
77.91200037,7.0
79.28200310999999,7.650000095
78.30699700999999,11.94999981
77.78700037,15.5
77.30699700999999,20.04999924
76.81300134,24.0
77.2950036,29.79999924
77.09399957,32.70000076
77.82800073,36.65000153
77.21800012,38.29999924
78.10700005999999,38.20000076
77.12900323,39.40000153
78.59000177,39.5
78.04099817,38.09999847
78.47299738,37.79999924
78.95200127999999,38.15000153
78.4200036,36.5
79.21200342,35.20000076
79.47299738,31.04999924
80.01199883999999,25.54999924
79.49300165,20.64999962
79.71200342,18.60000038
80.10200281,21.29999924
79.38699883999999,18.60000038
79.17200249999999,16.45000076
79.35500116,14.25
79.03400201,12.25
79.80399865999999,9.399999619
79.37699669999999,7.599999905
80.04600305,5.050000191
79.84300012,3.200000048
79.88599939,1.299999952
79.58599634,0.0
79.14999933,0.0
78.98399896,0.0
78.89400262,3.299999952
78.21500177,7.25
78.01399774,15.10000038
77.81400079,19.5
77.58299799,25.45000076
77.40099878,29.5
77.41299982,34.95000076
77.28300256,39.25
77.25999994,44.5
77.89300317,43.84999847
78.17999811,42.29999924
78.33499689,40.45000076
78.73100061,37.95000076
78.85799951,36.65000153
78.77999657999999,32.59999847
79.27000208,25.45000076
79.31699915,18.20000076
79.52300043,12.89999962
79.67699976,10.94999981
79.13899774,12.0
79.07600183,13.64999962
78.88300104,15.5
78.11299677,17.60000038
78.21600122,20.20000076
78.10200281,23.29999924
78.56400079,25.25
78.05799646,27.29999924
78.28500145999999,29.04999924
77.29700249999999,30.95000076
77.92100305,32.70000076
78.85999840999999,28.20000076
79.33299799,27.70000076
78.97800226,24.35000038
79.55499811,15.55000019
80.08199854,4.5
79.84999628,0.600000024
79.73699730999999,0.300000012
79.50099725,1.450000048
78.31300134,2.799999952
79.60999840999999,4.5
78.61600274999999,4.400000095
78.7950036,5.75
78.65600366,5.449999809
78.21899957,4.900000095
77.94199915,5.900000095
77.98000116,5.75
78.05299921,5.5
77.33399743999999,7.849999905
78.20999689,11.75
78.20100183,17.79999924
78.28100366,22.89999962
77.93299646,27.64999962
77.45599908,34.45000076
77.15099878,39.04999924
77.4979989,41.75
76.84899682999999,43.45000076
77.72499628,46.15000153
77.58299799,47.04999924
77.90099878,48.34999847
78.54800195,46.45000076
78.31899804999999,45.70000076
78.54700249999999,43.54999924
78.30199976,43.15000153
79.06899804999999,41.84999847
79.36199730999999,39.79999924
78.63899774,37.90000153
78.88799829,37.0
78.92899865999999,42.04999924
77.53600091999999,39.84999847
78.55699700999999,40.09999847
78.88799829,38.04999924
78.88699883999999,36.40000153
79.53700037,31.25
79.45300073,24.79999924
79.37000055,18.75
79.62699669999999,14.10000038
79.33700342,12.25
78.73299951,13.05000019
79.12499779999999,17.10000038
78.65499657999999,19.29999924
78.45100183,23.0
78.14099664,22.39999962
78.76700371999999,24.35000038
78.4900033,23.64999962
78.69800348,24.95000076
78.71300287,25.04999924
79.02699822999999,24.14999962
78.95599908,24.60000038
79.03400201,23.29999924
78.93400353999999,22.64999962
79.0679986,21.70000076
79.37900323,21.64999962
78.91499872,19.5
79.30900353999999,19.5
78.94599695,20.5
79.14400262,19.25
78.8670022,20.5
78.88499994,20.04999924
79.05599756,22.79999924
78.96200342,21.14999962
78.45899743999999,23.54999924
79.09999628,22.95000076
78.98899621999999,23.45000076
78.69399804999999,21.75
78.9200036,21.14999962
79.01800317,21.20000076
79.30799646,21.14999962
78.99999779999999,21.70000076
78.86299677,21.54999924
79.05100030999999,21.64999962
78.83900231999999,22.0
79.11099786,21.54999924
79.44900292999999,20.70000076
79.00199669999999,20.10000038
79.11299677,21.25
78.93600244,20.85000038
79.13799829,22.14999962
78.9429986,21.89999962
79.09499901999999,13.5
77.05299921,0.0
76.08599634,0.0
75.74100274999999,11.10000038
75.98799677,16.60000038
75.99999779999999,7.0
76.21400231999999,0.0
75.93500299,30.10000038
76.66000145999999,31.04999924
78.31500023999999,24.95000076
78.51399774,17.54999924
79.41000145999999,13.25
80.07400292999999,6.900000095
80.56100244,0.0
80.16100091999999,0.0
80.0679986,0.0
80.14099664,0.0
79.87199944999999,0.0
80.12900323,0.0
80.15199822999999,0.0
79.25500269,0.0
78.44900292999999,5.349999905
77.91799707,13.14999962
77.9200036,19.60000038
77.70400018,24.89999962
77.67200249999999,28.60000038
78.08900231999999,29.45000076
78.14800043,29.54999924
78.41100091999999,31.20000076
78.37399835,30.95000076
78.18099756,32.25
78.50300378,34.0
78.20400018,35.90000153
77.96099634,38.25
77.74999779999999,41.79999924
77.7950036,45.09999847
77.90499657999999,44.90000153
77.90499657999999,45.84999847
77.85999840999999,49.20000076
77.60500116,48.84999847
78.55199976,47.34999847
78.25300378,44.65000153
79.496,40.84999847
79.64600152999999,32.0
80.16100091999999,21.29999924
80.09899682999999,11.0
79.68600244,5.949999809
79.45699854,6.550000191
78.44800348,10.19999981
78.1700036,14.80000019
77.6170022,26.29999924
77.79099817,27.14999962
78.05100030999999,28.85000038
78.34100122,28.04999924
78.65199822999999,28.0
78.90900201,27.04999924
78.44399804999999,26.85000038
79.01299829,26.10000038
78.63300104,25.85000038
79.14500208,24.45000076
79.35400170999999,23.04999924
79.20899743999999,21.54999924
79.26399774,19.85000038
79.11900109999999,19.95000076
79.36800165,18.64999962
78.71099634,20.75
79.09899682999999,20.29999924
79.08700342,21.79999924
78.87599725,21.89999962
78.64899987999999,22.35000038
78.96999901999999,22.54999924
79.05000084999999,22.5
79.05100030999999,22.54999924
78.7479989,21.85000038
79.29199761999999,22.89999962
78.94800348,21.64999962
79.02499933,21.29999924
79.12900323,20.85000038
79.03899926999999,19.85000038
78.97099847,19.79999924
78.85300226,20.14999962
79.10799951,21.64999962
78.85400170999999,21.70000076
78.871,20.89999962
79.32800073,21.10000038
78.87800378,20.29999924
79.15600366,16.45000076
79.26800317,13.39999962
79.57199639999999,11.14999962
79.22700281,10.39999962
78.88000269,11.85000038
78.16599817,14.75
78.33900231999999,20.29999924
78.05299921,22.5
78.46200342,26.29999924
78.05799646,28.45000076
78.05000084999999,28.79999924
78.35899896,29.04999924
78.09999628,29.35000038
78.61900109999999,28.89999962
78.71500177,27.85000038
79.03200310999999,27.5
79.13999718999999,26.75
79.03300256,25.35000038
79.1170022,22.0
79.42300195,19.79999924
79.15600366,18.20000076
79.38300104,19.25
78.63100213999999,19.5
79.41200037,12.64999962
79.84399957,7.75
79.41100091999999,4.0
79.50900048999999,1.649999976
79.72499628,2.349999905
79.06400079,4.400000095
79.13699883999999,4.349999905
79.09200066999999,5.099999905
78.94000023999999,6.349999905
78.38100213999999,8.149999619
78.33900231999999,8.75
78.67100305,8.600000381
78.45699854,9.5
79.46099634,8.75
79.06500023999999,7.900000095
79.59399957,9.050000191
79.26299829,7.849999905
79.44900292999999,8.25
79.03100366,8.100000381
78.72800226,10.10000038
79.05399865999999,11.19999981
78.53400201,13.39999962
77.95300073,18.54999924
78.11800165,23.04999924
78.17799921,26.5
78.25800104,29.04999924
78.09399957,29.25
78.21300287,30.04999924
78.80900353999999,29.25
78.67500084999999,28.10000038
78.69000023999999,28.10000038
78.98799677,27.60000038
79.00800104,27.75
78.92200249999999,28.5
78.78400201,29.5
78.20100183,32.20000076
77.63000269,37.29999924
77.77300043,40.75
78.00099725,44.20000076
78.68099756,45.09999847
78.20400018,44.70000076
77.70499962999999,43.95000076
79.09100122,42.79999924
78.81899804999999,39.84999847
79.15700310999999,37.79999924
79.18299646,33.59999847
79.51299829,30.10000038
79.80100030999999,24.89999962
79.65099878,18.35000038
79.45599908,13.30000019
79.89400262,8.300000191
79.88400048999999,2.400000095
80.03200310999999,0.0
79.67200249999999,0.0
78.97900170999999,0.850000024
79.47800226,2.400000095
78.8650033,3.549999952
79.21500177,3.849999905
79.52499933,3.950000048
79.25800104,4.849999905
78.72700281,5.150000095
78.54199761999999,6.849999905
78.58900231999999,8.0
78.58700342,11.85000038
78.28700037,14.64999962
78.27200098,18.04999924
78.38599939,20.70000076
78.33599634,20.75
78.54099817,22.14999962
78.66299982,21.39999962
78.84599847,22.25
78.28300256,22.54999924
79.02300043,22.39999962
78.98299951,21.89999962
79.28999872,22.04999924
78.81400079,22.20000076
79.41599817,22.5
78.81400079,22.79999924
78.88999718999999,22.85000038
79.14700098,23.39999962
78.95899743999999,23.39999962
79.06500023999999,23.10000038
79.21200342,22.39999962
79.14800043,21.89999962
79.48200005999999,21.0
79.27699822999999,19.5
78.88000269,19.95000076
79.36099786,18.95000076
79.07999962999999,18.85000038
79.35700005999999,18.04999924
78.69199915,18.29999924
79.24100274999999,18.64999962
79.30599756,20.20000076
78.85799951,21.20000076
78.71800012,22.0
78.64200371999999,22.25
79.11199730999999,22.10000038
78.97800226,21.89999962
79.08700342,22.14999962
79.09899682999999,21.35000038
79.20200127999999,22.45000076
79.12199944999999,22.04999924
78.99999779999999,21.45000076
79.01099939,22.29999924
79.03300256,22.20000076
79.32900018,21.70000076
79.19800348,20.95000076
79.10200281,19.95000076
79.30000084999999,18.95000076
79.20899743999999,19.75
78.95400018,20.10000038
78.83099908,20.39999962
78.65499657999999,21.60000038
79.14400262,21.85000038
79.05900353999999,22.89999962
79.32400292999999,22.95000076
79.04399652,23.45000076
78.91399926999999,22.5
79.05699700999999,22.60000038
78.95000238,22.89999962
79.38200159,23.10000038
79.34599847,22.54999924
79.30799646,22.29999924
78.91299982,22.85000038
78.97499628,23.39999962
79.6150033,23.04999924
78.82600183,22.39999962
79.3729989,22.89999962
78.9900033,23.64999962
78.90299768,23.45000076
79.13400048999999,23.89999962
79.14899987999999,24.70000076
78.95000238,23.70000076
78.96899957,23.85000038
78.73000116,23.39999962
78.98000116,22.75
79.13300104,22.64999962
79.37399835,22.70000076
78.8729989,21.70000076
79.08199854,21.75
79.53100366,21.64999962
79.20000238,21.70000076
78.73699730999999,21.60000038
79.26399774,20.64999962
79.29700249999999,21.0
79.01900262,21.04999924
78.95499962999999,21.64999962
78.56699915,21.04999924
78.94900292999999,21.14999962
79.29099817,21.0
79.23399896,20.79999924
78.84300012,21.35000038
78.56100244,22.35000038
78.52599878,24.39999962
78.40399713,26.25
78.30399865999999,30.75
77.84499901999999,34.79999924
77.50400323,39.75
77.64500208,41.75
77.73799677,45.0
77.83900231999999,46.54999924
78.14999933,46.90000153
78.40499657999999,44.70000076
78.67899865999999,43.70000076
78.87399835,42.34999847
79.39200371999999,37.40000153
79.33599634,30.75
79.54399652,23.75
79.52799768,20.04999924
79.35799951,17.0
79.62399835,13.89999962
79.28300256,10.89999962
79.55599756,8.350000381
79.48100061,8.699999809
79.16499872,9.100000381
79.27599878,8.600000381
79.38599939,7.25
79.56899804999999,5.050000191
79.69199915,2.799999952
79.46700066999999,1.549999952
79.75400323,0.850000024
79.13200159,0.75
78.89600152999999,1.399999976
78.82199639999999,2.25
78.22800226,5.150000095
78.69399804999999,10.39999962
77.67699976,17.20000076
78.38100213999999,20.29999924
78.23799677,23.25
75.95899743999999,24.85000038
78.75800104,25.29999924
78.30699700999999,25.29999924
78.51499718999999,24.0
78.66899652,23.95000076
78.20200127999999,23.39999962
79.01700371999999,22.60000038
79.80199976,22.79999924
79.54600305,21.5
79.17899865999999,20.5
78.62900323,19.0
78.9429986,18.5
79.25600213999999,21.35000038
78.95899743999999,20.85000038
78.33599634,20.89999962
79.04600305,21.45000076
79.09599847,21.54999924
78.88300104,22.0
79.38200159,21.54999924
78.72399682999999,22.29999924
78.73000116,22.20000076
79.33399743999999,20.95000076
78.67600030999999,20.89999962
79.03100366,19.85000038
78.90600366,19.79999924
78.34100122,20.35000038
78.22499628,19.70000076
78.87900323,20.45000076
78.38899774,21.04999924
78.69399804999999,22.0
78.42200249999999,23.14999962
78.4200036,23.04999924
78.50700159,24.70000076
78.08199854,27.54999924
78.02200098,30.89999962
77.21600122,37.70000076
77.73399896,37.20000076
78.10500116,39.29999924
78.1949975,39.84999847
77.75300378,39.75
79.58199854,34.45000076
78.84000177,31.89999962
79.746,28.04999924
79.72299738,21.60000038
79.66799707,12.14999962
79.60999840999999,6.550000191
79.72800226,5.349999905
78.41599817,8.399999619
78.84200066999999,9.399999619
78.88499994,10.35000038
79.05000084999999,10.85000038
77.64400262,10.44999981
79.0679986,11.60000038
78.55399865999999,12.80000019
78.67100305,14.19999981
78.52999657999999,13.80000019
78.14700098,15.94999981
78.49300165,19.64999962
78.36099786,22.04999924
78.41299982,23.29999924
78.36900109999999,24.54999924
78.59100122,24.70000076
78.85700005999999,24.29999924
79.02100152999999,24.04999924
79.12499779999999,23.89999962
79.4900033,23.39999962
79.15900201,23.25
79.23200005999999,22.70000076
78.59300012,22.10000038
78.69699639999999,20.64999962
79.48799677,19.89999962
79.08399743999999,18.95000076
79.05499811,18.89999962
79.3729989,18.45000076
79.13899774,18.75
78.60300226,19.45000076
79.04800195,20.14999962
79.05399865999999,21.0
78.98399896,21.5
79.17899865999999,21.5
79.26099939,20.70000076
79.58399743999999,20.29999924
79.56100244,20.35000038
79.51199883999999,19.54999924
79.16699761999999,18.5
79.45999689,18.10000038
79.20699854,17.14999962
79.11399621999999,17.95000076
79.44800348,18.5
78.84499901999999,18.79999924
78.37599725,19.95000076
78.20499962999999,22.70000076
77.99400109999999,28.70000076
77.95000238,33.90000153
78.15800256,38.5
77.51499718999999,42.5
77.84300012,44.95000076
77.84100122,45.75
77.85500116,45.84999847
77.94399804999999,46.04999924
77.84200066999999,45.15000153
78.47099847,45.20000076
78.36399621999999,46.04999924
78.39500208,45.75
78.27200098,46.65000153
78.97299738,45.75
78.57999962999999,44.79999924
78.7990014,44.59999847
78.71200342,43.95000076
78.77300043,44.20000076
78.84200066999999,44.59999847
78.746,44.45000076
78.77799768,43.65000153
78.65399713,43.15000153
79.13000269,41.45000076
79.60700005999999,38.84999847
79.16599817,35.34999847
79.28400201,32.45000076
79.3199975,30.64999962
79.22600335999999,27.35000038
79.53200310999999,24.45000076
79.59599847,20.29999924
79.38200159,16.5
79.92100305,14.35000038
80.02200098,13.19999981
79.71099634,8.699999809
79.77300043,4.0
79.08399743999999,1.700000048
80.07199639999999,3.700000048
78.8670022,3.700000048
78.90800256,4.349999905
79.32199639999999,5.199999809
79.19699639999999,6.0
78.28999872,10.64999962
78.55699700999999,15.64999962
77.71500177,22.35000038
77.94800348,27.5
78.2420022,30.10000038
77.79600305,33.65000153
78.23100061,34.25
78.60200281,34.45000076
79.27100152999999,31.79999924
79.79399652,29.95000076
79.03100366,29.0
79.246,26.45000076
78.9449975,22.35000038
79.93199700999999,18.54999924
79.55199976,14.55000019
79.21200342,11.85000038
78.95899743999999,11.14999962
79.26399774,12.5
78.82199639999999,13.35000038
79.30100030999999,15.94999981
78.96600122,17.79999924
78.98200005999999,19.45000076
78.5679986,20.54999924
78.55599756,20.89999962
78.96099634,21.29999924
78.82800073,21.10000038
78.77499933,20.29999924
79.32600183,19.60000038
79.43600244,19.29999924
79.37599725,18.60000038
79.78400201,15.0
80.15199822999999,9.199999809
79.93600244,2.599999905
79.80100030999999,0.0
79.83700342,0.0
79.78600091999999,0.0
79.79299707,0.0
80.12900323,0.0
80.23699730999999,0.0
80.21500177,0.0
80.88599939,0.0
81.39300317,0.0
80.9449975,0.0
81.43099756,0.0
80.98399896,0.0
80.12000055,0.0
79.71400231999999,0.0
79.20999689,0.050000001
78.44099969,7.300000191
78.35600061,13.80000019
77.6150033,20.20000076
77.85100335999999,24.64999962
77.80799646,26.14999962
77.98000116,25.75
78.39300317,25.14999962
78.31200188999999,24.54999924
78.57800073,25.89999962
79.07400292999999,25.20000076
78.85799951,24.70000076
79.14500208,24.14999962
79.08800287,23.0
78.80299921,22.79999924
78.92699976,22.60000038
78.89200371999999,22.70000076
79.03400201,22.39999962
78.66499872,21.64999962
78.93199700999999,20.85000038
78.62599725,22.60000038
78.85100335999999,22.39999962
79.16200037,22.70000076
79.28899926999999,23.5
78.7400033,23.10000038
79.14600152999999,22.79999924
78.72099847,21.85000038
78.91699761999999,21.10000038
78.69900292999999,21.79999924
78.53999872,21.29999924
79.34899682999999,21.70000076
78.39700098,22.64999962
77.98699730999999,22.75
79.15499657999999,22.0
79.38000269,22.14999962
78.96300287,20.89999962
78.43800134,20.5
79.13799829,19.45000076
79.01299829,19.04999924
78.28999872,18.5
78.73499840999999,18.20000076
78.82800073,17.70000076
78.43400353999999,18.75
78.85400170999999,19.29999924
79.14200371999999,18.95000076
78.43500299,19.29999924
79.03899926999999,19.79999924
78.34799738,19.64999962
78.79600305,21.25
79.24999779999999,21.95000076
78.7990014,22.60000038
78.60200281,23.0
78.94599695,23.35000038
79.02399987999999,23.10000038
79.14999933,23.20000076
78.8650033,23.45000076
79.64600152999999,23.70000076
78.90399713,23.0
78.89999933,23.25
78.65700310999999,22.75
78.97199791999999,22.14999962
78.94199915,20.39999962
79.49100274999999,19.79999924
79.3650033,19.29999924
79.27899713,20.25
79.48899621999999,20.79999924
78.80799646,21.29999924
79.14500208,21.79999924
79.23200005999999,21.29999924
78.44099969,22.35000038
79.05699700999999,21.85000038
78.27699822999999,21.89999962
78.98599786,22.95000076
78.57600183,24.0
78.47099847,24.35000038
78.29700249999999,26.5
78.3179986,28.85000038
78.0490014,32.95000076
77.88100213999999,36.90000153
78.05900353999999,40.5
78.19199915,41.84999847
78.16000145999999,41.84999847
78.1740014,40.79999924
79.00300378,38.84999847
79.16299982,37.75
79.17500084999999,34.45000076
79.60999840999999,29.35000038
79.79399652,23.35000038
79.02200098,19.85000038
79.05599756,17.60000038
79.14400262,16.39999962
78.68299646,17.75
78.73200005999999,19.85000038
78.41799707,21.60000038
78.60300226,22.60000038
78.83900231999999,23.89999962
78.62800378,23.70000076
78.45599908,22.95000076
78.94800348,23.39999962
79.26900262,22.04999924
79.11900109999999,21.14999962
79.23799677,19.5
79.14999933,17.10000038
79.23599786,13.75
79.09599847,13.30000019
79.28300256,14.05000019
78.9449975,15.14999962
79.10700005999999,15.94999981
78.89200371999999,16.25
79.59399957,16.54999924
80.41399926999999,15.5
79.64999933,14.30000019
79.50999994,10.85000038
79.77200098,7.300000191
79.76299829,4.300000191
79.58499689,1.25
80.09599847,0.0
79.52699822999999,0.0
79.44000023999999,0.349999994
78.99500055,2.599999905
78.84100122,5.900000095
78.51599664,9.149999619
77.72299738,12.55000019
78.45400018,15.10000038
78.15700310999999,19.25
77.95100183,21.45000076
78.14999933,22.64999962
78.5450036,23.29999924
77.08800287,22.5
78.30199976,23.0
78.76800317,22.35000038
79.1170022,22.79999924
79.19399804999999,22.54999924
78.92699976,22.60000038
78.95300073,22.5
79.15800256,21.29999924
78.91699761999999,20.85000038
79.00199669999999,20.89999962
79.55900353999999,20.60000038
78.80599756,21.64999962
79.13300104,21.64999962
79.03100366,20.95000076
79.11800165,20.39999962
79.31899804999999,19.95000076
79.30900353999999,20.35000038
79.40499657999999,19.39999962
78.9449975,19.25
79.15499657999999,19.14999962
79.23499840999999,19.14999962
78.54800195,19.5
78.88699883999999,20.70000076
78.31899804999999,21.20000076
78.88200159,21.89999962
78.96400231999999,21.85000038
79.05100030999999,21.70000076
79.15299768,22.85000038
78.70100183,23.85000038
78.43099756,24.95000076
78.44900292999999,26.25
78.10400170999999,30.35000038
78.30000084999999,34.25
78.12399835,35.54999924
77.33199854,38.70000076
78.00199669999999,40.15000153
78.38999718999999,39.65000153
79.08900231999999,37.75
78.47099847,37.09999847
79.07900018,35.09999847
79.56100244,31.20000076
79.58399743999999,24.10000038
79.90800256,17.75
79.35700005999999,14.10000038
79.23399896,11.60000038
78.94199915,10.89999962
78.55599756,12.30000019
79.04700249999999,12.94999981
79.27200098,13.85000038
79.18600244,13.85000038
79.43700188999999,12.85000038
79.02399987999999,11.14999962
79.9449975,8.949999809
80.08599634,5.300000191
79.86299677,2.700000048
79.04399652,3.900000095
79.02799768,7.300000191
78.77100152999999,12.05000019
78.29600305,16.95000076
77.52399987999999,23.60000038
77.59399957,29.95000076
77.75400323,33.29999924
77.26900262,37.34999847
77.52599878,39.34999847
77.71999901999999,40.09999847
77.7479989,40.15000153
78.07600183,38.95000076
78.67200249999999,39.04999924
78.59799738,38.54999924
78.40700310999999,37.59999847
78.83599634,37.45000076
79.02100152999999,36.45000076
78.92799921,35.54999924
78.96400231999999,34.15000153
79.60799951,32.09999847
79.05799646,30.64999962
79.0679986,28.0
80.25700159,25.5
79.37599725,23.70000076
79.6740014,21.75
79.32999962999999,21.75
78.98499840999999,22.45000076
78.26199883999999,25.60000038
79.1740014,25.5
79.08499689,20.25
79.85100335999999,16.14999962
79.64400262,10.35000038
79.70899743999999,7.0
79.69900292999999,5.150000095
79.121,5.800000191
79.46999901999999,6.800000191
78.99100274999999,6.949999809
79.09799738,7.599999905
79.27000208,6.75
79.33099908,6.949999809
78.63699883999999,7.5
79.73499840999999,6.599999905
78.70699854,6.099999905
79.35500116,5.949999809
79.1949975,5.199999809
79.17600030999999,5.699999809
79.44000023999999,6.099999905
78.53400201,7.650000095
77.92600030999999,10.19999981
78.58199854,15.0
77.82400292999999,19.5
78.11800165,24.85000038
77.45499962999999,30.14999962
77.24100274999999,35.75
77.59399957,39.70000076
76.81200188999999,43.09999847
77.30299921,46.70000076
78.26199883999999,47.34999847
78.00500269,46.15000153
77.68600244,45.20000076
78.20699854,45.09999847
78.20699854,44.90000153
79.07300348,43.59999847
79.28100366,40.40000153
79.21400231999999,34.65000153
79.51099939,27.45000076
79.68500299,22.20000076
79.58700342,16.35000038
79.46200342,13.05000019
78.23799677,12.10000038
78.3199975,15.55000019
78.14099664,17.75
78.56000299,18.95000076
78.21400231999999,19.35000038
78.28999872,22.25
78.40900201,21.85000038
78.61600274999999,22.45000076
78.36900109999999,23.54999924
78.88799829,22.95000076
78.69199915,24.04999924
78.45499962999999,24.54999924
78.88699883999999,24.95000076
79.1949975,25.04999924
78.79800195,24.0
78.49899835,23.89999962
78.89400262,25.20000076
78.9200036,25.14999962
79.22299738,25.04999924
79.25999994,23.85000038
78.94000023999999,23.25
78.67300195,22.85000038
78.94000023999999,22.39999962
79.11600274999999,21.35000038
78.95699854,20.89999962
79.55900353999999,20.35000038
79.11399621999999,20.79999924
79.07999962999999,20.85000038
79.25800104,21.39999962
79.2400033,20.85000038
78.85300226,20.75
78.85799951,21.70000076
79.21300287,20.89999962
78.76199883999999,21.25
79.04299707,21.25
78.9429986,20.25
79.12000055,19.75
79.13400048999999,19.14999962
78.88999718999999,20.20000076
79.26399774,18.85000038
78.98599786,19.5
78.98499840999999,19.35000038
79.01399774,19.04999924
79.38599939,19.45000076
78.97299738,19.0
78.91399926999999,20.60000038
79.00500269,20.10000038
78.82400292999999,20.04999924
78.49899835,20.39999962
79.43600244,18.79999924
78.93400353999999,16.5
79.24899835,13.39999962
79.47399682999999,12.30000019
79.34799738,11.19999981
79.13899774,10.35000038
79.27499933,9.100000381
79.50999994,9.0
79.39899987999999,7.150000095
80.28300256,5.599999905
79.45899743999999,2.400000095
79.54399652,2.25
79.53300256,0.649999976
79.48000116,0.850000024
78.95100183,0.349999994
79.4449975,0.150000006
79.65499657999999,0.949999988
78.97700281,0.899999976
78.65499657999999,2.700000048
79.03700037,5.349999905
78.55000084999999,8.800000191
78.17300195,11.75
78.05900353999999,16.85000038
77.94800348,20.79999924
77.44399804999999,24.14999962
78.43600244,25.14999962
78.39600152999999,24.29999924
78.35600061,25.04999924
78.9449975,24.54999924
78.39600152999999,25.35000038
79.27200098,25.14999962
77.68400353999999,0.0
75.85100335999999,0.0
75.16100091999999,0.0
73.36900109999999,0.0
71.80199976,0.0
69.90299768,0.0
68.95699854,0.0
67.36399621999999,0.0
65.38000269,0.0
64.62499779999999,0.0
63.404000950000004,0.0
61.73999948,0.0
60.87399835,0.0
58.64999933,0.0
58.50499887,0.0
56.88300104,0.0
56.169000340000004,0.0
54.4240014,0.0
53.538999270000005,18.39999962
51.83199854,0.0
50.55700082,0.0
49.77300043,0.0
48.577001280000005,0.0
47.651998230000004,0.0
47.4979989,9.699999809
47.577001280000005,9.449999809
46.794000340000004,0.0
45.475999540000004,0.0
43.9639985,0.0
43.098001190000005,0.0
42.169000340000004,0.0
42.10500116,0.0
41.139001560000004,0.0
40.84399957,0.0
40.157998750000004,0.0
39.4069993,0.0
39.226998990000006,0.0
39.217000670000004,0.0
37.14000101,0.0
37.053998660000005,0.0
36.73000116,0.0
35.461999600000006,0.0
33.83199854,0.0
31.621,0.0
29.381000229999998,0.0
26.632999129999998,0.0
22.62700052,0.0
20.048999499999997,0.0
18.82500047,0.0
17.50999994,4.650000095
15.39300031,0.0
14.21499986,0.0
10.246,1.549999952
9.167999931,0.0
7.441000172000001,0.0
6.252999969,5.300000191
4.689999767000001,2.650000095
1.718000003,2.0
0.059000000999999996,2.549999952
0.057000000999999995,1.950000048
0.131000005,1.899999976
0.11,2.150000095
0.051000000000000004,1.799999952
0.073,1.850000024
0.07100000299999999,2.450000048
0.119000003,1.799999952
0.146000006,1.799999952
0.037000001000000005,1.850000024
0.075000004,1.850000024
0.052000002000000003,1.850000024
0.130000003,1.850000024
0.057000000999999995,1.799999952
