<time[s]>,<latitude>,<longitude>,<height[m]>,<speed[km/h]>
1,25.049818,121.578142,28,0
2,25.049818,121.578142,28,0
3,25.049822,121.578141,28,1.9
4,25.049826,121.578139,28,1.4
5,25.049827,121.578139,28,0.4
6,25.049818,121.578142,22,0
7,25.049664,121.578525,22,1.5
8,25.049669,121.578537,22,2.3
9,25.049673,121.578538,22,1.7
10,25.049671,121.578532,23,2
11,25.049682,121.578549,27,7.5
12,25.049686,121.578555,31,2.7
13,25.049689,121.57856,35,2
14,25.049689,121.578569,39,3.3
15,25.049689,121.578574,43,2
16,25.049684,121.578579,46,2.5
17,25.04968,121.578581,50,1.9
18,25.049679,121.578586,53,1.7
19,25.049676,121.578589,57,1.9
20,25.049644,121.578602,59,13.5
21,25.049669,121.578594,63,10.3
22,25.049679,121.57853,65,23.7
23,25.04969,121.578429,66,36.7
24,25.049685,121.578557,68,46.5
25,25.049698,121.578541,71,7.9
26,25.049687,121.578498,73,16.3
27,25.049676,121.578484,75,6.8
28,25.04968,121.578475,77,3.6
29,25.049689,121.578474,77,3.8
30,25.0497,121.57847,79,4.4
31,25.049702,121.578475,81,1.9
32,25.049703,121.578472,82,1.2
33,25.049701,121.578474,83,1.2
34,25.049701,121.578473,83,0.4
35,25.049699,121.578474,84,0.7
36,25.049718,121.578471,85,7.7
37,25.049707,121.57845,87,8.8
38,25.049682,121.578451,88,10.2
39,25.04969,121.578459,89,4.4
40,25.049697,121.578451,89,4
41,25.049706,121.578459,90,4.5
42,25.049703,121.578466,92,2.8
43,25.049719,121.578472,92,6.5
44,25.049721,121.578471,92,1.1
45,25.049708,121.578462,93,6.3
46,25.0497,121.578472,93,4.6
47,25.049694,121.57847,94,2.7
48,25.049687,121.578487,95,6.7
49,25.04968,121.57851,95,9
50,25.049679,121.578518,96,2.7
51,25.049673,121.578539,97,8.1
52,25.049668,121.578552,98,5.2
53,25.049663,121.578565,98,4.9
54,25.049658,121.578571,99,3.2
55,25.049649,121.578578,100,4.3
56,25.049641,121.578583,101,3.7
57,25.049635,121.578581,102,2.6
58,25.04963,121.578577,103,2.5
59,25.049626,121.578574,104,1.9
60,25.049623,121.578573,106,1.2
61,25.049622,121.578568,107,1.9
62,25.04962,121.578564,108,1.7
63,25.049618,121.578561,109,1.4
64,25.049616,121.578559,110,0.9
65,25.049624,121.578548,110,5
66,25.04963,121.578539,112,4.1
67,25.049635,121.578531,112,3.5
68,25.049638,121.578526,113,2.2
69,25.049636,121.578521,114,1.8
70,25.049637,121.578516,115,2.1
71,25.049642,121.578509,116,3.2
72,25.049645,121.578504,116,2.1
73,25.049646,121.5785,117,1.4
74,25.049646,121.578499,118,0.4
75,25.049646,121.578498,119,0.3
76,25.049646,121.578496,119,0.7
77,25.049647,121.578494,120,0.8
78,25.049647,121.578492,121,0.9
79,25.049647,121.578489,121,1
80,25.049647,121.578486,121,1
81,25.049645,121.578484,121,1
82,25.049644,121.578482,122,0.9
83,25.049642,121.578482,122,0.8
84,25.04964,121.578484,122,1.2
85,25.049637,121.578486,122,1.2
86,25.049635,121.578489,123,1.4
87,25.049633,121.578493,123,1.5
88,25.049632,121.578495,123,1.1
89,25.049632,121.578498,123,0.9
90,25.049632,121.5785,123,0.8
91,25.049633,121.578502,123,0.9
92,25.049634,121.578505,123,1
93,25.049635,121.578505,123,0.8
94,25.049636,121.5785,123,2
95,25.049632,121.578497,123,1.9
96,25.049632,121.578495,123,0.7
97,25.04963,121.578495,123,0.9
98,25.049628,121.578492,123,1.2
99,25.049626,121.578492,123,0.8
100,25.049623,121.578493,123,1.5
101,25.049618,121.578497,123,2.2
102,25.049617,121.578497,123,0.5
103,25.049616,121.578496,123,0.5
104,25.049616,121.578495,123,0.6
105,25.049617,121.578492,123,1
106,25.049618,121.57849,123,0.9
107,25.049619,121.578489,123,0.7
108,25.04962,121.578487,123,0.7
109,25.04962,121.578488,123,0.2
110,25.049619,121.578489,123,0.6
111,25.04962,121.578489,123,0.4
112,25.049622,121.578488,123,0.7
113,25.049622,121.578488,123,0.1
114,25.049621,121.578489,123,0.3
115,25.04962,121.578491,123,0.9
116,25.049618,121.578493,123,1.3
117,25.049614,121.578497,123,1.8
118,25.049615,121.578497,123,0.2
119,25.049612,121.578494,123,1.6
120,25.049612,121.578494,123,0.3
121,25.049613,121.578494,123,0.3
122,25.049613,121.578494,123,0.1
123,25.049613,121.578494,123,0.1
124,25.049613,121.578494,122,0.2
125,25.049613,121.578496,122,0.9
126,25.049613,121.578498,123,0.7
127,25.049613,121.578498,123,0.2
128,25.049608,121.578502,123,2.4
129,25.049609,121.578501,123,0.4
130,25.049609,121.578502,123,0.2
131,25.049609,121.578504,123,0.8
132,25.049608,121.578505,123,0.4
133,25.049609,121.578506,123,0.3
134,25.049608,121.578507,123,0.6
135,25.049611,121.578505,122,1.4
136,25.049613,121.578505,123,1
137,25.049615,121.578504,122,0.8
138,25.049617,121.578507,122,1.4
139,25.049619,121.578507,123,0.7
140,25.049621,121.578508,122,0.8
141,25.049623,121.57851,123,0.9
142,25.049623,121.57851,122,0.2
143,25.049626,121.57851,122,1.2
144,25.049627,121.57851,123,0.4
145,25.049626,121.578508,123,0.8
146,25.049631,121.578506,123,1.8
147,25.04963,121.578503,123,1
148,25.049634,121.578501,123,1.9
149,25.049641,121.578497,123,3.1
150,25.049643,121.578498,123,0.9
151,25.049647,121.578496,123,1.6
152,25.049649,121.578495,123,0.9
153,25.049651,121.578493,123,1.1
154,25.049652,121.57849,123,1.2
155,25.049651,121.578488,123,0.7
156,25.049652,121.578486,124,0.7
157,25.049651,121.578485,123,0.6
158,25.049651,121.578481,122,1.3
159,25.049636,121.578475,123,6.4
160,25.04962,121.578472,123,6.5
161,25.049606,121.578466,123,5.8
162,25.049587,121.578474,124,8.4
163,25.049573,121.578495,124,9.4
164,25.049568,121.57852,123,9.5
165,25.04958,121.578546,124,10.6
166,25.049606,121.578568,124,13.1
167,25.049642,121.578588,124,16
168,25.049686,121.578584,124,17.8
169,25.049728,121.578597,125,17.4
170,25.049775,121.578607,125,19.2
171,25.049831,121.578582,124,24.2
172,25.049884,121.57856,123,22.7
173,25.049929,121.578548,124,18.3
174,25.049971,121.578546,123,16.9
175,25.050004,121.578546,123,13.2
176,25.050028,121.578547,123,9.5
177,25.050054,121.578563,122,12
178,25.050078,121.578602,123,17.4
179,25.050098,121.578652,123,19.8
180,25.050115,121.578708,123,21.4
181,25.050127,121.578777,123,25.6
182,25.050133,121.578854,124,27.9
183,25.050151,121.578937,124,30.9
184,25.05017,121.579018,123,30.3
185,25.050193,121.579094,124,29.1
186,25.05021,121.579169,124,28.2
187,25.050226,121.57924,124,26.6
188,25.050239,121.5793,123,22.5
189,25.050252,121.579348,123,18.3
190,25.050268,121.579391,123,16.8
191,25.050284,121.579421,123,12.7
192,25.050293,121.579444,123,9.1
193,25.05029,121.579452,122,3.1
194,25.05031,121.579454,122,7.7
195,25.050316,121.579454,122,2.5
196,25.050318,121.579455,121,0.9
197,25.05032,121.579458,121,1.4
198,25.050318,121.579466,121,3
199,25.050321,121.57949,120,8.5
200,25.050317,121.579509,120,7.3
201,25.050307,121.579535,121,10
202,25.050281,121.57957,121,16.6
203,25.050247,121.579608,121,19.6
204,25.050208,121.57965,121,21.6
205,25.050158,121.579696,121,26
206,25.050105,121.579743,122,27.4
207,25.050051,121.57979,121,27.4
208,25.05,121.579829,122,24.9
209,25.049949,121.57986,121,23.4
210,25.049909,121.579891,122,19.6
211,25.049874,121.579911,122,15.7
212,25.049854,121.579928,121,10.1
213,25.049839,121.579934,121,6.5
214,25.049828,121.579939,121,4.7
215,25.049825,121.579933,121,2.5
216,25.049823,121.579934,121,1.1
217,25.049822,121.579937,120,1.2
218,25.04982,121.57994,120,1.1
219,25.049818,121.579942,121,1.2
220,25.049812,121.579942,120,2.3
221,25.04981,121.579941,120,1
222,25.049807,121.57994,120,1.2
223,25.049801,121.579939,120,2.4
224,25.049795,121.579937,120,2.7
225,25.049787,121.579935,120,3
226,25.049779,121.579935,120,3.4
227,25.049772,121.579932,120,2.9
228,25.049766,121.579932,120,2.4
229,25.049763,121.57993,120,1.3
230,25.049758,121.57993,120,2.1
231,25.049753,121.579931,120,1.8
232,25.049749,121.579931,120,1.7
233,25.049746,121.579931,120,1.3
234,25.049743,121.579931,120,1.1
235,25.049742,121.579928,120,1.4
236,25.049743,121.579926,120,0.7
237,25.049746,121.579925,120,1.2
238,25.049747,121.579929,120,1.4
239,25.04975,121.579928,119,1.5
240,25.049748,121.579938,120,3.9
241,25.049745,121.579942,120,2
242,25.049745,121.579942,120,0.2
243,25.049743,121.579944,119,0.8
244,25.049744,121.579946,120,0.9
245,25.049744,121.57995,119,1.5
246,25.049747,121.579957,120,2.6
247,25.049744,121.579958,119,1.3
248,25.049739,121.57996,118,2
249,25.049733,121.579961,118,2.5
250,25.049723,121.57996,118,4.1
251,25.049704,121.579965,119,7.8
252,25.04967,121.579966,120,13.7
253,25.049628,121.579963,120,17
254,25.049574,121.57996,119,21.4
255,25.049508,121.579955,119,26.7
256,25.04944,121.57995,120,27.1
257,25.049368,121.579952,120,29
258,25.049302,121.579954,120,26.5
259,25.04923,121.579954,120,28.9
260,25.049158,121.579958,120,28.9
261,25.04909,121.57997,120,27.5
262,25.049021,121.579975,120,27.5
263,25.04895,121.579974,120,28.5
264,25.048879,121.579976,120,28.7
265,25.048807,121.579973,120,28.8
266,25.048742,121.579978,120,25.9
267,25.048686,121.579979,120,22.5
268,25.048643,121.579975,120,17.4
269,25.048607,121.579972,119,14.6
270,25.048574,121.579964,119,13.4
271,25.048545,121.579953,118,12.3
272,25.048507,121.579931,118,17.5
273,25.048474,121.579894,118,18.9
274,25.048445,121.579849,119,19.8
275,25.048421,121.579805,119,18.7
276,25.048401,121.579764,119,16.9
277,25.04838,121.579723,119,17.3
278,25.048359,121.579687,119,15.3
279,25.048342,121.579661,119,11.7
280,25.048328,121.579647,118,7.7
281,25.048319,121.579637,119,4.9
282,25.048316,121.579627,119,4
283,25.048315,121.579637,118,3.9
284,25.048314,121.579639,118,0.8
285,25.048317,121.579638,118,1.3
286,25.048318,121.579638,118,0.4
287,25.048317,121.579637,117,0.3
288,25.048317,121.579637,117,0.4
289,25.048318,121.579636,117,0.6
290,25.04832,121.579637,117,0.7
291,25.048321,121.579639,118,1.1
292,25.048324,121.579639,117,1
293,25.048326,121.579638,118,1.1
294,25.048324,121.579633,116,1.8
295,25.048322,121.579625,117,3
296,25.048317,121.579612,117,5.3
297,25.048313,121.57959,117,8
298,25.048309,121.579572,117,6.9
299,25.0483,121.579537,116,13.2
300,25.048292,121.579492,117,16.6
301,25.048283,121.579447,117,16.5
302,25.04828,121.579395,117,19
303,25.048273,121.579342,117,19.6
304,25.048264,121.579281,117,22.2
305,25.048257,121.579227,117,20
306,25.048246,121.579175,117,19.2
307,25.048239,121.579129,118,17.2
308,25.048233,121.579088,117,14.9
309,25.048232,121.579059,117,10.6
310,25.048229,121.579038,118,7.6
311,25.048232,121.579025,117,4.9
312,25.048229,121.579017,116,3.1
313,25.048225,121.579013,116,2.3
314,25.048222,121.579012,117,1.1
315,25.048224,121.579009,116,1.3
316,25.048226,121.579006,116,1.6
317,25.048229,121.579004,116,1.1
318,25.04823,121.579001,116,1.1
319,25.048229,121.578998,116,1.4
320,25.048237,121.578994,116,3.2
321,25.048234,121.578977,115,6.4
322,25.048237,121.578958,115,6.8
323,25.048238,121.578935,115,8.4
324,25.048233,121.578895,116,14.8
325,25.048222,121.578848,116,17.5
326,25.048214,121.578796,116,19.1
327,25.0482,121.578745,117,19.2
328,25.048195,121.578701,117,16.4
329,25.048192,121.578665,116,13.2
330,25.048187,121.578633,116,11.8
331,25.048184,121.578604,116,10.4
332,25.04818,121.578579,116,9.2
333,25.048169,121.578551,116,11.1
334,25.048158,121.578528,116,9.5
335,25.04815,121.578511,116,7.2
336,25.048146,121.578498,115,4.9
337,25.048141,121.578487,116,4.5
338,25.048136,121.578479,115,3.3
339,25.04813,121.578469,116,4.4
340,25.048126,121.578463,115,2.8
341,25.048124,121.578455,115,2.8
342,25.04812,121.578448,115,3.3
343,25.048119,121.578442,115,2
344,25.048115,121.578438,115,2.2
345,25.048114,121.578433,115,2
346,25.048111,121.578422,114,4.2
347,25.048109,121.578407,114,5.4
348,25.048108,121.57839,114,6.1
349,25.048103,121.578366,115,9
350,25.048098,121.578331,114,13
351,25.048095,121.578284,114,16.9
352,25.048093,121.578235,115,18.1
353,25.048086,121.578179,115,20.3
354,25.048081,121.57812,115,21.5
355,25.048077,121.578061,115,21.4
356,25.048072,121.578003,115,21.4
357,25.048063,121.577944,115,21.7
358,25.048045,121.577893,116,19.7
359,25.04802,121.577851,116,18.3
360,25.047989,121.577813,116,18.7
361,25.047949,121.577783,116,19.4
362,25.047904,121.577762,115,19.2
363,25.047856,121.577747,114,20.2
364,25.047805,121.577733,114,21
365,25.047761,121.577724,114,18.1
366,25.047714,121.577718,114,18.7
367,25.04767,121.577716,115,17.7
368,25.047634,121.577712,115,14.7
369,25.047602,121.577703,114,13.2
370,25.047578,121.577706,115,9.4
371,25.047563,121.577703,114,6
372,25.047554,121.577701,114,3.9
373,25.047547,121.5777,114,2.7
374,25.047541,121.577691,114,4
375,25.047536,121.577682,113,3.9
376,25.047537,121.577688,113,2.1
377,25.047537,121.577691,113,1.4
378,25.047537,121.577694,113,1.1
379,25.047536,121.577698,114,1.3
380,25.047536,121.577698,114,0
381,25.047536,121.577704,113,2.4
382,25.047534,121.577711,112,2.6
383,25.047527,121.577721,113,4.7
384,25.047527,121.577721,112,0
385,25.047494,121.57772,113,12.9
386,25.04746,121.577704,113,15
387,25.047436,121.577701,113,9.7
388,25.047377,121.577714,113,24
389,25.047337,121.577721,113,16.1
390,25.047291,121.577727,113,18.8
391,25.047231,121.577733,113,24.2
392,25.04717,121.577738,114,24.4
393,25.047108,121.577736,114,24.7
394,25.04705,121.577728,114,23.6
395,25.046991,121.577713,114,24.3
396,25.046932,121.577703,114,23.9
397,25.046874,121.577703,114,23.1
398,25.046823,121.577706,114,20.5
399,25.046774,121.577707,114,19.5
400,25.046717,121.577752,113,28.1
401,25.04667,121.577759,114,19.2
402,25.046626,121.577761,114,17.4
403,25.046591,121.57776,113,14.2
404,25.046564,121.577758,112,11
405,25.046543,121.577754,113,8.5
406,25.046511,121.57774,114,13.6
407,25.046489,121.57774,113,8.7
408,25.046476,121.577742,113,5.5
409,25.046466,121.577743,113,4.1
410,25.046457,121.577739,113,3.8
411,25.046457,121.577739,112,0
412,25.046453,121.577739,112,1.4
413,25.046451,121.577739,112,1
414,25.046448,121.577743,112,1.8
415,25.046447,121.577748,112,1.7
416,25.046447,121.577751,112,1
417,25.046447,121.577751,112,0
418,25.046441,121.577779,112,10.5
419,25.046433,121.57778,112,3.2
420,25.046428,121.577781,112,2
421,25.046424,121.577781,112,1.6
422,25.046419,121.577795,112,5.5
423,25.04642,121.577797,112,0.8
424,25.046419,121.577795,112,0.8
425,25.046421,121.577798,111,1.3
426,25.046424,121.577801,111,1.6
427,25.046424,121.577802,112,0.4
428,25.046417,121.577839,111,13.7
429,25.046417,121.577854,111,5.5
430,25.046414,121.577864,111,3.8
431,25.046414,121.577874,111,3.6
432,25.046412,121.577881,111,2.7
433,25.046409,121.577886,111,2.2
434,25.046406,121.57789,111,1.9
435,25.046405,121.577895,111,1.8
436,25.046406,121.577899,111,1.7
437,25.046409,121.577905,111,2.4
438,25.046411,121.577908,111,1.2
439,25.046409,121.577907,111,0.8
440,25.046409,121.577908,111,0.4
441,25.046408,121.577907,111,0.8
442,25.046406,121.577907,111,0.7
443,25.046403,121.577909,111,1.3
444,25.046403,121.57791,111,0.5
445,25.046402,121.577908,110,1
446,25.046399,121.577909,111,1.1
447,25.0464,121.577905,111,1.5
448,25.046401,121.577899,110,2.1
449,25.046402,121.577894,110,2
450,25.046406,121.577883,110,4.3
451,25.046414,121.577879,111,3.7
452,25.046416,121.577873,111,2.3
453,25.046416,121.577869,111,1.7
454,25.046417,121.577866,111,1.1
455,25.046411,121.577856,110,4.2
456,25.046404,121.577849,110,4
457,25.046384,121.577842,110,8.4
458,25.046358,121.577834,110,10.8
459,25.046321,121.577824,110,15.2
460,25.046275,121.577817,110,18.6
461,25.046228,121.577814,111,18.7
462,25.046181,121.57781,110,18.7
463,25.046131,121.577801,110,20.5
464,25.046083,121.577793,110,19.5
465,25.046026,121.577782,110,23.2
466,25.045969,121.577776,110,22.8
467,25.04592,121.57777,110,19.8
468,25.045866,121.577764,110,21.9
469,25.04581,121.57776,110,22.4
470,25.04576,121.57776,110,19.8
471,25.045712,121.57776,110,19.1
472,25.045672,121.577759,111,16.3
473,25.045629,121.577764,110,17.4
474,25.045582,121.577755,111,18.8
475,25.045531,121.57775,111,20.8
476,25.045482,121.577746,111,19.4
477,25.045434,121.577742,110,19.3
478,25.045386,121.577739,110,19.4
479,25.045339,121.577737,110,18.9
480,25.045293,121.577732,110,18.5
481,25.045259,121.577731,110,13.8
482,25.045234,121.577731,110,9.8
483,25.045214,121.577732,110,8
484,25.0452,121.577729,110,5.9
485,25.045188,121.577726,109,4.7
486,25.045181,121.577721,110,3.5
487,25.045182,121.577724,109,1.1
488,25.045179,121.577718,110,2.5
489,25.045177,121.577719,109,0.8
490,25.045173,121.577715,109,1.8
491,25.045167,121.577713,109,2.4
492,25.045154,121.577708,108,5.7
493,25.04514,121.577707,108,5.8
494,25.04512,121.577699,108,8.4
495,25.045096,121.577695,109,9.7
496,25.045069,121.577687,109,11.5
497,25.045045,121.577677,109,10.1
498,25.045014,121.577683,110,12.5
499,25.044992,121.577686,110,9.2
500,25.04498,121.577682,109,4.8
501,25.044976,121.57768,109,1.8
502,25.044969,121.577675,108,3.4
503,25.044962,121.577672,108,3
504,25.044953,121.577668,108,3.8
505,25.044947,121.57767,109,2.5
506,25.044941,121.57767,108,2.5
507,25.044937,121.577672,109,1.7
508,25.044931,121.577674,109,2.4
509,25.044925,121.577674,108,2.5
510,25.044913,121.577669,107,5.2
511,25.044893,121.577669,108,7.9
512,25.044875,121.577672,108,7.4
513,25.044853,121.577672,109,8.8
514,25.044818,121.577668,108,14
515,25.044764,121.577659,108,22.2
516,25.044708,121.577661,108,22.3
517,25.044644,121.577655,109,25.6
518,25.044584,121.577697,109,28.7
519,25.044512,121.577727,109,30.6
520,25.044448,121.577737,109,26
521,25.044383,121.577748,109,26.3
522,25.044318,121.577759,109,26.5
523,25.044258,121.577767,108,24.2
524,25.044187,121.577762,110,28.4
525,25.044119,121.57776,109,27.4
526,25.044045,121.577752,109,29.8
527,25.043963,121.577736,109,33.1
528,25.04391,121.577731,109,21.5
529,25.043849,121.57774,108,24.7
530,25.043788,121.577741,109,24.4
531,25.04374,121.577742,109,19.2
532,25.043706,121.57774,109,13.9
533,25.043673,121.577742,108,13.3
534,25.043656,121.577743,109,6.6
535,25.04365,121.57774,108,2.7
536,25.043642,121.577739,108,3.3
537,25.043631,121.577736,108,4.3
538,25.043631,121.577735,108,0.4
539,25.043606,121.577729,108,10.1
540,25.043595,121.577729,108,4.3
541,25.043594,121.577729,108,0.4
542,25.043565,121.577732,108,11.6
543,25.043558,121.577728,108,3.5
544,25.043549,121.577724,108,3.8
545,25.043541,121.577718,107,3.7
546,25.043533,121.577715,107,3.6
547,25.043525,121.577714,108,3.1
548,25.043519,121.577711,107,2.6
549,25.043516,121.577707,108,1.9
550,25.04351,121.577709,107,2.5
551,25.043506,121.577707,107,1.6
552,25.043501,121.577706,107,1.8
553,25.0435,121.577705,107,0.9
554,25.043498,121.577702,107,1.1
555,25.043498,121.577702,107,0.1
556,25.043496,121.577698,107,1.7
557,25.043496,121.577695,107,0.9
558,25.043494,121.577693,107,1
559,25.043494,121.577693,107,0.2
560,25.043492,121.577692,107,0.9
561,25.043492,121.577692,107,0.2
562,25.04349,121.577693,107,0.8
563,25.04349,121.577694,107,0.4
564,25.043488,121.577694,107,0.8
565,25.043487,121.577696,107,1
566,25.043484,121.577698,107,1.1
567,25.043483,121.5777,106,0.9
568,25.043482,121.577702,106,0.9
569,25.043476,121.577704,106,2.6
570,25.043458,121.577708,106,7.1
571,25.04344,121.577711,105,7.4
572,25.043411,121.577714,106,11.6
573,25.043375,121.57772,107,14.7
574,25.043327,121.577725,106,19.2
575,25.043265,121.577727,106,24.9
576,25.043192,121.57773,107,29.3
577,25.043117,121.577734,107,30.1
578,25.043051,121.577735,106,26.6
579,25.042984,121.577736,106,26.8
580,25.042921,121.577737,106,25.1
581,25.042864,121.57774,106,23
582,25.042809,121.577743,106,22.1
583,25.042756,121.577742,106,21.2
584,25.042714,121.577739,105,16.9
585,25.042674,121.577738,106,16.1
586,25.042636,121.577734,105,15.3
587,25.042601,121.577731,105,13.8
588,25.042566,121.577723,105,14.5
589,25.042536,121.577712,104,12.7
590,25.04251,121.577707,105,10.5
591,25.04249,121.5777,104,8.5
592,25.042475,121.577696,105,6.2
593,25.042459,121.5777,104,6.3
594,25.042449,121.577704,105,4.5
595,25.042443,121.577713,104,3.9
596,25.042437,121.577716,104,2.6
597,25.042431,121.577719,104,2.8
598,25.042426,121.577724,104,2.5
599,25.042421,121.577725,104,2.2
600,25.042416,121.577726,104,2
601,25.04241,121.577726,104,2.3
602,25.042407,121.577725,104,1.5
603,25.0424,121.577725,103,2.7
604,25.042397,121.577725,103,1.1
605,25.042393,121.577722,103,2
606,25.042382,121.577722,102,4.3
607,25.042362,121.577723,103,8.1
608,25.042342,121.577729,103,8.3
609,25.042316,121.577734,103,10.5
610,25.042279,121.577734,103,14.9
611,25.042232,121.577744,104,19.2
612,25.04218,121.577747,103,20.8
613,25.042132,121.577742,103,19.6
614,25.042086,121.577737,104,18.4
615,25.042049,121.577737,104,14.9
616,25.042018,121.577736,104,12.4
617,25.042003,121.577732,105,6
618,25.041999,121.577731,104,1.9
619,25.041996,121.577732,103,1.1
620,25.041995,121.57773,103,1
621,25.041995,121.577727,103,0.8
622,25.041992,121.577725,103,1.3
623,25.041991,121.577723,103,0.9
624,25.041989,121.577719,103,1.8
625,25.041985,121.577715,102,2.1
626,25.041978,121.577713,102,2.9
627,25.041964,121.577713,102,5.7
628,25.041949,121.577711,102,6.1
629,25.041929,121.577715,102,7.9
630,25.0419,121.577715,103,11.6
631,25.041863,121.577718,103,15.1
632,25.041831,121.577719,103,12.6
633,25.041804,121.57772,103,10.9
634,25.041782,121.577721,103,9.1
635,25.041769,121.577722,103,4.8
636,25.04176,121.577725,103,3.9
637,25.041751,121.577731,102,4.1
638,25.04174,121.577739,102,5.3
639,25.04173,121.57775,102,5.7
640,25.041721,121.577759,102,4.9
641,25.041713,121.577768,102,4.5
642,25.041706,121.577774,102,3.9
643,25.041704,121.577775,102,0.7
644,25.041683,121.577788,102,9.6
645,25.041678,121.577793,102,2.6
646,25.041674,121.577798,102,2.6
647,25.041671,121.577804,102,2.3
648,25.041666,121.577805,102,2
649,25.041663,121.577807,102,1.4
650,25.041662,121.577811,102,1.5
651,25.04166,121.577814,102,1.2
652,25.041659,121.577814,102,0.3
653,25.041655,121.577818,102,2.3
654,25.041655,121.577822,101,1.5
655,25.04165,121.577825,101,2.2
656,25.041637,121.577826,101,5.2
657,25.04163,121.577826,101,2.7
658,25.041627,121.577827,101,1.2
659,25.041626,121.577827,102,0.5
660,25.041621,121.577831,101,2.2
661,25.041618,121.57783,101,1.5
662,25.041615,121.577833,101,1.5
663,25.041614,121.577836,101,1
664,25.041612,121.577837,101,0.9
665,25.041612,121.577837,101,0
666,25.041612,121.577838,101,0.4
667,25.041611,121.577838,101,0.4
668,25.041609,121.577836,101,1.1
669,25.041607,121.577836,101,0.9
670,25.041602,121.577836,100,1.8
671,25.041597,121.577836,101,2.2
672,25.041589,121.577835,101,3.1
673,25.041583,121.577834,101,2.2
674,25.041578,121.577833,101,2.3
675,25.041572,121.577831,101,2.4
676,25.04157,121.577829,101,1.2
677,25.041567,121.577827,101,1.3
678,25.041564,121.577825,101,1.4
679,25.041561,121.577824,100,1.3
680,25.041557,121.577822,101,2
681,25.041556,121.577821,100,0.4
682,25.041555,121.577823,100,0.7
683,25.041557,121.577824,101,0.7
684,25.041559,121.577825,100,0.9
685,25.041559,121.577825,100,0
686,25.041558,121.577823,101,0.7
687,25.041558,121.577822,100,0.3
688,25.041558,121.577821,100,0.4
689,25.041559,121.57782,100,0.5
690,25.041559,121.57782,100,0.3
691,25.04156,121.577819,100,0.5
692,25.041561,121.577817,100,0.9
693,25.041563,121.577815,100,0.8
694,25.041563,121.577815,100,0.2
695,25.041566,121.577814,100,1.2
696,25.041567,121.577815,100,0.6
697,25.041569,121.577815,100,0.5
698,25.041569,121.577815,100,0.3
699,25.041569,121.577815,100,0
700,25.04157,121.577815,99,0.2
701,25.04157,121.577816,100,0.3
702,25.041571,121.577816,100,0.3
703,25.041571,121.577817,100,0.2
704,25.041571,121.577817,99,0.3
705,25.041573,121.577819,99,0.8
706,25.041573,121.577819,99,0.1
707,25.041575,121.57782,99,0.6
708,25.041575,121.57782,99,0.4
709,25.041576,121.577821,99,0.3
710,25.041576,121.577822,99,0.4
711,25.041577,121.577824,99,0.8
712,25.041577,121.577826,99,0.6
713,25.041577,121.577827,99,0.5
714,25.041576,121.577827,99,0.4
715,25.041576,121.577828,99,0.5
716,25.041578,121.577831,99,1.6
717,25.041579,121.577832,99,0.3
718,25.041579,121.577833,99,0.2
719,25.04158,121.577835,99,1
720,25.041581,121.577836,99,0.5
721,25.041582,121.577837,99,0.4
722,25.04158,121.577838,99,0.6
723,25.04158,121.577839,99,0.2
724,25.04158,121.577838,99,0.2
725,25.041581,121.57784,99,0.7
726,25.041581,121.577841,99,0.5
727,25.041582,121.577842,99,0.5
728,25.041579,121.577841,99,1.5
729,25.041575,121.577837,99,2.1
730,25.041573,121.577834,99,1.3
731,25.041568,121.577829,99,2.5
732,25.041562,121.577825,98,2.9
733,25.04156,121.577823,99,1
734,25.041557,121.577821,98,1.3
735,25.041556,121.577821,98,0.5
736,25.041555,121.57782,98,0.6
737,25.041555,121.577818,98,0.9
738,25.041548,121.577811,98,3.9
739,25.041543,121.577807,98,2.4
740,25.041542,121.577809,98,1
741,25.041532,121.577799,98,5.6
742,25.041527,121.577794,97,2.8
743,25.041517,121.577791,97,3.9
744,25.041497,121.577784,97,8.3
745,25.041474,121.577781,98,9.3
746,25.041453,121.577768,98,9.7
747,25.041434,121.577751,98,9.9
748,25.041405,121.577728,98,14.2
749,25.041383,121.577717,98,9.7
750,25.041372,121.577712,98,5
751,25.04136,121.577699,97,6.5
752,25.041352,121.577693,97,3.9
753,25.041346,121.577685,97,3.8
754,25.041335,121.577675,97,5.6
755,25.041326,121.577673,97,3.8
756,25.041315,121.577675,97,4.3
757,25.041303,121.577674,97,5.1
758,25.041283,121.577673,97,7.7
759,25.041263,121.57767,97,8.3
760,25.041238,121.577676,97,10
761,25.041211,121.577676,97,11.2
762,25.041181,121.577674,97,11.9
763,25.041152,121.577672,97,11.4
764,25.041127,121.577665,97,10.5
765,25.041098,121.577667,97,11.7
766,25.041073,121.577671,98,10.2
767,25.041051,121.577676,97,8.7
768,25.041029,121.577675,97,9.1
769,25.041008,121.577669,98,8.6
770,25.040984,121.577653,97,11.3
771,25.040964,121.577628,97,11.8
772,25.040943,121.577592,96,15.7
773,25.040929,121.577546,97,17.5
774,25.040919,121.577497,97,18.4
775,25.040909,121.577444,97,19.6
776,25.040902,121.577388,98,20.5
777,25.040904,121.57732,98,24.7
778,25.040913,121.577248,98,26.3
779,25.04094,121.57716,98,33.7
780,25.040959,121.577089,98,26.8
781,25.040986,121.577019,98,27.7
782,25.040999,121.576943,98,28.1
783,25.041001,121.576861,98,29.9
784,25.041004,121.576782,98,28.7
785,25.041013,121.576699,98,30.2
786,25.041021,121.576619,97,29.1
787,25.041035,121.57654,97,29.1
788,25.041047,121.576462,97,28.8
789,25.041048,121.576386,97,27.9
790,25.04106,121.57631,97,28.1
791,25.04106,121.576239,97,25.5
792,25.041055,121.57618,97,21.6
793,25.041047,121.57613,97,18.5
794,25.041048,121.576096,97,12.1
795,25.041049,121.576076,97,7.3
796,25.041052,121.576069,97,2.9
797,25.04105,121.576066,96,1
798,25.041052,121.576066,96,0.6
799,25.041051,121.576064,96,0.7
800,25.041051,121.576064,96,0.1
801,25.04105,121.576063,96,0.5
802,25.041049,121.576063,96,0.5
803,25.041048,121.576064,96,0.7
804,25.041046,121.576065,96,1
805,25.041046,121.576067,95,0.4
806,25.041042,121.576054,95,5
807,25.041042,121.576023,95,11.4
808,25.041031,121.576009,95,6.6
809,25.041021,121.575988,95,8.7
810,25.041014,121.57596,95,10.5
811,25.041009,121.575929,95,11.4
812,25.04101,121.575881,95,17.4
813,25.041015,121.575816,95,23.8
814,25.041022,121.57575,95,24.1
815,25.041023,121.57568,95,25.5
816,25.041025,121.575603,96,27.9
817,25.040985,121.575497,96,41.7
818,25.040925,121.57538,96,48.7
819,25.040908,121.575285,96,35.2
820,25.040896,121.575192,96,34.3
821,25.0409,121.575107,95,30.8
822,25.040888,121.575016,96,33.3
823,25.040879,121.574923,95,33.9
824,25.040885,121.574825,96,35.7
825,25.04089,121.574729,95,35
826,25.040902,121.574627,96,37.2
827,25.040923,121.574516,95,41.1
828,25.040925,121.574408,95,39.4
829,25.04094,121.574303,95,38.7
830,25.040941,121.574209,94,33.8
831,25.040947,121.574119,94,32.9
832,25.040948,121.574033,94,31.3
833,25.04095,121.573949,94,30.6
834,25.040951,121.573857,94,33.1
835,25.040954,121.573767,94,32.8
836,25.040962,121.573679,94,32.2
837,25.040965,121.573586,94,33.6
838,25.040962,121.573493,95,34
839,25.040974,121.573406,95,31.9
840,25.040971,121.573322,94,30.5
841,25.040968,121.573235,94,31.5
842,25.040965,121.57315,94,31.1
843,25.040965,121.573073,94,27.8
844,25.040965,121.573004,94,25
845,25.04097,121.572941,94,22.9
846,25.040971,121.572891,94,18.3
847,25.040965,121.572857,93,12.6
848,25.040958,121.572813,93,16.1
849,25.04096,121.572773,93,14.7
850,25.040953,121.572734,93,14.4
851,25.040943,121.572701,93,12.6
852,25.040938,121.572676,93,9.3
853,25.04093,121.572655,93,8
854,25.040925,121.572636,93,7.3
855,25.040918,121.572621,92,6
856,25.04091,121.572606,92,6.4
857,25.040903,121.572593,92,5.7
858,25.040904,121.572591,92,0.8
859,25.040885,121.572569,92,11.1
860,25.040876,121.572556,92,5.5
861,25.040872,121.572544,92,4.7
862,25.040865,121.572534,92,4.6
863,25.040865,121.572533,92,0.5
864,25.040857,121.572508,92,9.7
865,25.040856,121.5725,92,2.8
866,25.040851,121.572491,92,4.1
867,25.040848,121.572482,92,3.4
868,25.040844,121.572476,91,2.6
869,25.040839,121.572468,92,3.4
870,25.040836,121.572462,92,2.7
871,25.040832,121.572459,91,1.8
872,25.040831,121.572459,92,0.4
873,25.040829,121.572455,92,2
874,25.040827,121.572452,91,1.3
875,25.040823,121.572449,91,1.9
876,25.040821,121.572448,92,0.5
877,25.040824,121.572448,91,1.2
878,25.04082,121.572453,91,2.7
879,25.04082,121.572454,91,0.2
880,25.040816,121.572451,91,1.8
881,25.040812,121.572455,91,2.3
882,25.04081,121.572458,91,1.4
883,25.040806,121.572459,91,1.4
884,25.040806,121.572463,91,1.4
885,25.040801,121.572463,91,1.8
886,25.040797,121.572465,91,2.1
887,25.040793,121.572463,91,1.7
888,25.040797,121.572461,91,1.7
889,25.040794,121.572458,91,1.4
890,25.040789,121.572456,91,2.4
891,25.040784,121.572455,90,1.9
892,25.040777,121.572452,91,2.8
893,25.040773,121.572449,91,2.1
894,25.040771,121.572445,91,1.6
895,25.040766,121.572443,91,2
896,25.040761,121.572439,91,2.5
897,25.040754,121.572436,90,3
898,25.040751,121.572435,91,1.3
899,25.04075,121.572431,90,1.4
900,25.040747,121.572429,91,1.6
901,25.040742,121.572428,90,1.8
902,25.040735,121.572423,90,3.5
903,25.040725,121.57242,90,3.9
904,25.04072,121.572418,90,2.4
905,25.040712,121.572417,90,3.1
906,25.040701,121.572415,90,4.6
907,25.040688,121.572415,90,5.2
908,25.040675,121.572417,90,5.3
909,25.040666,121.572415,90,3.4
910,25.04066,121.572415,90,2.5
911,25.040656,121.572414,90,1.8
912,25.040652,121.572411,90,1.7
913,25.04065,121.57241,89,1
914,25.040649,121.57241,90,0.3
915,25.040644,121.572409,90,2.1
916,25.04064,121.572408,90,1.6
917,25.040637,121.572408,90,1.1
918,25.040635,121.572407,90,1.1
919,25.040633,121.572405,90,0.9
920,25.040631,121.572405,89,1
921,25.04063,121.572405,90,0.4
922,25.040629,121.572407,90,1
923,25.040629,121.572406,90,0.5
924,25.04063,121.572405,89,0.5
925,25.040628,121.572406,89,0.9
926,25.040626,121.572408,90,1.2
927,25.040625,121.572412,89,1.5
928,25.040621,121.572415,89,2
929,25.040622,121.57242,89,1.8
930,25.040624,121.572422,90,0.9
931,25.040629,121.572423,90,1.9
932,25.040632,121.572426,89,1.7
933,25.04064,121.572422,89,3.8
934,25.040644,121.572425,89,1.9
935,25.040652,121.572427,89,3.1
936,25.040656,121.57243,89,2.2
937,25.040664,121.572432,89,3
938,25.040672,121.572431,89,3.5
939,25.040675,121.57243,89,1
940,25.040675,121.57243,89,0
941,25.040677,121.572429,89,0.9
942,25.04068,121.57243,88,1.3
943,25.040681,121.572425,88,1.6
944,25.040674,121.572415,88,4.7
945,25.040676,121.572397,89,6.9
946,25.040677,121.572374,89,8.2
947,25.040682,121.572351,89,8.6
948,25.040688,121.572318,89,12.1
949,25.040691,121.572277,89,15.1
950,25.040709,121.572238,89,15.8
951,25.040747,121.572207,88,19
952,25.040785,121.572167,89,21.1
953,25.040801,121.572119,90,18.7
954,25.040809,121.572071,90,17.7
955,25.04083,121.572027,89,17.9
956,25.040842,121.57198,89,17.7
957,25.040855,121.571931,88,18.8
958,25.040858,121.571869,88,22.6
959,25.040867,121.571787,87,29.9
960,25.04088,121.571695,88,33.8
961,25.040884,121.571609,89,31.4
962,25.040889,121.571517,89,33.5
963,25.040897,121.571439,88,28.3
964,25.040889,121.571359,88,29.3
965,25.040879,121.571284,88,27.3
966,25.040873,121.571199,88,30.9
967,25.04087,121.571102,88,35.4
968,25.040892,121.570979,88,45.4
969,25.040901,121.570863,88,42.3
970,25.040918,121.570746,88,43
971,25.040941,121.570644,88,38.2
972,25.04096,121.570544,88,37.3
973,25.040973,121.570445,89,36.4
974,25.040987,121.570345,89,36.5
975,25.041009,121.570246,89,37.3
976,25.041031,121.570148,89,36.5
977,25.04105,121.570055,88,34.7
978,25.041056,121.569965,88,32.6
979,25.041063,121.569875,87,32.7
980,25.041066,121.569785,87,32.9
981,25.041073,121.569693,87,33.5
982,25.041084,121.569609,87,30.7
983,25.041093,121.569532,88,28.1
984,25.041101,121.569463,88,25.5
985,25.041108,121.569402,88,22.2
986,25.041117,121.569351,88,19
987,25.041122,121.569311,87,14.8
988,25.041126,121.569282,87,10.6
989,25.041132,121.569266,87,6.1
990,25.041128,121.569252,87,5.4
991,25.041125,121.569244,86,3.2
992,25.041124,121.569237,87,2.4
993,25.041124,121.569232,87,1.8
994,25.041126,121.569228,87,1.8
995,25.041129,121.569224,87,2
996,25.04113,121.569219,87,2
997,25.04113,121.569212,87,2.4
998,25.04113,121.569205,86,2.4
999,25.04113,121.569198,86,2.7
1000,25.04113,121.569191,87,2.6
1001,25.041131,121.569184,86,2.6
1002,25.041131,121.569181,87,1.1
1003,25.04113,121.569176,87,1.9
1004,25.041131,121.569171,86,1.7
1005,25.041131,121.569166,86,1.8
1006,25.041132,121.569162,86,1.4
1007,25.041131,121.569158,86,1.5
1008,25.041131,121.569158,86,0.1
1009,25.041132,121.569157,86,0.5
1010,25.041131,121.569155,86,0.8
1011,25.041133,121.569148,85,2.4
1012,25.041134,121.569135,86,4.8
1013,25.041134,121.569118,86,6.1
1014,25.041133,121.5691,86,6.7
1015,25.04113,121.56908,86,7.5
1016,25.04113,121.569062,86,6.6
1017,25.04113,121.569044,85,6.3
1018,25.041132,121.56902,84,8.8
1019,25.041135,121.568987,85,12.3
1020,25.041137,121.568951,86,12.9
1021,25.041156,121.568922,86,12.9
1022,25.04117,121.568891,85,12.8
1023,25.041182,121.568855,86,13.8
1024,25.041185,121.568812,85,15.9
1025,25.041186,121.568757,85,19.7
1026,25.041187,121.568707,86,18.2
1027,25.041191,121.568642,86,23.7
1028,25.041192,121.568582,85,21.8
1029,25.041191,121.568524,86,21
1030,25.041191,121.56847,86,19.7
1031,25.041181,121.56842,86,18.7
1032,25.041164,121.568391,86,12.5
1033,25.041148,121.568363,86,11.8
1034,25.041131,121.568341,86,10.5
1035,25.041112,121.568324,85,10.2
1036,25.041084,121.56831,85,12
1037,25.041057,121.568296,85,12
1038,25.041027,121.56829,85,12.4
1039,25.041,121.568284,85,10.9
1040,25.040972,121.568278,85,11.4
1041,25.040941,121.568271,85,12.5
1042,25.040916,121.568268,85,10.3
1043,25.040896,121.568267,85,7.9
1044,25.040876,121.568268,85,8
1045,25.040855,121.568269,85,8.4
1046,25.040838,121.568269,85,6.9
1047,25.040821,121.568266,85,6.7
1048,25.040807,121.568261,85,6
1049,25.040794,121.568261,85,5.5
1050,25.040775,121.56826,85,7.4
1051,25.04076,121.568261,85,5.9
1052,25.04075,121.56826,84,4.3
1053,25.04074,121.568263,85,3.9
1054,25.040729,121.56827,85,5.2
1055,25.040716,121.568272,85,5.3
1056,25.040705,121.568277,84,4.7
1057,25.040692,121.568284,84,6
1058,25.040675,121.568286,85,6.9
1059,25.040657,121.568285,84,7.2
1060,25.04064,121.568289,85,6.7
1061,25.040623,121.568292,85,7.1
1062,25.040605,121.568291,84,7.3
1063,25.040584,121.568291,84,8.2
1064,25.040557,121.56829,84,10.8
1065,25.040525,121.568288,84,12.8
1066,25.040495,121.568287,85,12.2
1067,25.040468,121.568288,84,10.7
1068,25.040437,121.568289,84,12.7
1069,25.040399,121.568294,84,15.4
1070,25.040351,121.568304,84,19.3
1071,25.040295,121.568318,85,23
1072,25.040238,121.56833,84,23.2
1073,25.040178,121.568336,85,24.3
1074,25.040115,121.568341,85,25.1
1075,25.040054,121.568344,85,24.6
1076,25.039994,121.568345,85,24.1
1077,25.039938,121.568345,85,22.5
1078,25.039885,121.56835,85,21.1
1079,25.039837,121.568353,85,19.3
1080,25.039796,121.568356,85,16.8
1081,25.039759,121.568362,84,14.6
1082,25.039727,121.568364,84,13
1083,25.039699,121.568359,84,11.4
1084,25.03967,121.568357,84,11.4
1085,25.039622,121.56834,84,20.1
1086,25.039567,121.568333,84,22.3
1087,25.039512,121.568332,85,22.2
1088,25.039456,121.568328,85,22.5
1089,25.039397,121.568332,84,23.8
1090,25.039338,121.568341,84,23.7
1091,25.039282,121.568339,84,22.2
1092,25.039226,121.568335,84,22.8
1093,25.039167,121.568328,85,23.8
1094,25.039111,121.568319,85,22.5
1095,25.039061,121.568312,85,20
1096,25.039015,121.568308,84,18.6
1097,25.038975,121.568312,84,16.1
1098,25.03895,121.568314,84,10.1
1099,25.038934,121.568313,84,6.7
1100,25.038926,121.568308,83,3.7
1101,25.038924,121.568303,83,1.8
1102,25.038922,121.5683,83,1.3
1103,25.038919,121.568294,83,2.7
1104,25.038911,121.568284,83,4.6
1105,25.038897,121.56827,83,7.8
1106,25.038886,121.568262,82,5.3
1107,25.038849,121.568231,82,18.4
1108,25.038823,121.568216,82,11.8
1109,25.038789,121.568199,82,15.1
1110,25.03874,121.568186,83,20.2
1111,25.038674,121.56817,83,27.2
1112,25.038597,121.568158,83,31.2
1113,25.038521,121.568155,84,30.3
1114,25.038431,121.568147,83,36.2
1115,25.038353,121.568137,83,31.5
1116,25.038261,121.568136,83,36.7
1117,25.03817,121.568137,84,36.8
1118,25.03808,121.568143,84,35.8
1119,25.037987,121.568151,84,37.4
1120,25.037894,121.568161,84,37.4
1121,25.037803,121.568166,84,36.7
1122,25.037733,121.568197,84,30.3
1123,25.037643,121.568203,84,36.1
1124,25.037558,121.568229,84,35.6
1125,25.037462,121.568243,83,38.8
1126,25.037361,121.568239,84,40.3
1127,25.03727,121.568235,83,36.5
1128,25.037186,121.568235,83,33.7
1129,25.037111,121.56824,83,30.1
1130,25.037027,121.568235,83,33.6
1131,25.036958,121.568235,83,28
1132,25.036896,121.568238,83,24.8
1133,25.036838,121.568243,83,23
1134,25.036786,121.568251,83,21.3
1135,25.036738,121.568255,83,19.3
1136,25.036697,121.568256,83,16.1
1137,25.036667,121.568256,83,12.2
1138,25.036639,121.568254,83,11
1139,25.036622,121.568252,83,7
1140,25.036585,121.568207,83,22.2
1141,25.036577,121.568221,82,6.2
1142,25.036566,121.568239,82,7.6
1143,25.036564,121.568239,82,0.9
1144,25.036554,121.568273,82,12.9
1145,25.036552,121.568274,82,1
1146,25.036552,121.568275,82,0.2
1147,25.03655,121.568278,82,1.2
1148,25.036552,121.568281,82,1.2
1149,25.036555,121.568283,81,1.4
1150,25.036557,121.568285,82,1.1
1151,25.036562,121.568287,82,2.1
1152,25.036563,121.568288,82,0.6
1153,25.036563,121.568283,82,2
1154,25.036566,121.568285,82,1.3
1155,25.03656,121.568287,82,2.5
1156,25.036559,121.56829,81,1
1157,25.036557,121.568291,82,1.1
1158,25.036554,121.568293,82,1.5
1159,25.036552,121.568295,81,1
1160,25.036551,121.568297,81,1
1161,25.036554,121.5683,81,1.5
1162,25.036556,121.568304,82,1.6
1163,25.036559,121.568307,82,1.5
1164,25.036562,121.568311,81,2.2
1165,25.036562,121.568315,81,1.4
1166,25.036564,121.568318,81,1.2
1167,25.036568,121.568322,81,2.2
1168,25.036573,121.568325,81,2.2
1169,25.036576,121.568328,81,1.5
1170,25.036577,121.568327,81,0.5
1171,25.036575,121.568329,81,0.9
1172,25.036577,121.568331,81,0.9
1173,25.036582,121.568336,81,2.6
1174,25.036583,121.568336,81,0.6
1175,25.036584,121.568333,81,1.2
1176,25.036587,121.568337,81,1.7
1177,25.03659,121.568338,81,1.3
1178,25.036591,121.568339,81,0.7
1179,25.03659,121.568336,81,1.3
1180,25.03659,121.568335,80,0.5
1181,25.036594,121.568334,81,1.4
1182,25.036594,121.568328,81,2.2
1183,25.036593,121.568325,81,1.2
1184,25.036593,121.568322,81,1
1185,25.036592,121.568319,80,1.3
1186,25.036594,121.568318,80,0.8
1187,25.036597,121.568317,80,1.5
1188,25.036599,121.568316,80,0.9
1189,25.036602,121.568316,80,1.2
1190,25.036606,121.568316,80,1.6
1191,25.036609,121.568316,80,1.1
1192,25.036613,121.568309,80,2.8
1193,25.036616,121.568305,80,1.9
1194,25.036618,121.568303,80,1.3
1195,25.036619,121.568299,80,1.2
1196,25.036619,121.568295,80,1.7
1197,25.036621,121.568288,80,2.6
1198,25.036621,121.568284,80,1.5
1199,25.036619,121.56828,80,1.9
1200,25.036616,121.568275,80,2.1
1201,25.036613,121.568272,80,1.4
1202,25.036611,121.568272,80,0.9
1203,25.03661,121.568271,79,0.3
1204,25.036608,121.568273,79,1.2
1205,25.036609,121.568275,79,0.9
1206,25.036609,121.568278,79,1.1
1207,25.03661,121.568278,79,0.3
1208,25.036611,121.568285,79,2.5
1209,25.036613,121.568291,79,2.5
1210,25.036608,121.56829,79,1.7
1211,25.036605,121.56829,79,1.3
1212,25.0366,121.568289,79,2.1
1213,25.036595,121.568288,79,1.8
1214,25.036591,121.568287,79,1.8
1215,25.036588,121.568286,79,1.4
1216,25.036587,121.568285,79,0.3
1217,25.036585,121.568284,79,1.1
1218,25.036585,121.568283,79,0.4
1219,25.036586,121.568282,79,0.4
1220,25.036588,121.568281,79,0.9
1221,25.03659,121.568281,79,1
1222,25.03659,121.568281,78,0
1223,25.036595,121.568281,78,2
1224,25.036598,121.568282,78,1.1
1225,25.036599,121.568283,78,0.3
1226,25.036601,121.568283,78,1.1
1227,25.036603,121.568284,79,0.7
1228,25.036604,121.568284,78,0.3
1229,25.036604,121.568285,78,0.3
1230,25.036604,121.568285,78,0.3
1231,25.036606,121.568286,77,0.6
1232,25.036606,121.568286,78,0.1
1233,25.036602,121.568286,78,1.4
1234,25.036591,121.568283,77,4.6
1235,25.036575,121.568277,77,7
1236,25.036557,121.568268,77,7.7
1237,25.036532,121.56826,77,10.4
1238,25.036502,121.568255,78,12.1
1239,25.036472,121.568261,78,12.4
1240,25.036303,121.568299,77,69.1
1241,25.036269,121.568301,78,13.4
1242,25.036268,121.568261,78,14.7
1243,25.03627,121.568236,77,8.9
1244,25.036259,121.56823,77,4.9
1245,25.036231,121.568232,76,11
1246,25.036199,121.568236,77,13.2
1247,25.036159,121.568239,77,16.1
1248,25.036121,121.568241,77,15
1249,25.036088,121.568241,78,13.4
1250,25.036062,121.568238,78,10.5
1251,25.03605,121.56823,78,5.5
1252,25.036045,121.56823,77,1.9
1253,25.036043,121.56823,77,1
1254,25.036042,121.568232,77,1
1255,25.036037,121.568234,77,2.2
1256,25.036029,121.568238,76,3.6
1257,25.036019,121.568239,76,3.9
1258,25.036006,121.568229,76,6.3
1259,25.035993,121.568215,76,7.4
1260,25.035978,121.568181,76,13.7
1261,25.035967,121.568132,77,18.2
1262,25.035967,121.568075,77,20.8
1263,25.03597,121.56801,76,23.6
1264,25.035972,121.567935,77,27.2
1265,25.035974,121.56785,78,30.9
1266,25.035976,121.567764,78,31.2
1267,25.035976,121.567678,78,31.1
1268,25.035973,121.567594,78,30.8
1269,25.035973,121.567512,78,29.6
1270,25.035969,121.567429,78,30.4
1271,25.035969,121.567343,78,31.2
1272,25.03597,121.567264,78,28.7
1273,25.035982,121.567194,77,25.7
1274,25.035988,121.567129,77,23.7
1275,25.036003,121.567072,77,21.4
1276,25.036005,121.567014,77,21.3
1277,25.03601,121.566955,77,21.5
1278,25.036017,121.566908,77,17.4
1279,25.036021,121.566876,77,11.7
1280,25.036026,121.56686,76,6
1281,25.036044,121.566857,76,7.4
1282,25.036046,121.566856,76,1
1283,25.036091,121.566865,76,18.3
1284,25.036106,121.566865,76,6.1
1285,25.036117,121.566865,76,4.6
1286,25.036128,121.566863,76,4.3
1287,25.036136,121.566861,76,3.1
1288,25.036142,121.566858,75,2.8
1289,25.036144,121.566852,75,2.2
1290,25.036148,121.566841,75,4.5
1291,25.03615,121.566818,75,8.1
1292,25.03615,121.566789,76,10.8
1293,25.036152,121.566754,75,12.8
1294,25.036151,121.566703,75,18.5
1295,25.036153,121.56665,76,19.1
1296,25.03615,121.566593,76,20.7
1297,25.036145,121.566533,76,21.9
1298,25.036138,121.56647,76,23.2
1299,25.036131,121.566405,77,23.6
1300,25.036125,121.566342,77,22.9
1301,25.036123,121.566283,76,21.7
1302,25.036123,121.566228,76,19.9
1303,25.036122,121.566176,75,18.9
1304,25.036121,121.566127,75,18
1305,25.036118,121.56608,75,17.1
1306,25.036114,121.566035,75,16.3
1307,25.036112,121.565994,75,15
1308,25.036109,121.565955,75,14.1
1309,25.036106,121.565922,75,11.8
1310,25.036105,121.565893,75,10.6
1311,25.036106,121.565866,75,10
1312,25.036106,121.565842,75,8.6
1313,25.036104,121.565824,76,6.6
1314,25.036106,121.565816,75,2.9
1315,25.036106,121.565812,75,1.7
1316,25.036107,121.565821,75,3.5
1317,25.036108,121.565826,75,1.7
1318,25.036108,121.565831,75,2
1319,25.036108,121.565834,75,1.1
1320,25.036107,121.565836,75,1
1321,25.036107,121.565837,75,0.1
1322,25.036106,121.56584,75,1.4
1323,25.036106,121.56584,75,0.1
1324,25.036103,121.565842,75,1.4
1325,25.036104,121.565842,75,0.2
1326,25.036102,121.565843,74,0.9
1327,25.036099,121.565844,74,1.3
1328,25.036096,121.565845,75,1.2
1329,25.036093,121.565845,74,1
1330,25.036091,121.565846,74,1.1
1331,25.036091,121.565846,74,0.1
1332,25.036087,121.565845,74,1.3
1333,25.036085,121.565845,74,1.1
1334,25.036085,121.565845,74,0
1335,25.036083,121.565842,74,1.2
1336,25.036083,121.565838,73,1.4
1337,25.036082,121.565829,74,3.4
1338,25.036082,121.56581,74,6.8
1339,25.036082,121.565786,74,8.9
1340,25.036082,121.565759,74,9.6
1341,25.036082,121.565733,74,9.5
1342,25.036078,121.56571,74,8.6
1343,25.036072,121.565693,74,6.6
1344,25.036068,121.56568,74,4.9
1345,25.03606,121.565671,74,4.5
1346,25.036055,121.565663,75,3.7
1347,25.036054,121.565657,74,2.2
1348,25.036051,121.565652,74,2
1349,25.03605,121.565648,74,1.6
1350,25.036048,121.565645,74,1.2
1351,25.036048,121.565644,74,0.5
1352,25.036049,121.565642,74,0.8
1353,25.036046,121.565641,74,1.1
1354,25.036046,121.565641,73,0.1
1355,25.036043,121.565638,73,1.6
1356,25.036043,121.565635,73,0.9
1357,25.036042,121.565632,73,1.2
1358,25.036041,121.565628,73,1.7
1359,25.036041,121.565624,73,1.5
1360,25.036041,121.565622,73,0.5
1361,25.036041,121.565623,73,0.2
1362,25.036041,121.565623,73,0.1
1363,25.036043,121.565622,73,0.8
1364,25.036044,121.565622,73,0.7
1365,25.036043,121.56562,73,0.9
1366,25.036042,121.565616,72,1.3
1367,25.03604,121.565611,73,2
1368,25.036037,121.565607,73,2
1369,25.036035,121.5656,72,2.4
1370,25.036032,121.565592,73,3.1
1371,25.036031,121.565587,72,1.8
1372,25.036031,121.565584,72,1.1
1373,25.036031,121.565583,73,0.4
1374,25.036031,121.565581,72,0.8
1375,25.036029,121.565578,72,1.4
1376,25.036026,121.565567,72,4.2
1377,25.036021,121.565546,71,7.8
1378,25.036008,121.565512,71,13.3
1379,25.035981,121.565471,73,18.8
1380,25.035937,121.565433,72,22.3
1381,25.035882,121.565409,72,23.5
1382,25.035816,121.565397,72,26.8
1383,25.035742,121.56539,72,29.9
1384,25.035665,121.565388,72,30.7
1385,25.035586,121.565387,72,31.8
1386,25.035504,121.565387,72,32.9
1387,25.03542,121.565386,72,33.5
1388,25.035336,121.565388,73,33.8
1389,25.035253,121.565389,73,33.2
1390,25.035172,121.565388,73,32.6
1391,25.035094,121.56539,73,31.3
1392,25.035023,121.56539,73,28.2
1393,25.034961,121.565389,73,25.1
1394,25.034911,121.565388,73,20
1395,25.034872,121.565388,72,15.5
1396,25.03484,121.565389,72,12.7
1397,25.034814,121.56539,72,10.7
1398,25.034793,121.565389,72,8.4
1399,25.034778,121.565391,72,5.9
1400,25.034784,121.565379,71,4.8
1401,25.034796,121.565359,71,8.9
1402,25.03479,121.56535,71,3.8
1403,25.034788,121.565357,71,2.5
1404,25.034781,121.565359,71,2.9
1405,25.034782,121.565361,71,0.9
1406,25.034774,121.565365,71,3.4
1407,25.034753,121.565363,71,8.3
1408,25.034737,121.565368,71,6.7
1409,25.034705,121.565361,71,13
1410,25.034679,121.565357,71,10.6
1411,25.034647,121.565343,72,13.7
1412,25.034628,121.565334,72,8.4
1413,25.034608,121.56532,71,9.4
1414,25.0346,121.56531,71,4.8
1415,25.034598,121.565305,71,2
1416,25.034595,121.565301,71,1.7
1417,25.034593,121.565299,70,1.2
1418,25.034591,121.565297,71,1.1
1419,25.03459,121.565297,71,0.3
1420,25.03459,121.565298,71,0.4
1421,25.03459,121.5653,70,0.6
1422,25.034588,121.565295,71,1.8
1423,25.034586,121.56529,71,2.1
1424,25.034582,121.565283,70,2.8
1425,25.034577,121.565277,71,2.9
1426,25.034582,121.56528,71,2.3
1427,25.034586,121.565284,70,1.9
1428,25.034589,121.565286,70,1.5
1429,25.034583,121.565285,70,2.6
1430,25.034568,121.565283,70,6
1431,25.034545,121.565283,69,9.3
1432,25.034509,121.565278,70,14.5
1433,25.034462,121.565271,70,18.8
1434,25.03442,121.565264,70,17
1435,25.034382,121.565266,70,15.4
1436,25.034341,121.565265,70,16.6
1437,25.034294,121.565261,70,18.7
1438,25.034239,121.565254,70,22.2
1439,25.034175,121.56525,70,25.9
1440,25.0341,121.565242,71,30.2
1441,25.034025,121.565234,71,30.1
1442,25.033951,121.565222,71,29.7
1443,25.033878,121.56521,70,29.6
1444,25.03381,121.565202,70,27.7
1445,25.033743,121.565191,70,27
1446,25.033683,121.565188,71,24.2
1447,25.033627,121.565186,70,22.2
1448,25.03357,121.565174,71,23.2
1449,25.033524,121.565171,70,18.7
1450,25.033478,121.565173,70,18.4
1451,25.033434,121.565177,71,17.8
1452,25.033395,121.565182,71,15.6
1453,25.033364,121.565186,70,12.6
1454,25.033338,121.565189,70,10.5
1455,25.033319,121.565195,71,7.8
1456,25.033309,121.565199,71,4.1
1457,25.033306,121.565205,70,2.6
1458,25.033303,121.565213,70,2.9
1459,25.033298,121.565218,70,3
1460,25.033292,121.565223,70,2.7
1461,25.033285,121.56523,70,3.9
1462,25.033281,121.565237,70,2.9
1463,25.033277,121.565243,70,2.7
1464,25.033274,121.565248,70,2.1
1465,25.033271,121.565249,70,1.4
1466,25.033266,121.565249,70,1.8
1467,25.033262,121.565249,70,1.6
1468,25.033257,121.565249,69,2
1469,25.033251,121.56525,69,2.6
1470,25.033242,121.565249,70,3.6
1471,25.033234,121.565248,69,3.3
1472,25.033224,121.565246,70,3.8
1473,25.033215,121.565244,70,4
1474,25.033204,121.565245,70,4.4
1475,25.033184,121.565249,70,8.1
1476,25.033168,121.56525,70,6.5
1477,25.033153,121.565252,70,5.9
1478,25.033141,121.565256,69,5.2
1479,25.033133,121.565259,69,3.4
1480,25.033126,121.565263,69,3.1
1481,25.033121,121.565265,69,2
1482,25.033118,121.565274,69,3.4
1483,25.033114,121.565276,69,1.6
1484,25.033112,121.565279,69,1.6
1485,25.033104,121.565281,69,3.3
1486,25.033099,121.565284,69,2.1
1487,25.033095,121.565286,69,1.8
1488,25.033092,121.565287,69,1.3
1489,25.033089,121.565291,69,1.8
1490,25.033087,121.565291,69,0.8
1491,25.033088,121.565293,68,1.1
1492,25.033089,121.565295,68,0.9
1493,25.033088,121.565296,68,0.3
1494,25.033088,121.565296,68,0.2
1495,25.033088,121.565298,68,0.7
1496,25.033087,121.5653,68,0.6
1497,25.033084,121.565298,69,1.3
1498,25.033083,121.565298,69,0.5
1499,25.033086,121.565297,69,1.5
1500,25.033087,121.565296,68,0.5
1501,25.033088,121.565295,68,0.4
1502,25.033087,121.565294,68,0.2
1503,25.033086,121.565293,68,0.6
1504,25.033085,121.565291,68,0.9
1505,25.033084,121.565291,68,0.4
1506,25.033078,121.565292,68,2.6
1507,25.033069,121.565296,68,3.7
1508,25.033049,121.565302,68,8.4
1509,25.033025,121.56531,69,9.9
1510,25.033004,121.565323,69,9.8
1511,25.032989,121.565343,69,9.7
1512,25.032975,121.565359,70,7.9
1513,25.032967,121.565371,69,5.5
1514,25.032958,121.565387,68,6.6
1515,25.032945,121.565411,68,10.1
1516,25.032929,121.565448,68,15.3
1517,25.032909,121.565499,69,20.1
1518,25.032891,121.565544,69,17.7
1519,25.032884,121.565591,68,17.2
1520,25.032883,121.565644,68,19.5
1521,25.032881,121.56571,68,23.8
1522,25.032867,121.565799,69,33
1523,25.032862,121.565896,69,35.1
1524,25.032849,121.565994,68,36.1
1525,25.032836,121.566086,69,33.6
1526,25.032822,121.566179,69,34.1
1527,25.032811,121.566275,69,35.3
1528,25.032807,121.566372,69,35.2
1529,25.032803,121.566467,70,34.6
1530,25.032804,121.56656,69,34
1531,25.032806,121.566647,69,31.4
1532,25.032798,121.566732,69,31
1533,25.032789,121.566818,69,31.4
1534,25.032781,121.566901,68,30.2
1535,25.032776,121.566977,68,27.7
1536,25.032773,121.567041,68,23.2
1537,25.032766,121.567096,68,20.2
1538,25.03275,121.567134,68,15.2
1539,25.03274,121.567152,67,8
1540,25.032734,121.567169,67,6.4
1541,25.032725,121.567178,66,4.9
1542,25.032715,121.567184,66,4.4
1543,25.032707,121.56719,66,4.1
1544,25.032698,121.567193,66,3.7
1545,25.032691,121.5672,67,4
1546,25.032685,121.567207,67,3.2
1547,25.032683,121.567217,66,3.8
1548,25.032682,121.567218,67,0.4
1549,25.03266,121.567241,66,12.2
1550,25.032647,121.567247,66,5.8
1551,25.03264,121.567251,66,3.2
1552,25.032633,121.567255,66,3
1553,25.032624,121.567262,65,4.4
1554,25.032612,121.567273,65,6.3
1555,25.032601,121.567289,66,7.3
1556,25.032589,121.567307,66,7.9
1557,25.03258,121.567338,66,11.9
1558,25.032558,121.567358,66,11.6
1559,25.032564,121.567389,66,11.6
1560,25.032587,121.567429,66,17.2
1561,25.032619,121.567462,66,17.6
1562,25.032618,121.567467,66,1.7
1563,25.032663,121.567479,66,18.7
1564,25.032675,121.567492,66,6.8
1565,25.032684,121.567504,65,5.7
1566,25.032689,121.567515,66,4.6
1567,25.032695,121.567525,66,4.1
1568,25.032691,121.567531,66,2.8
1569,25.03269,121.567533,65,1.1
1570,25.032687,121.567534,65,1.1
1571,25.032684,121.567537,66,1.5
1572,25.032683,121.567543,66,2.4
1573,25.03268,121.567548,65,2.2
1574,25.032681,121.567552,65,1.5
1575,25.03268,121.567553,65,0.3
1576,25.032679,121.567552,65,0.7
1577,25.032681,121.567557,65,2.1
1578,25.032681,121.567557,65,0.1
1579,25.032678,121.567557,65,1.3
1580,25.032672,121.567555,66,2.8
1581,25.032666,121.56755,65,3.1
1582,25.032663,121.567552,65,1.3
1583,25.032659,121.567556,65,2.3
1584,25.03266,121.567561,65,1.7
1585,25.032658,121.567565,66,1.7
1586,25.032652,121.567569,65,2.9
1587,25.032647,121.567571,65,2
1588,25.032641,121.567572,65,2.7
1589,25.032634,121.56757,65,2.6
1590,25.032628,121.567568,65,2.7
1591,25.03262,121.567564,65,3.3
1592,25.032611,121.56756,65,3.9
1593,25.032605,121.567558,65,2.8
1594,25.0326,121.567557,65,1.9
1595,25.032594,121.567554,65,2.6
1596,25.032589,121.56755,65,2.4
1597,25.032585,121.567549,65,1.8
1598,25.03258,121.567546,65,2.2
1599,25.032575,121.567543,65,2.3
1600,25.032571,121.567541,65,1.6
1601,25.032567,121.567538,65,2.1
1602,25.032561,121.567535,65,2.4
1603,25.032555,121.567531,65,3
1604,25.032549,121.567528,65,2.8
1605,25.032543,121.567525,65,2.4
1606,25.03254,121.567524,65,1.4
1607,25.032536,121.567521,64,1.8
1608,25.03253,121.567522,64,2.4
1609,25.032527,121.567532,64,3.8
1610,25.032526,121.567553,64,7.7
1611,25.032526,121.567577,65,8.7
1612,25.032532,121.567617,65,14.9
1613,25.032533,121.56766,64,15.3
1614,25.032536,121.567703,65,15.8
1615,25.032536,121.567744,65,14.7
1616,25.032532,121.567784,65,14.7
1617,25.032528,121.567843,65,21.4
1618,25.032523,121.567914,65,26
1619,25.032521,121.567991,66,28.1
1620,25.032525,121.568084,66,33.8
1621,25.032528,121.568188,66,37.8
1622,25.032531,121.568305,66,42.3
1623,25.032533,121.568411,66,38.7
1624,25.03254,121.568526,66,41.8
1625,25.032541,121.568636,66,39.9
1626,25.032543,121.568746,66,39.8
1627,25.032544,121.568849,66,37.5
1628,25.03255,121.568962,66,40.9
1629,25.032555,121.569077,66,41.8
1630,25.032551,121.569194,66,42.7
1631,25.032547,121.569316,66,44.3
1632,25.032546,121.569439,66,44.8
1633,25.032552,121.569563,66,45
1634,25.032556,121.569689,66,45.8
1635,25.03256,121.569821,67,48
1636,25.032562,121.569953,66,47.9
1637,25.032564,121.570082,67,46.7
1638,25.03257,121.570212,67,47.5
1639,25.032576,121.570346,67,48.7
1640,25.032581,121.570475,67,46.8
1641,25.032582,121.570606,67,47.7
1642,25.032583,121.570736,67,47.3
1643,25.032587,121.570858,67,44.2
1644,25.032586,121.570976,66,42.8
1645,25.032586,121.571092,66,42.1
1646,25.032575,121.571197,66,38.6
1647,25.032551,121.571296,67,37
1648,25.032511,121.571386,67,36.3
1649,25.032458,121.571465,67,35.7
1650,25.0324,121.571533,67,34
1651,25.032334,121.571591,67,33.9
1652,25.032249,121.571622,68,36
1653,25.032161,121.571631,68,35.5
1654,25.032066,121.571631,69,37.8
1655,25.031966,121.571626,69,40.1
1656,25.031862,121.571619,69,41.9
1657,25.031754,121.571613,70,43.5
1658,25.031639,121.57161,71,45.8
1659,25.031523,121.571608,72,46.6
1660,25.0314,121.571608,72,49.2
1661,25.031274,121.57161,73,50.7
1662,25.031144,121.571617,74,52.1
1663,25.031016,121.571629,74,51.6
1664,25.030887,121.57164,75,51.8
1665,25.030759,121.571651,75,51.2
1666,25.030635,121.571659,77,49.9
1667,25.030509,121.571669,77,50.6
1668,25.030383,121.571678,77,50.6
1669,25.030257,121.571687,78,50.5
1670,25.030135,121.571701,78,49.2
1671,25.030015,121.57171,78,48.3
1672,25.02989,121.57172,79,50.3
1673,25.029775,121.571745,79,46.7
1674,25.02966,121.571762,79,46.7
1675,25.029537,121.571775,80,49.3
1676,25.029415,121.571787,80,49.1
1677,25.029305,121.571798,80,44.2
1678,25.029183,121.571811,81,49.1
1679,25.029062,121.571823,82,49.1
1680,25.028927,121.571837,81,54
1681,25.028805,121.57185,82,49.1
1682,25.028695,121.571861,83,44.2
1683,25.028586,121.571872,83,44.2
1684,25.028464,121.571885,83,49.1
1685,25.028342,121.571897,84,49.1
1686,25.02822,121.57191,83,49.1
1687,25.028098,121.571922,84,49.1
1688,25.027976,121.571935,85,49.1
1689,25.027854,121.571947,84,49.1
1690,25.027732,121.57196,85,49.1
1691,25.02761,121.571972,85,49.1
1692,25.027488,121.571985,86,49.1
1693,25.027353,121.571999,86,54
1694,25.027244,121.57201,87,44.2
1695,25.027122,121.572022,86,49.1
1696,25.027,121.572035,87,49.1
1697,25.026878,121.572047,87,49.1
1698,25.026756,121.57206,87,49.1
1699,25.026621,121.572074,88,54
1700,25.026512,121.572085,88,44.2
1701,25.02639,121.572097,89,49.1
1702,25.026268,121.57211,89,49.1
1703,25.026146,121.572122,89,49.1
1704,25.026024,121.572135,89,49.1
1705,25.023249,121.576478,95,101.6
1706,25.023025,121.576551,96,93.8
1707,25.02288,121.57661,97,61.7
1708,25.022796,121.576713,97,50.5
1709,25.022636,121.576775,98,67.7
1710,25.022507,121.576851,98,58.7
1711,25.022379,121.576925,98,58.1
1712,25.022237,121.576994,99,62
1713,25.022098,121.577058,100,60.5
1714,25.021962,121.577124,101,59.5
1715,25.021831,121.577189,100,57.4
1716,25.021697,121.577257,100,59.1
1717,25.021563,121.577325,100,59
1718,25.021434,121.577392,101,57.2
1719,25.021304,121.577464,101,58.3
1720,25.021177,121.577539,102,57.7
1721,25.021052,121.577614,102,57.4
1722,25.020926,121.577691,102,57.6
1723,25.020799,121.577767,103,57.8
1724,25.020673,121.577843,102,57.7
1725,25.020546,121.577919,103,57.8
1726,25.02042,121.577996,103,57.7
1727,25.020286,121.578076,104,61.1
1728,25.020159,121.578152,106,57.8
1729,25.020042,121.578226,105,54.1
1730,25.019934,121.578291,106,49.2
1731,25.019808,121.578367,107,57.7
1732,25.019681,121.578443,106,57.7
1733,25.019555,121.57852,106,57.7
1734,25.019429,121.578596,107,57.7
1735,25.019302,121.578672,106,57.7
1736,25.019176,121.578749,108,57.7
1737,25.01905,121.578825,109,57.7
1738,25.018924,121.578901,108,57.7
1739,25.018797,121.578978,109,57.7
1740,25.018684,121.579047,110,51.9
1741,25.018557,121.579123,109,57.7
1742,25.018431,121.579199,108,57.7
1743,25.018305,121.579276,109,57.7
1744,25.018178,121.579352,108,57.7
1745,25.018065,121.579421,108,51.9
1746,25.017938,121.579497,109,57.7
1747,25.017812,121.579573,109,57.7
1748,25.017677,121.579655,109,61.6
1749,25.017564,121.579724,110,51.9
1750,25.017437,121.5798,109,57.7
1751,25.017324,121.579869,110,51.9
1752,25.017197,121.579945,111,57.7
1753,25.017071,121.580021,110,57.7
1754,25.016957,121.58009,111,51.9
1755,25.016831,121.580167,110,57.7
1756,25.016717,121.580235,111,51.9
1757,25.016591,121.580312,111,57.7
1758,25.016465,121.580388,110,57.7
1759,25.016275,121.580503,112,86.6
1760,25.00952,121.581352,116,64.9
1761,25.009347,121.58137,116,69.9
1762,25.009197,121.581297,116,65.4
1763,25.009036,121.581228,115,69.2
1764,25.008884,121.581272,115,63
1765,25.008723,121.581255,114,65
1766,25.008564,121.581246,115,63.9
1767,25.008407,121.581242,113,62.9
1768,25.008249,121.581235,113,63.4
1769,25.008092,121.58123,112,62.7
1770,25.007936,121.581223,111,62.7
1771,25.007778,121.581209,111,63.5
1772,25.007621,121.581193,110,63.1
1773,25.007467,121.581176,110,62.3
1774,25.00731,121.581157,109,63.3
1775,25.007152,121.581139,108,63.3
1776,25.006996,121.581127,108,62.9
1777,25.006838,121.581112,107,63.5
1778,25.00668,121.581092,107,63.8
1779,25.006524,121.581068,107,63
1780,25.006368,121.581042,106,63.2
1781,25.006214,121.581016,106,62.4
1782,25.006061,121.580988,106,61.9
1783,25.005911,121.580959,105,61.3
1784,25.005761,121.580928,105,60.9
1785,25.005614,121.580891,104,60.7
1786,25.005468,121.58085,103,60.3
1787,25.005323,121.580806,102,60.1
1788,25.005178,121.58076,102,60.7
1789,25.005031,121.58071,102,61.5
1790,25.004887,121.580656,101,61
1791,25.004746,121.580599,101,60
1792,25.004609,121.580539,100,59
1793,25.004474,121.58048,100,58.6
1794,25.004344,121.580415,100,57.1
1795,25.004217,121.580347,99,56.3
1796,25.004092,121.580272,99,57.1
1797,25.003971,121.580192,98,56.4
1798,25.003854,121.580107,98,56.4
1799,25.003739,121.580021,97,55.7
1800,25.003626,121.579931,98,55.9
1801,25.003517,121.579843,97,54.2
1802,25.003412,121.579753,97,53.1
1803,25.003306,121.579659,97,54.5
1804,25.0032,121.579561,96,55.3
1805,25.003095,121.579463,95,55.4
1806,25.002993,121.579365,95,54.2
1807,25.002895,121.579263,94,53.9
1808,25.002799,121.579158,94,54.2
1809,25.002705,121.579051,94,54.2
1810,25.002615,121.578941,93,53.6
1811,25.002528,121.578831,92,53.3
1812,25.002441,121.578717,91,54.2
1813,25.002355,121.578603,91,53.8
1814,25.002274,121.578493,90,51.4
1815,25.002196,121.578387,89,49.5
1816,25.002124,121.578289,88,45.7
1817,25.002058,121.578197,87,42.8
1818,25.001997,121.578113,86,39.1
1819,25.001941,121.578034,85,36.4
1820,25.001889,121.577962,84,33.4
1821,25.001842,121.577895,84,30.9
1822,25.0018,121.577835,84,27.3
1823,25.001765,121.577786,83,22.8
1824,25.001737,121.577744,82,19
1825,25.001713,121.577707,82,16.6
1826,25.001691,121.577675,82,14.5
1827,25.001672,121.577648,82,12.5
1828,25.001655,121.577624,81,11
1829,25.001638,121.577604,81,9.8
1830,25.001625,121.577585,81,8.5
1831,25.001616,121.577572,81,6.2
1832,25.001608,121.577561,81,5.1
1833,25.001603,121.577551,81,4
1834,25.001599,121.577543,80,3.5
1835,25.001592,121.577535,80,3.8
1836,25.001587,121.577525,80,4.5
1837,25.001582,121.577515,80,3.8
1838,25.001578,121.577508,80,3
1839,25.001572,121.577498,80,4.4
1840,25.001565,121.577489,80,4.4
1841,25.001561,121.57748,80,3.4
1842,25.001557,121.577474,80,2.9
1843,25.001556,121.577469,80,1.8
1844,25.001557,121.577466,80,1.2
1845,25.00156,121.577465,80,1.1
1846,25.001558,121.577464,79,0.9
1847,25.001555,121.577457,79,2.9
1848,25.001546,121.577446,79,5.4
1849,25.001534,121.577429,79,7.7
1850,25.001519,121.577409,79,9.2
1851,25.001503,121.577387,79,10.4
1852,25.001486,121.577365,79,10.6
1853,25.00147,121.577344,79,10
1854,25.001454,121.577324,79,9.7
1855,25.001436,121.577304,79,10.2
1856,25.001416,121.577283,78,11.1
1857,25.001394,121.57726,78,12.3
1858,25.001368,121.577232,78,14.3
1859,25.001339,121.577199,78,16.7
1860,25.001307,121.577166,78,17.7
1861,25.001275,121.577135,78,16.9
1862,25.001246,121.577105,77,16.2
1863,25.001216,121.577078,76,15.4
1864,25.001186,121.577048,77,16.5
1865,25.001152,121.57702,76,16.9
1866,25.001117,121.576991,76,17.4
1867,25.00108,121.576961,76,18.4
1868,25.001039,121.576933,76,19.4
1869,25.000994,121.576909,76,20.1
1870,25.000946,121.576886,76,21
1871,25.000896,121.576861,76,21.9
1872,25.000844,121.576836,75,22.6
1873,25.000789,121.576815,75,23.6
1874,25.000728,121.576794,76,25.4
1875,25.000666,121.576775,75,25.7
1876,25.000605,121.576754,75,25.6
1877,25.000548,121.57673,75,24.5
1878,25.000492,121.576702,75,24.6
1879,25.00044,121.576672,75,23.8
1880,25.000392,121.576639,75,22.4
1881,25.000353,121.576605,74,20
1882,25.000323,121.576573,75,16.6
1883,25.000305,121.576555,74,9.9
1884,25.000294,121.576545,73,5.6
1885,25.000287,121.576536,73,4.3
1886,25.000283,121.576529,73,3.4
1887,25.000277,121.576519,73,4.2
1888,25.000266,121.576503,72,7.3
1889,25.000252,121.576471,72,12.8
1890,25.000234,121.576427,73,17.5
1891,25.000215,121.576377,73,20
1892,25.000195,121.576324,73,20.7
1893,25.000176,121.576268,73,21.6
1894,25.000156,121.576209,73,23
1895,25.000137,121.576148,73,23.2
1896,25.000117,121.57609,73,22.8
1897,25.000097,121.576031,72,22.7
1898,25.000074,121.575971,73,23.7
1899,25.000048,121.575915,73,22.9
1900,25.000026,121.575859,73,22
1901,24.999994,121.575809,72,22.4
1902,24.999955,121.575754,72,25.1
1903,24.999904,121.575701,72,28.1
1904,24.999843,121.575654,72,29.8
1905,24.99978,121.575608,72,30.4
1906,24.999714,121.575563,72,31.2
1907,24.999645,121.575526,72,30.6
1908,24.999575,121.575482,72,32.3
1909,24.99951,121.575437,72,30.9
1910,24.999448,121.5754,72,28.2
1911,24.999392,121.575364,72,25.9
1912,24.999341,121.575335,72,23
1913,24.999295,121.575307,72,20.9
1914,24.999259,121.575287,72,16.5
1915,24.999233,121.575273,72,11.3
1916,24.999217,121.575269,71,6.6
1917,24.999211,121.575268,71,2.4
1918,24.999213,121.575262,70,2.1
1919,24.99921,121.575257,70,2
1920,24.999209,121.575254,70,1.3
1921,24.999209,121.575249,70,1.7
1922,24.999203,121.575247,70,2.4
1923,24.999203,121.575238,70,3.3
1924,24.999195,121.575225,70,5.8
1925,24.999173,121.575202,70,12.5
1926,24.99915,121.57518,71,12
1927,24.999123,121.575156,70,13.9
1928,24.999089,121.575123,70,18.3
1929,24.999024,121.575091,70,28.3
1930,24.998949,121.575063,70,32
1931,24.998879,121.57503,70,30.5
1932,24.998806,121.574981,70,34.1
1933,24.998737,121.57493,71,33.1
1934,24.998662,121.574875,71,36.3
1935,24.998586,121.574807,71,39.2
1936,24.998513,121.574731,71,40.2
1937,24.998445,121.574661,71,37.4
1938,24.998382,121.574589,71,36.4
1939,24.998317,121.574519,70,36.3
1940,24.99826,121.574456,71,32.3
1941,24.998196,121.574385,71,36.6
1942,24.99813,121.574312,71,37.5
1943,24.998068,121.574236,71,36.9
1944,24.998016,121.574176,71,30.4
1945,24.99797,121.574125,71,26
1946,24.997927,121.574078,71,24.3
1947,24.997893,121.574039,70,19.4
1948,24.997864,121.574007,71,16.8
1949,24.997843,121.573982,71,12.1
1950,24.997835,121.573971,71,5.3
1951,24.997831,121.573967,70,2
1952,24.997833,121.573966,69,0.8
1953,24.997831,121.573963,70,1.3
1954,24.99783,121.573959,69,1.2
1955,24.997831,121.573959,69,0.3
1956,24.997828,121.573954,69,2.1
1957,24.997828,121.573951,69,1.1
1958,24.997825,121.573947,69,1.5
1959,24.997824,121.573946,69,0.9
1960,24.997821,121.573942,70,1.7
1961,24.997821,121.573942,70,0
1962,24.997815,121.573936,68,3.5
1963,24.997799,121.573929,68,6.7
1964,24.997779,121.573917,68,9.1
1965,24.997752,121.573894,68,13.9
1966,24.997711,121.573859,69,20.6
1967,24.997669,121.573816,69,23.2
1968,24.997622,121.573767,69,25.8
1969,24.997572,121.573714,69,27.7
1970,24.997515,121.573654,69,31.7
1971,24.997455,121.573595,69,32
1972,24.997394,121.573529,70,34.4
1973,24.997326,121.573457,70,37.7
1974,24.997254,121.573379,69,40.7
1975,24.997177,121.573291,70,44.3
1976,24.997101,121.573203,71,44
1977,24.997028,121.573116,70,43.3
1978,24.99695,121.573031,70,43.7
1979,24.996872,121.572944,70,44.3
1980,24.996796,121.572859,70,43.4
1981,24.996721,121.572776,69,42.7
1982,24.996647,121.572688,69,43.6
1983,24.996573,121.5726,70,43.7
1984,24.9965,121.572514,70,42.9
1985,24.996428,121.572431,70,41.7
1986,24.996356,121.57235,70,41.2
1987,24.996284,121.57227,70,40.9
1988,24.996209,121.572191,70,41.7
1989,24.996131,121.572122,70,40
1990,24.996053,121.572063,70,37.6
1991,24.995976,121.572011,70,36.4
1992,24.995903,121.571965,69,33.8
1993,24.995832,121.571922,69,32.4
1994,24.995766,121.571885,69,29.9
1995,24.995707,121.571858,69,25.3
1996,24.995655,121.571836,69,22.5
1997,24.995608,121.57182,68,19.8
1998,24.995569,121.571807,68,16.3
1999,24.99554,121.571796,69,12
2000,24.995524,121.57179,68,7
2001,24.995517,121.571785,68,3.4
2002,24.995514,121.571782,67,1.4
2003,24.995514,121.571779,68,1.3
2004,24.995513,121.571779,67,0.1
2005,24.995512,121.571776,67,1.3
2006,24.995512,121.571775,67,0.2
2007,24.995511,121.571773,67,0.9
2008,24.995509,121.571772,67,0.9
2009,24.995504,121.571771,67,1.9
2010,24.995501,121.57177,67,1.4
2011,24.995498,121.571768,68,1.3
2012,24.995496,121.571767,67,0.9
2013,24.995494,121.571766,67,0.9
2014,24.995491,121.571766,67,1
2015,24.995491,121.571766,68,0
2016,24.995488,121.571765,67,1.5
2017,24.995488,121.571765,67,0
2018,24.995484,121.571764,67,1.4
2019,24.995481,121.571764,67,1.2
2020,24.995478,121.571763,67,1.1
2021,24.995478,121.571763,67,0
2022,24.995474,121.571761,67,1.9
2023,24.995472,121.57176,67,0.9
2024,24.995472,121.57176,67,0.2
2025,24.995469,121.571761,67,1.2
2026,24.995468,121.57176,67,0.5
2027,24.995466,121.571759,67,0.8
2028,24.995463,121.571758,67,1.1
2029,24.995463,121.571757,67,0.2
2030,24.995462,121.571755,67,1
2031,24.995459,121.571754,67,1.1
2032,24.995458,121.571753,67,0.5
2033,24.995458,121.57175,67,1.1
2034,24.995458,121.571749,67,0.4
2035,24.995457,121.571748,67,0.7
2036,24.995455,121.571747,67,0.9
2037,24.995454,121.571747,67,0.2
2038,24.995452,121.571746,67,1
2039,24.995451,121.571745,67,0.6
2040,24.99545,121.571743,67,0.7
2041,24.99545,121.571743,66,0.3
2042,24.995446,121.57174,67,1.8
2043,24.995443,121.571736,67,1.8
2044,24.995442,121.571733,66,1.3
2045,24.99544,121.571729,67,1.5
2046,24.995438,121.571728,67,0.9
2047,24.995437,121.571725,67,1
2048,24.995436,121.571723,67,0.9
2049,24.995436,121.571722,67,0.3
2050,24.995433,121.571719,67,1.6
2051,24.995432,121.571718,67,0.5
2052,24.995433,121.571715,66,1.3
2053,24.995433,121.571714,67,0.3
2054,24.995434,121.571712,66,0.9
2055,24.995433,121.571711,66,0.8
2056,24.99543,121.571709,66,1.4
2057,24.995427,121.571707,66,1.2
2058,24.995429,121.571705,66,1.2
2059,24.995431,121.571704,67,0.8
2060,24.995431,121.571704,66,0.1
2061,24.995428,121.571702,66,1.4
2062,24.995421,121.571701,66,2.9
2063,24.995407,121.571699,66,5.7
2064,24.99539,121.571697,66,6.8
2065,24.995369,121.571695,67,8.6
2066,24.995341,121.571695,66,11.2
2067,24.995308,121.571703,66,13.4
2068,24.995283,121.571701,66,10.3
2069,24.99526,121.571699,67,9
2070,24.995238,121.571696,66,8.9
2071,24.995211,121.571691,66,11
2072,24.99518,121.571689,66,12.3
2073,24.99515,121.571686,66,12.3
2074,24.995121,121.571681,66,11.6
2075,24.995096,121.571676,66,10.2
2076,24.995079,121.571671,66,7.3
2077,24.995064,121.571662,66,6.6
2078,24.995054,121.571647,66,7.1
2079,24.995049,121.571618,66,10.4
2080,24.995051,121.571579,67,14.1
2081,24.995063,121.571534,67,17.4
2082,24.995082,121.571478,66,21.7
2083,24.995104,121.571408,67,26.8
2084,24.995135,121.571329,68,31.2
2085,24.995177,121.571251,68,33.2
2086,24.995226,121.571175,68,33.8
2087,24.995286,121.571101,67,35.8
2088,24.995357,121.571033,68,37.6
2089,24.995429,121.570968,68,37.5
2090,24.995505,121.570908,68,37.4
2091,24.995586,121.570858,68,37.4
2092,24.99567,121.570815,68,37
2093,24.995757,121.570774,68,37.7
2094,24.995849,121.570743,68,38.5
2095,24.995945,121.570721,69,39.5
2096,24.996045,121.570707,69,40.1
2097,24.996145,121.5707,69,40.4
2098,24.996244,121.570703,69,39.6
2099,24.996343,121.570713,69,39.8
2100,24.996444,121.57073,70,41.1
2101,24.996543,121.570755,69,40.8
2102,24.99664,121.570787,70,40.5
2103,24.996733,121.570829,70,40.3
2104,24.996828,121.570875,70,41.6
2105,24.996923,121.570923,70,42
2106,24.997019,121.570973,70,42.3
2107,24.997118,121.571027,71,44.2
2108,24.997202,121.571072,71,37.7
2109,24.997294,121.571114,71,39.7
2110,24.997387,121.571145,70,38.9
2111,24.997481,121.571165,71,38.5
2112,24.997578,121.571169,71,38.7
2113,24.997674,121.571155,70,38.9
2114,24.997768,121.571123,71,39.3
2115,24.997859,121.571079,71,40
2116,24.997951,121.571027,71,41.2
2117,24.998038,121.570972,71,40.4
2118,24.998124,121.570912,71,40.7
2119,24.998206,121.570847,72,40.4
2120,24.998274,121.570765,72,40.6
2121,24.998332,121.570667,72,42.1
2122,24.998379,121.570568,72,40.7
2123,24.998422,121.570469,71,40
2124,24.998463,121.57037,72,39.4
2125,24.998504,121.570277,72,37.7
2126,24.998544,121.570185,72,37.1
2127,24.998583,121.5701,72,34.5
2128,24.998619,121.570022,71,31.8
2129,24.998648,121.569954,71,27.6
2130,24.998675,121.569892,71,24.8
2131,24.998706,121.569841,70,22.3
2132,24.998735,121.569793,70,20.7
2133,24.998756,121.569752,70,17.3
2134,24.998769,121.569717,70,13.8
2135,24.998776,121.569693,71,9.1
2136,24.998779,121.569679,70,5.2
2137,24.998778,121.569674,69,2
2138,24.998777,121.56967,69,1.4
2139,24.998777,121.569667,69,0.8
2140,24.998777,121.569669,69,0.7
2141,24.998777,121.569667,69,1
2142,24.998777,121.569666,69,0.1
2143,24.998775,121.569665,69,0.7
2144,24.998775,121.569664,69,0.5
2145,24.998774,121.569662,70,0.8
2146,24.998775,121.569662,69,0.2
2147,24.998774,121.56966,69,0.7
2148,24.998772,121.569658,69,1
2149,24.99877,121.569655,69,1.1
2150,24.998768,121.569655,69,1.1
2151,24.998767,121.569655,69,0.2
2152,24.998765,121.569655,69,0.9
2153,24.998763,121.569653,69,1.2
2154,24.998762,121.569653,69,0.2
2155,24.99876,121.569649,69,1.5
2156,24.998759,121.56965,69,0.3
2157,24.998756,121.569649,69,1.3
2158,24.998755,121.56965,69,0.5
2159,24.998756,121.56965,69,0.1
2160,24.998757,121.569651,69,0.5
2161,24.998757,121.569646,68,1.8
2162,24.998757,121.569635,68,3.9
2163,24.998759,121.569622,69,4.9
2164,24.998763,121.569607,69,5.6
2165,24.99877,121.569589,69,7.2
2166,24.998775,121.569571,69,6.9
2167,24.998783,121.569546,69,9.7
2168,24.998791,121.569517,69,10.7
2169,24.998798,121.569482,68,13.1
2170,24.998809,121.56943,68,19.3
2171,24.998822,121.569366,68,23.9
2172,24.998836,121.569297,69,25.9
2173,24.998847,121.569226,69,26.1
2174,24.998854,121.569142,69,30.5
2175,24.998857,121.569049,70,33.9
2176,24.998856,121.568952,69,35.3
2177,24.998857,121.568854,69,35.4
2178,24.998859,121.568754,70,36.3
2179,24.998867,121.568653,70,37
2180,24.998877,121.568547,69,38.8
2181,24.99889,121.56844,69,38.9
2182,24.998913,121.568328,69,41.9
2183,24.998938,121.568229,69,37.3
2184,24.998972,121.568127,70,39.6
2185,24.999012,121.568025,70,40.3
2186,24.999048,121.567921,70,40.4
2187,24.999082,121.567816,70,40.4
2188,24.999111,121.567712,71,39.5
2189,24.999137,121.567614,70,37.2
2190,24.999158,121.567525,70,33.3
2191,24.999178,121.567447,70,29.2
2192,24.999192,121.567386,70,22.9
2193,24.999201,121.567346,70,14.9
2194,24.999207,121.567328,70,7.1
2195,24.999211,121.567324,69,2.4
2196,24.999211,121.567323,69,0.4
2197,24.999214,121.567324,69,1.2
2198,24.999215,121.567323,69,0.5
2199,24.99922,121.567323,68,1.9
2200,24.999222,121.56732,68,1.6
2201,24.999225,121.567304,67,5.9
2202,24.999233,121.56727,68,12.7
2203,24.999238,121.567217,69,19.4
2204,24.999239,121.567157,69,21.7
2205,24.999236,121.567097,68,21.9
2206,24.999232,121.567029,69,24.7
2207,24.999222,121.566946,69,30.5
2208,24.999208,121.566866,70,29.6
2209,24.999184,121.566776,70,33.9
2210,24.999154,121.566687,70,34.5
2211,24.999117,121.566597,70,36.1
2212,24.999075,121.566502,70,38.4
2213,24.99903,121.566404,71,40
2214,24.998981,121.566304,71,41.3
2215,24.998932,121.566204,71,41.2
2216,24.998883,121.566101,71,42
2217,24.998835,121.565999,71,42
2218,24.998786,121.565899,71,41
2219,24.998741,121.5658,72,40.4
2220,24.998694,121.565698,71,41.5
2221,24.998647,121.565596,71,41.6
2222,24.998602,121.565492,71,41.7
2223,24.998557,121.565387,71,42.5
2224,24.998515,121.565278,71,42.9
2225,24.998476,121.565167,71,43.1
2226,24.998443,121.565056,70,42.6
2227,24.998416,121.564944,71,42.1
2228,24.998391,121.564829,70,42.9
2229,24.998366,121.564712,70,43.7
2230,24.99834,121.564595,71,43.6
2231,24.998315,121.564481,71,42.7
2232,24.998291,121.564368,71,42.3
2233,24.998264,121.564246,70,45.5
2234,24.99824,121.564138,70,40.4
2235,24.998213,121.564027,71,41.6
2236,24.998184,121.563919,71,41.1
2237,24.998153,121.563815,71,39.8
2238,24.998124,121.563714,71,38.6
2239,24.99809,121.563617,71,37.5
2240,24.998052,121.563521,71,38.2
2241,24.998015,121.563426,71,37.6
2242,24.997973,121.563332,70,37.8
2243,24.997934,121.56324,70,36.9
2244,24.997897,121.563149,70,36.3
2245,24.997863,121.563063,70,34
2246,24.997833,121.562981,70,32.1
2247,24.9978,121.562902,70,31.7
2248,24.997767,121.562829,69,29.7
2249,24.997738,121.562763,69,26.5
2250,24.99771,121.562706,69,23.5
2251,24.997687,121.562656,68,20.2
2252,24.997668,121.562625,69,13.8
2253,24.997657,121.562604,68,8.7
2254,24.997654,121.562596,67,3.2
2255,24.997653,121.562596,67,0.5
2256,24.997652,121.562593,67,1.3
2257,24.997651,121.562598,67,2
2258,24.997649,121.562599,67,1.2
2259,24.997646,121.562592,66,2.8
2260,24.997637,121.562578,66,6.3
2261,24.997621,121.562548,66,12.5
2262,24.997604,121.562522,66,11.6
2263,24.997586,121.562486,66,15
2264,24.997562,121.56244,67,19.4
2265,24.997536,121.562383,66,23.1
2266,24.997509,121.562314,67,27.1
2267,24.997486,121.562244,66,27.2
2268,24.997459,121.562168,66,29.8
2269,24.997432,121.562087,66,31.4
2270,24.9974,121.561993,66,36.2
2271,24.997375,121.561896,66,36.6
2272,24.997356,121.5618,65,35.8
2273,24.997343,121.561699,65,37
2274,24.997335,121.561602,65,35.5
2275,24.997325,121.561507,64,34.8
2276,24.997313,121.561419,64,32.2
2277,24.997301,121.561339,63,29.4
2278,24.99729,121.561261,64,28.9
2279,24.99728,121.561192,63,25.2
2280,24.99727,121.561136,63,20.7
2281,24.997262,121.561093,63,16
2282,24.997255,121.561062,62,11.7
2283,24.997249,121.561039,62,8.6
2284,24.997242,121.561021,61,7.3
2285,24.997235,121.561004,61,6.5
2286,24.997229,121.560989,62,6
2287,24.997224,121.560975,61,5.6
2288,24.997223,121.560962,61,4.7
2289,24.99722,121.560954,61,3.3
2290,24.997217,121.560943,61,3.9
2291,24.997216,121.560933,61,3.9
2292,24.997215,121.560922,61,3.8
2293,24.997208,121.560918,61,3.4
2294,24.997199,121.560915,61,3.7
2295,24.997193,121.560911,61,2.9
2296,24.997193,121.560905,61,2.2
2297,24.997193,121.560901,61,1.6
2298,24.997191,121.560897,60,1.6
2299,24.997187,121.560892,61,2.3
2300,24.997185,121.560889,60,1.4
2301,24.997185,121.560888,61,0.3
2302,24.997184,121.560884,61,1.4
2303,24.997184,121.560884,61,0.3
2304,24.997184,121.560881,60,0.8
2305,24.997183,121.560881,61,0.3
2306,24.997183,121.560879,61,0.6
2307,24.997183,121.560879,61,0
2308,24.997183,121.560878,60,0.6
2309,24.997182,121.560875,61,1.2
2310,24.997184,121.560868,60,2.6
2311,24.997186,121.560859,60,3.3
2312,24.997188,121.560838,60,7.6
2313,24.997177,121.560816,60,9.1
2314,24.997157,121.560785,60,13.7
2315,24.997136,121.56074,60,18.6
2316,24.997114,121.56068,60,23.5
2317,24.997099,121.560618,60,23.2
2318,24.997085,121.560559,60,22.4
2319,24.997069,121.560501,60,21.8
2320,24.997055,121.560445,60,21.1
2321,24.997038,121.560391,60,20.8
2322,24.997018,121.560337,59,21.2
2323,24.996998,121.560283,59,21.2
2324,24.996979,121.560233,59,19.9
2325,24.996963,121.560188,59,17.4
2326,24.996952,121.560156,59,12.4
2327,24.996945,121.560134,58,8.7
2328,24.99694,121.560108,58,9.7
2329,24.996936,121.560085,58,8.3
2330,24.996928,121.560064,58,8.3
2331,24.996924,121.560048,58,5.9
2332,24.996923,121.560034,58,5.3
2333,24.996916,121.560015,57,7.4
2334,24.996908,121.559988,57,10.5
2335,24.996892,121.559953,57,14.2
2336,24.996864,121.559916,57,17.4
2337,24.996825,121.559881,58,20.2
2338,24.996773,121.559865,57,21.6
2339,24.996709,121.559864,57,25.8
2340,24.996641,121.559871,57,27.3
2341,24.996575,121.559881,58,26.7
2342,24.996513,121.559887,58,24.9
2343,24.996458,121.559891,58,22
2344,24.99642,121.559894,58,15.4
2345,24.996394,121.559896,58,10.4
2346,24.996384,121.559897,57,3.9
2347,24.996382,121.559897,57,0.9
2348,24.996381,121.559896,57,0.5
2349,24.996379,121.559896,57,0.9
2350,24.996377,121.559897,57,1
2351,24.996373,121.559899,56,1.4
2352,24.996371,121.5599,56,1.2
2353,24.996365,121.559903,56,2.4
2354,24.996351,121.559904,55,5.6
2355,24.996327,121.559906,56,9.7
2356,24.996289,121.559913,56,15.5
2357,24.996241,121.55991,57,19.1
2358,24.99619,121.559905,56,20.6
2359,24.996138,121.559895,56,21.4
2360,24.996077,121.559881,56,24.7
2361,24.996011,121.559862,57,27.4
2362,24.995941,121.559842,57,28.9
2363,24.99587,121.559824,57,29.3
2364,24.995793,121.559803,57,31.7
2365,24.995715,121.559773,57,33.1
2366,24.995633,121.559743,58,34.7
2367,24.995546,121.559716,58,36.4
2368,24.995458,121.559691,58,36.4
2369,24.995371,121.55967,58,35.6
2370,24.995285,121.559646,58,35.7
2371,24.9952,121.559622,59,35
2372,24.995118,121.5596,58,34
2373,24.995041,121.559582,59,31.5
2374,24.994974,121.559568,59,27.4
2375,24.994922,121.559556,58,21
2376,24.994896,121.559552,58,10.6
2377,24.994886,121.55955,56,3.9
2378,24.994884,121.559549,57,1.3
2379,24.994884,121.559551,56,0.7
2380,24.994883,121.559552,56,0.5
2381,24.994882,121.559553,57,0.6
2382,24.994881,121.559553,56,0.6
2383,24.994879,121.559552,56,0.7
2384,24.99487,121.559551,56,3.5
2385,24.99486,121.559548,56,4.1
2386,24.994845,121.55955,56,6.1
2387,24.99483,121.55955,56,5.9
2388,24.994815,121.55955,56,6.2
2389,24.994797,121.559553,56,7.3
2390,24.994773,121.559556,56,9.6
2391,24.99474,121.559558,56,13.5
2392,24.994697,121.559559,56,17.2
2393,24.994653,121.559561,56,17.5
2394,24.994608,121.559557,56,18.3
2395,24.994555,121.559542,56,21.8
2396,24.994488,121.559521,57,27.6
2397,24.994418,121.55949,57,30.2
2398,24.994348,121.559453,57,31.5
2399,24.994272,121.559413,58,33.4
2400,24.994195,121.55937,57,34.8
2401,24.994118,121.559327,57,34.5
2402,24.994042,121.559285,57,34
2403,24.993964,121.559241,57,35.1
2404,24.993883,121.559197,57,36.2
2405,24.993798,121.559153,58,37.4
2406,24.993711,121.559111,58,38.1
2407,24.993621,121.559067,58,39.8
2408,24.993522,121.559021,58,42.7
2409,24.993439,121.558982,58,36.3
2410,24.993346,121.558943,58,39.8
2411,24.99325,121.558904,58,40.9
2412,24.993166,121.55887,58,36
2413,24.993075,121.558833,57,38.8
2414,24.992981,121.558799,57,39.7
2415,24.992883,121.558765,58,41.1
2416,24.992789,121.558731,58,39.5
2417,24.992692,121.558703,58,40.2
2418,24.992592,121.558678,58,41.2
2419,24.992488,121.558656,58,42.4
2420,24.992382,121.558637,58,43.3
2421,24.992276,121.558626,59,42.7
2422,24.992172,121.558622,59,41.4
2423,24.992065,121.558625,59,43
2424,24.991958,121.558634,58,42.9
2425,24.991856,121.558654,59,41.8
2426,24.991753,121.558679,58,42.1
2427,24.991654,121.558712,58,41.4
2428,24.991552,121.558745,58,42.5
2429,24.99145,121.558781,59,43.1
2430,24.991332,121.558822,58,49.4
2431,24.991244,121.558852,59,36.9
2432,24.991142,121.558889,58,43.1
2433,24.99104,121.55894,57,45
2434,24.990951,121.558994,57,40.7
2435,24.990861,121.559054,58,41.9
2436,24.99078,121.559117,58,40.1
2437,24.990702,121.559177,57,38.1
2438,24.990624,121.559233,57,36.9
2439,24.990551,121.559289,57,35.8
2440,24.990476,121.559339,57,35.1
2441,24.990403,121.559386,57,33.7
2442,24.990335,121.559428,57,31.4
2443,24.99027,121.559463,57,29.1
2444,24.990206,121.559496,56,28.1
2445,24.990143,121.559524,57,27.2
2446,24.990081,121.559556,57,27.6
2447,24.990026,121.559585,58,24.5
2448,24.989969,121.559608,57,24.3
2449,24.989914,121.559624,57,22.9
2450,24.989872,121.559633,57,17
2451,24.989839,121.559644,57,13.9
2452,24.989817,121.559652,57,9.3
2453,24.989809,121.559655,56,3.5
2454,24.989805,121.559643,56,4.7
2455,24.989803,121.559633,55,3.6
2456,24.989803,121.559625,55,3.1
2457,24.989801,121.559616,55,3.1
2458,24.989801,121.55961,55,2.3
2459,24.989799,121.559603,55,2.8
2460,24.989798,121.5596,55,1
2461,24.989796,121.559597,55,1.6
2462,24.989792,121.559593,55,2
2463,24.98979,121.559589,55,1.6
2464,24.98979,121.559586,55,1.1
2465,24.98979,121.559586,55,0.2
2466,24.989788,121.559587,55,0.8
2467,24.989787,121.559586,55,0.7
2468,24.989785,121.559585,56,0.7
2469,24.989784,121.559585,55,0.6
2470,24.989783,121.559586,55,0.5
2471,24.989782,121.559587,55,0.5
2472,24.989781,121.559588,55,0.4
2473,24.989779,121.559588,56,1
2474,24.989779,121.559589,55,0.3
2475,24.989777,121.559589,55,0.8
2476,24.989775,121.559587,55,0.9
2477,24.989775,121.559586,55,0.2
2478,24.989775,121.55959,55,1.1
2479,24.989771,121.559591,55,1.9
2480,24.989762,121.559598,55,4.3
2481,24.98974,121.559612,55,10.1
2482,24.989719,121.559625,56,9.8
2483,24.989696,121.559636,55,10
2484,24.989672,121.559644,56,10.2
2485,24.989649,121.559655,55,9.8
2486,24.989642,121.559676,56,8
2487,24.989624,121.559687,56,8.2
2488,24.989608,121.559694,56,7.2
2489,24.989605,121.559707,55,4.6
2490,24.989597,121.559719,55,5.5
2491,24.989581,121.559727,56,7
2492,24.989571,121.559733,56,4.8
2493,24.989573,121.55974,56,2.6
2494,24.989575,121.559747,55,2.8
2495,24.98957,121.559751,55,2.3
2496,24.98957,121.559756,55,1.8
2497,24.989569,121.559762,55,2.1
2498,24.989567,121.559767,55,2
2499,24.989564,121.559775,55,3
2500,24.989562,121.55978,55,2.1
2501,24.989561,121.559784,55,1.5
2502,24.989552,121.559792,55,4.8
2503,24.98954,121.559801,55,5.9
2504,24.989522,121.559805,55,7.1
2505,24.989505,121.559809,55,7
2506,24.989484,121.559815,55,8.6
2507,24.989467,121.55982,55,7.3
2508,24.989454,121.55983,55,6.1
2509,24.989439,121.559837,55,6.6
2510,24.989417,121.559846,55,9.3
2511,24.989393,121.559856,56,10.2
2512,24.989378,121.559864,55,6.9
2513,24.989362,121.559868,55,6.5
2514,24.989348,121.559871,55,5.8
2515,24.989332,121.559874,55,6.3
2516,24.989316,121.559876,55,6.7
2517,24.989294,121.559882,55,8.9
2518,24.98927,121.559894,55,10.5
2519,24.989244,121.559907,55,11.6
2520,24.989213,121.559922,54,13.6
2521,24.989176,121.559939,55,15.8
2522,24.98914,121.559959,55,16.6
2523,24.989091,121.559978,55,20.6
2524,24.989037,121.559996,55,22.8
2525,24.98897,121.560028,56,29.3
2526,24.988894,121.560061,56,32.5
2527,24.988818,121.560089,56,32
2528,24.988744,121.560125,56,32.4
2529,24.988669,121.560166,56,33.5
2530,24.988593,121.560201,56,33.1
2531,24.988514,121.56023,56,33.4
2532,24.988433,121.560259,56,34.1
2533,24.988363,121.560289,58,30.3
2534,24.988285,121.560324,59,33.8
2535,24.988208,121.560356,59,32.8
2536,24.98814,121.560382,58,28.9
2537,24.988074,121.560404,59,27.4
2538,24.988011,121.560419,59,25.8
2539,24.987948,121.560439,59,26.7
2540,24.987884,121.560459,59,26.6
2541,24.98782,121.56048,60,26.7
2542,24.987756,121.560504,60,26.8
2543,24.987693,121.56053,61,27.2
2544,24.98763,121.560554,61,26.5
2545,24.98757,121.560574,62,25.4
2546,24.987507,121.560594,62,26.1
2547,24.987451,121.560609,63,23.2
2548,24.9874,121.560623,63,20.9
2549,24.987353,121.560639,63,20
2550,24.987309,121.560653,64,18.3
2551,24.98727,121.560663,64,16.1
2552,24.987236,121.560671,63,13.8
2553,24.987207,121.560676,63,11.9
2554,24.987185,121.560678,64,8.9
2555,24.987173,121.560678,64,4.5
2556,24.987168,121.560676,63,2.1
2557,24.987166,121.560675,64,1.1
2558,24.987163,121.560675,63,1.3
2559,24.987153,121.560677,63,3.8
2560,24.987145,121.560679,63,3.2
2561,24.98714,121.56068,63,2.2
2562,24.987136,121.560681,63,1.7
2563,24.987131,121.560681,63,1.8
2564,24.987128,121.560681,63,1.5
2565,24.987125,121.560681,63,1
2566,24.987124,121.560681,63,0.3
2567,24.987121,121.56068,63,1.3
2568,24.987119,121.560681,63,1
2569,24.987119,121.560682,63,0.4
2570,24.987118,121.560683,63,0.7
2571,24.987116,121.560683,63,0.8
2572,24.987109,121.560685,62,3
2573,24.987094,121.560689,63,6.3
2574,24.987077,121.560694,63,7
2575,24.98706,121.560698,63,6.7
2576,24.987047,121.560703,63,5.6
2577,24.987038,121.560704,63,3.8
2578,24.987029,121.560709,63,4
2579,24.987023,121.560715,63,3.3
2580,24.987019,121.560719,63,2
2581,24.987016,121.560724,63,2
2582,24.987015,121.560729,63,1.9
2583,24.987015,121.560732,63,1.3
2584,24.987014,121.560735,63,1.1
2585,24.987013,121.560738,63,1.2
2586,24.987012,121.560741,63,1
2587,24.987011,121.560743,63,0.8
2588,24.987011,121.560743,63,0.1
2589,24.987007,121.560747,63,2.2
2590,24.987003,121.560748,63,1.5
2591,24.987,121.56075,63,1.3
2592,24.986996,121.560752,63,2.1
2593,24.986988,121.560755,63,3.2
2594,24.986976,121.560756,63,4.6
2595,24.986956,121.560761,62,8.4
2596,24.986928,121.560765,63,11.1
2597,24.986892,121.560775,63,14.9
2598,24.986852,121.560786,63,16.8
2599,24.986812,121.5608,64,16.5
2600,24.986776,121.56081,64,15.1
2601,24.986736,121.560822,64,16.5
2602,24.98669,121.560841,64,19.9
2603,24.986637,121.560863,64,22.5
2604,24.98658,121.560887,63,24.3
2605,24.98652,121.560911,64,25.6
2606,24.986464,121.560938,64,24.6
2607,24.986403,121.560957,64,25.3
2608,24.98634,121.560979,64,26.7
2609,24.986279,121.561002,63,26
2610,24.986215,121.561022,63,26.5
2611,24.986148,121.56104,63,27.8
2612,24.986079,121.561063,62,28.9
2613,24.98601,121.561094,62,29.7
2614,24.985942,121.56112,61,28.8
2615,24.985871,121.561146,61,30.1
2616,24.985799,121.561177,60,31
2617,24.985728,121.561213,60,31.4
2618,24.98565,121.56125,60,33.9
2619,24.985573,121.561288,59,33.9
2620,24.9855,121.561319,58,31.3
2621,24.985425,121.561348,58,31.9
2622,24.98535,121.561371,58,31
2623,24.985282,121.561399,57,29.1
2624,24.98522,121.561424,57,26.6
2625,24.985163,121.56145,57,24.7
2626,24.985122,121.561489,56,21.9
2627,24.985081,121.561508,56,17.9
2628,24.985048,121.561518,56,13.5
2629,24.98502,121.561524,56,11.3
2630,24.985001,121.561524,56,7.8
2631,24.984989,121.561525,55,4.8
2632,24.984983,121.561525,54,2.3
2633,24.984975,121.561519,55,4
2634,24.984967,121.561516,55,3.3
2635,24.984959,121.561514,55,3.2
2636,24.984953,121.561512,55,2.4
2637,24.984945,121.561513,55,3.4
2638,24.984935,121.561515,55,4
2639,24.984929,121.561519,55,2.9
2640,24.984926,121.56152,55,1.5
2641,24.984921,121.561522,55,2
2642,24.984919,121.561528,55,2.2
2643,24.984917,121.561534,55,2.3
2644,24.984915,121.561539,55,2.1
2645,24.984915,121.561543,55,1.4
2646,24.984913,121.561547,55,1.3
2647,24.984914,121.561549,55,0.9
2648,24.984914,121.56155,54,0.3
2649,24.984912,121.56155,54,0.9
2650,24.9849,121.56155,54,4.6
2651,24.984879,121.561553,55,8.5
2652,24.984857,121.561557,54,9.2
2653,24.98483,121.56157,54,11.8
2654,24.9848,121.561591,55,13.9
2655,24.984762,121.561607,55,16.5
2656,24.984725,121.561639,55,18.7
2657,24.984669,121.561659,55,23.7
2658,24.98461,121.561687,55,25.5
2659,24.984545,121.561715,55,28.1
2660,24.984468,121.561741,56,32.4
2661,24.984394,121.561773,55,31.6
2662,24.984308,121.561812,56,37.4
2663,24.984217,121.561845,56,38.5
2664,24.984118,121.561881,55,41.9
2665,24.984031,121.561913,56,36.7
2666,24.983937,121.561946,56,39.4
2667,24.983841,121.561978,56,40.2
2668,24.983743,121.562005,56,40.5
2669,24.983661,121.562058,57,38
2670,24.98356,121.562098,56,42.9
2671,24.983463,121.562131,56,40.7
2672,24.98337,121.562164,57,39.2
2673,24.983284,121.562197,56,36.5
2674,24.983218,121.562223,56,28.2
2675,24.983156,121.562251,55,26.7
2676,24.983095,121.562272,56,25.6
2677,24.983045,121.562285,56,20.9
2678,24.983007,121.562296,56,15.5
2679,24.982981,121.5623,56,10.7
2680,24.982971,121.562314,55,6.4
2681,24.982967,121.562325,55,4.4
2682,24.982968,121.562338,55,4.4
2683,24.982969,121.562351,54,4.9
2684,24.982974,121.562355,55,2.5
2685,24.982976,121.562355,55,0.8
2686,24.98297,121.56236,55,3
2687,24.982964,121.562365,54,2.9
2688,24.982962,121.562371,54,2.5
2689,24.982959,121.562375,55,1.8
2690,24.982958,121.56238,55,1.9
2691,24.982957,121.562384,54,1.5
2692,24.982957,121.562388,55,1.4
2693,24.982956,121.562391,54,1.4
2694,24.982953,121.562395,54,1.9
2695,24.982949,121.5624,54,2.3
2696,24.982947,121.562403,55,1.3
2697,24.982946,121.562406,55,1.2
2698,24.982945,121.562411,55,1.7
2699,24.982942,121.562412,55,1.2
2700,24.982943,121.562414,55,0.9
2701,24.982943,121.562415,55,0.2
2702,24.982941,121.562416,55,0.9
2703,24.982938,121.562415,55,1.1
2704,24.982938,121.562415,54,0.2
2705,24.982934,121.562417,54,1.6
2706,24.982932,121.562428,54,4
2707,24.982916,121.562427,54,6.6
2708,24.982896,121.56243,54,7.9
2709,24.982873,121.56243,55,9.4
2710,24.982839,121.56243,55,13.5
2711,24.982805,121.562442,55,14.4
2712,24.982773,121.562451,56,13.1
2713,24.982745,121.562458,56,11.5
2714,24.982724,121.562464,56,8.9
2715,24.982713,121.562463,55,4.4
2716,24.982707,121.56246,55,2.5
2717,24.982702,121.562454,55,3.1
2718,24.982701,121.562454,55,0.3
2719,24.982707,121.562452,54,2.3
2720,24.982708,121.562453,55,0.8
2721,24.98271,121.562454,55,1
2722,24.982711,121.562457,55,0.9
2723,24.982709,121.562459,55,1.1
2724,24.982709,121.56246,54,0.3
2725,24.9827,121.562465,54,3.9
2726,24.982689,121.562469,54,4.5
2727,24.982673,121.562474,54,7
2728,24.982649,121.562483,55,9.8
2729,24.982641,121.562498,55,6.7
2730,24.982629,121.56251,55,6.2
2731,24.982599,121.562511,55,12
2732,24.982588,121.562527,55,7.4
2733,24.982569,121.562525,55,7.4
2734,24.982564,121.562535,55,4
2735,24.982557,121.562537,55,2.8
2736,24.982536,121.562518,54,11.2
2737,24.982525,121.562507,55,5.7
2738,24.982516,121.562495,55,5.7
2739,24.982506,121.562484,55,5.7
2740,24.98248,121.562484,54,10.1
2741,24.982458,121.562483,55,8.8
2742,24.982448,121.562484,55,4.1
2743,24.982442,121.562478,55,3.5
2744,24.982438,121.562473,54,2.3
2745,24.982432,121.562469,55,2.8
2746,24.982429,121.562461,55,2.9
2747,24.98243,121.562455,55,2.3
2748,24.98243,121.562448,55,2.5
2749,24.982428,121.562441,55,2.4
2750,24.982429,121.562436,55,2.1
2751,24.982429,121.562433,54,1.1
2752,24.982428,121.562431,55,0.9
2753,24.982426,121.56243,55,0.9
2754,24.982426,121.56243,54,0.1
2755,24.982422,121.562429,54,1.9
2756,24.982422,121.562429,54,0
2757,24.98242,121.56243,55,0.6
2758,24.98242,121.56243,55,0.3
2759,24.98242,121.56243,55,0.3
2760,24.982419,121.56243,54,0.7
2761,24.98242,121.562431,55,0.5
2762,24.982419,121.562432,54,0.6
2763,24.982418,121.562433,55,0.4
2764,24.982417,121.562435,55,0.9
2765,24.982416,121.562435,55,0.4
2766,24.982419,121.562439,55,1.7
2767,24.982418,121.562439,54,0.3
2768,24.982418,121.562443,54,1.5
2769,24.982418,121.562444,55,0.4
2770,24.982418,121.562445,54,0.5
2771,24.982419,121.562446,54,0.4
2772,24.982421,121.562447,54,0.9
2773,24.982424,121.562446,54,1.2
2774,24.982426,121.562445,54,1.2
2775,24.98242,121.562443,54,2.8
2776,24.982411,121.562447,53,3.7
2777,24.982395,121.562448,54,6.2
2778,24.982379,121.562453,54,6.8
2779,24.982361,121.562461,54,7.7
2780,24.982346,121.562474,54,7.7
2781,24.982326,121.562484,54,8.7
2782,24.982297,121.562484,55,11.6
2783,24.982272,121.562495,54,11.1
2784,24.982257,121.562505,54,6.8
2785,24.982251,121.562521,54,6.1
2786,24.982254,121.562545,54,9.1
2787,24.982265,121.562582,55,14.1
2788,24.982276,121.562637,55,20.2
2789,24.982287,121.562692,54,20.6
2790,24.982297,121.562755,55,23.2
2791,24.982299,121.562829,55,27.1
2792,24.982301,121.562909,55,28.8
2793,24.982321,121.562986,55,29.2
2794,24.982344,121.56306,55,28.3
2795,24.982362,121.563137,55,29
2796,24.982379,121.563218,55,30.3
2797,24.982396,121.563298,55,29.7
2798,24.982411,121.563375,55,28.6
2799,24.982423,121.563446,55,26.4
2800,24.982436,121.563508,55,23.1
2801,24.982447,121.563571,54,23.2
2802,24.982461,121.56364,54,25.7
2803,24.982469,121.563698,55,21.3
2804,24.982475,121.563759,55,22.2
2805,24.982481,121.563818,55,21.6
2806,24.982495,121.563888,55,26.3
2807,24.982514,121.563968,55,29.7
2808,24.982526,121.564047,55,29.1
2809,24.982539,121.564125,55,29.1
2810,24.982558,121.5642,55,28.3
2811,24.982581,121.564273,54,28.1
2812,24.982596,121.564331,55,21.9
2813,24.982605,121.564383,56,19
2814,24.982607,121.564417,55,12.4
2815,24.982605,121.564433,54,5.9
2816,24.982604,121.56444,54,2.5
2817,24.982604,121.564435,53,1.7
2818,24.982603,121.56444,53,2
2819,24.982602,121.564443,54,1.2
2820,24.9826,121.564445,54,1
2821,24.982599,121.564445,53,0.3
2822,24.982598,121.564453,53,2.7
2823,24.982598,121.564466,52,4.7
2824,24.982602,121.564478,52,4.7
2825,24.982603,121.564502,54,9
2826,24.982608,121.564541,54,14.1
2827,24.982609,121.564592,54,18.7
2828,24.982614,121.564656,54,23.4
2829,24.98263,121.564738,54,30.4
2830,24.982642,121.564824,54,31.4
2831,24.982663,121.564914,54,34
2832,24.982692,121.565011,54,37.1
2833,24.982734,121.565108,55,39.1
2834,24.982782,121.565213,55,42.8
2835,24.982826,121.565318,55,41.8
2836,24.982863,121.565423,55,41
2837,24.982903,121.565522,55,39.4
2838,24.982944,121.565618,55,38.5
2839,24.98298,121.565713,55,37.3
2840,24.983018,121.56581,55,38.4
2841,24.983056,121.565904,54,37.6
2842,24.983091,121.566006,54,39.6
2843,24.983121,121.566096,55,34.9
2844,24.983146,121.566172,55,29.1
2845,24.983167,121.566239,55,26.1
2846,24.983182,121.566294,55,20.6
2847,24.983188,121.566335,55,15
2848,24.983194,121.566363,53,10.4
2849,24.983198,121.56638,53,6.6
2850,24.983199,121.566387,52,2.3
2851,24.983202,121.566387,53,1
2852,24.983204,121.566388,53,0.8
2853,24.983206,121.566395,53,2.5
2854,24.983212,121.566399,53,2.9
2855,24.983215,121.566403,52,1.7
2856,24.98322,121.566409,52,3
2857,24.983225,121.566417,52,3.9
2858,24.983228,121.566433,53,5.7
2859,24.983229,121.566465,53,11.6
2860,24.983232,121.566495,53,11
2861,24.983236,121.566528,53,11.9
2862,24.983248,121.566558,53,12.1
2863,24.983269,121.566599,53,17.2
2864,24.983292,121.566645,53,18.9
2865,24.983318,121.566692,55,20
2866,24.98335,121.566755,54,26.2
2867,24.98338,121.566836,55,32
2868,24.983406,121.566925,55,34
2869,24.983433,121.567018,54,35.3
2870,24.983467,121.567118,55,38.8
2871,24.983502,121.567219,55,39.2
2872,24.983536,121.56732,55,39.4
2873,24.983565,121.567436,55,43.6
2874,24.983601,121.567537,55,39.5
2875,24.983636,121.567637,55,38.8
2876,24.983674,121.567736,55,39.1
2877,24.983713,121.567836,55,39.3
2878,24.983748,121.567931,55,37.2
2879,24.983781,121.568015,55,33.4
2880,24.983808,121.568096,55,31.6
2881,24.983822,121.568174,55,28.7
2882,24.983834,121.568228,55,20.4
2883,24.983841,121.568258,55,11
2884,24.983842,121.568284,54,9.4
2885,24.983846,121.568295,53,4.3
2886,24.983846,121.568295,53,0.2
2887,24.983848,121.568325,53,10.9
2888,24.983848,121.568338,53,4.7
2889,24.983849,121.568346,53,3.1
2890,24.98385,121.568354,54,2.6
2891,24.983852,121.568359,53,2.1
2892,24.983855,121.568363,54,1.9
2893,24.983858,121.568367,53,1.8
2894,24.983861,121.568377,53,4
2895,24.983863,121.568397,53,7.3
2896,24.983864,121.568413,53,5.8
2897,24.983865,121.568429,54,5.8
2898,24.98387,121.568444,54,5.8
2899,24.983878,121.568457,54,5.7
2900,24.983882,121.568468,54,4.3
2901,24.983886,121.568476,54,3.3
2902,24.983891,121.568482,53,3
2903,24.983896,121.568485,53,2.2
2904,24.983894,121.568488,53,1
2905,24.983897,121.568491,53,1.8
2906,24.983898,121.568492,54,0.2
2907,24.9839,121.568496,54,1.9
2908,24.983903,121.568499,53,1.8
2909,24.983906,121.568502,53,1.4
2910,24.983908,121.568504,54,1.1
2911,24.983911,121.568506,53,1.4
2912,24.983913,121.56851,53,1.7
2913,24.983916,121.568513,54,1.5
2914,24.983916,121.568513,53,0.1
2915,24.983918,121.568517,54,1.9
2916,24.98392,121.568521,53,1.5
2917,24.983925,121.568525,53,2.7
2918,24.983928,121.568533,53,2.9
2919,24.983934,121.568548,53,5.9
2920,24.983939,121.568563,53,5.9
2921,24.983949,121.568584,53,8.6
2922,24.983956,121.56862,55,13.5
2923,24.983967,121.568658,54,14.4
2924,24.983997,121.568699,54,19
2925,24.98404,121.568752,55,25.9
2926,24.984073,121.568823,55,29.1
2927,24.984109,121.568899,54,31.2
2928,24.984144,121.568982,54,33.3
2929,24.984178,121.569075,55,36.2
2930,24.984212,121.569171,55,37.4
2931,24.984241,121.569267,55,36.7
2932,24.984278,121.569373,55,41.5
2933,24.98431,121.56945,55,30.7
2934,24.98435,121.569532,56,33.9
2935,24.98439,121.569607,55,31.4
2936,24.984435,121.569683,55,32.8
2937,24.984481,121.56975,55,30.8
2938,24.984529,121.56982,55,32
2939,24.98458,121.569887,55,31.6
2940,24.984625,121.569949,55,29
2941,24.984672,121.570009,55,28.7
2942,24.984721,121.57006,55,26.8
2943,24.984771,121.570112,55,27.7
2944,24.984831,121.570168,56,31.3
2945,24.984887,121.570223,55,30.2
2946,24.984944,121.570272,55,29
2947,24.985001,121.570322,55,29.2
2948,24.985062,121.570361,56,28.2
2949,24.985121,121.570396,55,27
2950,24.985175,121.57043,56,24.9
2951,24.985225,121.570456,56,21.9
2952,24.985266,121.570474,55,17.7
2953,24.985291,121.570488,55,11.2
2954,24.985301,121.5705,55,6.1
2955,24.985301,121.570504,54,1.4
2956,24.985303,121.570509,54,1.9
2957,24.985303,121.570513,54,1.5
2958,24.985302,121.570517,54,1.5
2959,24.9853,121.570519,54,1
2960,24.985307,121.570522,53,2.9
2961,24.985325,121.570533,53,8.5
2962,24.985347,121.57052,53,9.7
2963,24.985381,121.570523,54,13.7
2964,24.98542,121.570532,55,16.2
2965,24.985467,121.570537,55,18.7
2966,24.985517,121.570543,54,20.1
2967,24.98558,121.570562,55,26.1
2968,24.985654,121.570568,56,29.7
2969,24.985743,121.570593,56,36.8
2970,24.985829,121.570618,55,35.9
2971,24.985913,121.570625,56,33.7
2972,24.986007,121.570629,56,37.7
2973,24.986093,121.570627,57,34.5
2974,24.986185,121.570627,56,36.8
2975,24.986266,121.570622,57,32.6
2976,24.986347,121.570626,56,32.5
2977,24.986433,121.570629,57,34.6
2978,24.986516,121.570633,57,33.1
2979,24.986586,121.570633,57,28.1
2980,24.986656,121.570639,57,27.9
2981,24.98672,121.57064,57,25.9
2982,24.986785,121.570645,57,26.1
2983,24.986844,121.570649,57,23.4
2984,24.986897,121.570653,57,21.4
2985,24.986941,121.570657,57,17.6
2986,24.98698,121.570661,58,16
2987,24.987011,121.570672,57,12.9
2988,24.987041,121.570691,57,13.7
2989,24.987059,121.570706,58,8.9
2990,24.987064,121.570706,57,2.3
2991,24.987078,121.57073,56,10.2
2992,24.987084,121.570737,57,3.6
2993,24.987091,121.570742,57,3.5
2994,24.987096,121.57075,57,3.5
2995,24.987105,121.570757,56,4.2
2996,24.98711,121.570757,57,2.2
2997,24.987114,121.570759,56,1.8
2998,24.987126,121.570764,56,5.2
2999,24.987135,121.570769,57,3.8
3000,24.987143,121.570774,57,3.8
3001,24.987156,121.57078,57,5.5
3002,24.98717,121.570785,57,6.1
3003,24.987182,121.570791,57,5.3
3004,24.987192,121.570796,57,4.2
3005,24.987197,121.570799,57,2.3
3006,24.987198,121.570801,56,0.9
3007,24.9872,121.570806,56,2
3008,24.987199,121.570809,57,0.9
3009,24.987199,121.570812,56,1.3
3010,24.9872,121.570815,56,1
3011,24.987202,121.570816,56,0.8
3012,24.987205,121.570819,57,1.7
3013,24.98721,121.570824,56,2.6
3014,24.987214,121.570827,56,1.9
3015,24.987219,121.57083,56,2.3
3016,24.987223,121.570834,57,2.2
3017,24.987229,121.570837,57,2.6
3018,24.987233,121.57084,57,2.1
3019,24.987238,121.570841,57,1.8
3020,24.987242,121.570844,57,2
3021,24.987247,121.570845,57,2
3022,24.987251,121.570847,57,1.9
3023,24.987257,121.570847,57,2.4
3024,24.987263,121.570849,57,2.4
3025,24.987269,121.570851,56,2.4
3026,24.987274,121.570852,57,2.2
3027,24.987278,121.570854,57,1.6
3028,24.987278,121.570854,57,0.2
3029,24.987278,121.570855,57,0.3
3030,24.987279,121.570855,57,0.4
3031,24.98728,121.570856,56,0.5
3032,24.987282,121.570858,56,1
3033,24.987282,121.570858,56,0.2
3034,24.98728,121.57086,56,1
3035,24.987277,121.570862,57,1.2
3036,24.98728,121.570858,57,1.6
3037,24.98728,121.570858,56,0.1
3038,24.98728,121.570859,57,0.5
3039,24.987279,121.570862,56,1.2
3040,24.987279,121.570861,57,0.1
3041,24.987275,121.570861,56,1.6
3042,24.987274,121.570861,57,0.3
3043,24.987277,121.570858,57,1.5
3044,24.987277,121.570857,56,0.3
3045,24.987277,121.57086,56,1.1
3046,24.987279,121.570859,56,1.1
3047,24.987287,121.570859,57,3.1
3048,24.987296,121.570856,56,3.6
3049,24.987308,121.570855,56,5
3050,24.987324,121.570853,57,6.6
3051,24.987352,121.570838,56,12.3
3052,24.987373,121.570828,56,9.3
3053,24.987394,121.570819,56,9.1
3054,24.987417,121.570819,56,8.9
3055,24.987446,121.570821,56,11.6
3056,24.987475,121.570828,57,12
3057,24.987505,121.570832,57,12.1
3058,24.98753,121.570835,57,10.3
3059,24.987549,121.570843,56,7.9
3060,24.987565,121.570836,56,7.2
3061,24.987587,121.570837,56,8.6
3062,24.987606,121.57084,56,7.9
3063,24.987622,121.570845,55,6.7
3064,24.987632,121.570858,56,6
3065,24.987636,121.57088,55,8.2
3066,24.987644,121.570913,54,12.6
3067,24.98765,121.570952,55,14.4
3068,24.987644,121.570998,55,16.6
3069,24.987637,121.57105,55,19.1
3070,24.987633,121.571108,55,21.1
3071,24.987625,121.571175,55,24.6
3072,24.987618,121.571245,55,25.7
3073,24.987609,121.571323,55,28.6
3074,24.987599,121.571407,56,30.9
3075,24.987593,121.571492,57,30.7
3076,24.9876,121.571583,57,33.1
3077,24.987616,121.571671,58,32.8
3078,24.987637,121.571758,58,32.7
3079,24.987663,121.571846,59,33.6
3080,24.987696,121.571938,59,35.9
3081,24.987732,121.572033,60,37.4
3082,24.987769,121.572133,60,39.4
3083,24.987807,121.572234,59,39.5
3084,24.987847,121.572335,59,40.2
3085,24.987885,121.572433,60,38.6
3086,24.987923,121.572527,59,37.7
3087,24.98796,121.57262,60,36.5
3088,24.987994,121.572709,60,35.4
3089,24.988028,121.572798,60,35
3090,24.98806,121.572885,59,33.9
3091,24.988088,121.572972,59,33.8
3092,24.988108,121.573062,58,33.5
3093,24.988119,121.573155,57,34.1
3094,24.988121,121.573245,57,32.9
3095,24.988116,121.573338,55,33.8
3096,24.988108,121.57342,54,29.7
3097,24.988098,121.5735,54,29.6
3098,24.988081,121.573575,53,28.1
3099,24.98806,121.573643,53,26.1
3100,24.988041,121.573709,53,25
3101,24.988025,121.573773,52,24.1
3102,24.98801,121.573836,52,23.7
3103,24.987998,121.573889,52,19.7
3104,24.987987,121.573939,52,18.8
3105,24.987977,121.573987,52,17.9
3106,24.987966,121.574032,52,16.9
3107,24.987958,121.574075,52,15.8
3108,24.987949,121.574115,52,15.1
3109,24.987943,121.574153,52,13.9
3110,24.987935,121.574188,52,13.3
3111,24.987926,121.574217,51,10.9
3112,24.987916,121.574246,52,11.5
3113,24.987908,121.574277,51,11.4
3114,24.987901,121.574301,52,9.1
3115,24.987898,121.574322,52,7.7
3116,24.987894,121.574338,52,6.3
3117,24.987902,121.574355,52,6.6
3118,24.987898,121.57436,52,2.4
3119,24.987894,121.574366,52,2.8
3120,24.987889,121.574373,51,3.2
3121,24.987888,121.574388,51,5.3
3122,24.987888,121.574407,51,7.1
3123,24.987886,121.574421,52,5
3124,24.987883,121.574434,51,4.9
3125,24.987885,121.574451,51,6.6
3126,24.987882,121.574468,51,6
3127,24.987877,121.574488,51,7.7
3128,24.987873,121.57451,51,8.3
3129,24.987873,121.574541,50,11
3130,24.987875,121.574568,51,9.8
3131,24.987868,121.574589,52,8.1
3132,24.987859,121.574598,52,5
3133,24.987864,121.574605,52,3
3134,24.987868,121.574607,51,1.6
3135,24.987867,121.574608,51,0.5
3136,24.987886,121.574624,51,9.5
3137,24.987896,121.57463,51,4.7
3138,24.987904,121.574638,51,3.9
3139,24.987911,121.574643,51,3.6
3140,24.987913,121.574646,51,1.5
3141,24.98792,121.574653,51,3.8
3142,24.987925,121.574659,51,2.7
3143,24.98793,121.574664,51,3
3144,24.987927,121.574671,50,2.5
3145,24.987927,121.574677,51,2.5
3146,24.987936,121.574688,51,5.3
3147,24.987941,121.574699,51,4.3
3148,24.987949,121.57471,51,5.1
3149,24.987954,121.57472,51,4.3
3150,24.987951,121.574735,51,5.6
3151,24.987954,121.574755,50,7.2
3152,24.987952,121.574778,51,8.6
3153,24.987947,121.574818,51,14.6
3154,24.987938,121.574863,52,16.8
3155,24.987928,121.574919,52,20.7
3156,24.987922,121.574966,51,17.2
3157,24.98791,121.575021,51,20.7
3158,24.987898,121.575076,51,20.4
3159,24.987885,121.575133,52,21.3
3160,24.987871,121.575186,52,20.1
3161,24.987859,121.575236,52,18.6
3162,24.987851,121.575285,52,18.2
3163,24.987842,121.575333,52,17.7
3164,24.987833,121.575378,52,16.8
3165,24.98782,121.57542,52,16.3
3166,24.98781,121.575452,53,12.4
3167,24.987802,121.575473,52,8.2
3168,24.987798,121.575486,52,4.8
3169,24.987802,121.575494,52,3.5
3170,24.987799,121.575499,51,2.1
3171,24.9878,121.575508,51,3.2
3172,24.987796,121.575514,51,2.8
3173,24.987789,121.575529,51,6.2
3174,24.98778,121.575542,51,6
3175,24.987773,121.575561,51,7.4
3176,24.987779,121.575596,51,12.9
3177,24.987788,121.575635,51,14.6
3178,24.987807,121.575673,52,15.5
3179,24.987836,121.575708,51,17.4
3180,24.987873,121.57575,51,21.2
3181,24.987911,121.575798,51,23.1
3182,24.987943,121.575849,52,22.7
3183,24.987979,121.575904,52,24.5
3184,24.988016,121.575957,52,24.2
3185,24.988052,121.576004,52,22.6
3186,24.988089,121.576048,52,21.6
3187,24.988122,121.576085,52,18.8
3188,24.988146,121.576115,52,14.7
3189,24.988164,121.576137,52,10.9
3190,24.98818,121.576151,52,8
3191,24.988192,121.576163,51,6.5
3192,24.988199,121.576177,51,6
3193,24.988206,121.576192,51,6.1
3194,24.988213,121.576213,51,8.2
3195,24.988224,121.576232,51,8
3196,24.988233,121.576254,51,8.8
3197,24.988238,121.576283,51,10.7
3198,24.988239,121.576304,51,7.7
3199,24.988244,121.576322,51,6.8
3200,24.988243,121.576332,51,3.6
3201,24.988243,121.576341,51,3.2
3202,24.988244,121.576347,51,2.3
3203,24.988245,121.576352,51,1.8
3204,24.988246,121.576356,51,1.7
3205,24.988248,121.576362,50,2.1
3206,24.98825,121.576369,51,2.6
3207,24.988254,121.576375,50,2.7
3208,24.988257,121.576377,50,1.7
3209,24.988256,121.576385,50,2.9
3210,24.988264,121.576403,50,7.2
3211,24.988271,121.57643,50,10
3212,24.988288,121.576462,51,13.7
3213,24.988315,121.576498,51,16.8
3214,24.988336,121.576532,51,15.2
3215,24.988355,121.576562,51,13.3
3216,24.988371,121.576587,51,11
3217,24.988384,121.576605,51,8.5
3218,24.988393,121.576619,51,6.4
3219,24.988403,121.576636,50,7.2
3220,24.988411,121.576647,51,5.1
3221,24.988417,121.576651,50,2.9
3222,24.98842,121.576654,50,1.5
3223,24.988424,121.576658,50,2.1
3224,24.98843,121.576664,50,3.5
3225,24.988436,121.57667,50,3
3226,24.988439,121.576674,50,1.9
3227,24.988443,121.576678,50,2.4
3228,24.988445,121.576681,50,1.3
3229,24.988447,121.576685,50,1.5
3230,24.98845,121.576688,50,1.7
3231,24.988452,121.576691,50,1.2
3232,24.988454,121.576695,50,1.7
3233,24.988456,121.576699,50,1.4
3234,24.988459,121.576702,49,1.8
3235,24.98846,121.576705,50,1.3
3236,24.988462,121.576707,50,1
3237,24.988464,121.576708,50,1
3238,24.988466,121.57671,50,0.8
3239,24.988468,121.576712,50,1.2
3240,24.988468,121.576712,50,0
3241,24.98847,121.576715,50,1.3
3242,24.98847,121.576716,50,0.5
3243,24.988471,121.576718,50,0.6
3244,24.988472,121.576719,50,0.6
3245,24.988472,121.57672,50,0.4
3246,24.988473,121.57672,50,0.3
3247,24.988474,121.576721,50,0.3
3248,24.988475,121.576719,50,0.7
3249,24.988475,121.576719,50,0.2
3250,24.988476,121.576717,50,0.6
3251,24.988476,121.576715,50,0.9
3252,24.988477,121.576713,50,0.9
3253,24.988478,121.57671,50,1
3254,24.988478,121.576705,50,1.8
3255,24.988478,121.5767,50,1.8
3256,24.988478,121.576695,50,1.8
3257,24.988478,121.57669,50,1.7
3258,24.988479,121.576686,50,1.6
3259,24.988478,121.576686,50,0.1
3260,24.988479,121.576684,50,0.6
3261,24.988479,121.576684,49,0.2
3262,24.988479,121.576684,50,0.1
3263,24.988479,121.576683,50,0.5
3264,24.988484,121.576692,49,3.9
3265,24.988487,121.576704,49,4.4
3266,24.9885,121.576719,49,7.4
3267,24.988522,121.576746,50,13.3
3268,24.988542,121.57678,50,14.9
3269,24.98856,121.576813,50,13.8
3270,24.98857,121.576838,50,9.7
3271,24.988582,121.576857,51,8.6
3272,24.988589,121.576874,50,6.8
3273,24.988593,121.576893,50,7.3
3274,24.9886,121.576911,50,6.9
3275,24.988606,121.576928,50,6.9
3276,24.988608,121.576948,49,7.1
3277,24.988617,121.576966,49,7.6
3278,24.988646,121.576978,50,12.2
3279,24.988675,121.576993,51,13
3280,24.988717,121.576994,50,17
3281,24.988752,121.576998,50,14
3282,24.988791,121.576998,51,15.5
3283,24.988828,121.576994,52,15.2
3284,24.988857,121.576987,51,11.6
3285,24.988872,121.576989,51,6
3286,24.988877,121.576992,50,2.1
3287,24.988874,121.576992,50,0.9
3288,24.988878,121.576991,50,1.7
3289,24.988877,121.576988,49,1
3290,24.988877,121.576988,50,0
3291,24.98888,121.576986,50,1.3
3292,24.988882,121.576974,49,4.2
3293,24.988899,121.57696,49,8.5
3294,24.988914,121.576954,50,6.2
3295,24.988942,121.576959,51,11.7
3296,24.988955,121.576956,51,5.1
3297,24.988969,121.576949,50,6
3298,24.988994,121.576944,50,10.5
3299,24.989018,121.576936,51,9.8
3300,24.98905,121.576928,50,13.2
3301,24.989096,121.576919,52,18.6
3302,24.989142,121.576911,52,18.9
3303,24.989198,121.576909,51,22.4
3304,24.989263,121.576909,51,26.2
3305,24.989337,121.576914,52,29.6
3306,24.989422,121.576914,52,33.9
3307,24.989498,121.576918,52,30.6
3308,24.989584,121.576926,52,34.7
3309,24.989673,121.576931,53,35.7
3310,24.989772,121.576927,53,39.6
3311,24.989859,121.576929,53,34.8
3312,24.989943,121.576927,53,33.7
3313,24.990025,121.576927,53,32.6
3314,24.990102,121.57691,53,31.8
3315,24.990173,121.576907,53,28.4
3316,24.990239,121.576902,53,26.5
3317,24.990287,121.576906,53,19.4
3318,24.990311,121.576908,53,9.7
3319,24.990323,121.576911,51,4.9
3320,24.990341,121.576917,51,7.7
3321,24.990348,121.576919,50,2.8
3322,24.99035,121.576921,51,0.8
3323,24.990371,121.576924,51,8.6
3324,24.990379,121.576925,50,3.3
3325,24.990389,121.576929,50,4
3326,24.990402,121.576924,50,5.5
3327,24.990416,121.576927,50,5.9
3328,24.990438,121.576945,51,11.1
3329,24.99046,121.57696,51,10.3
3330,24.99049,121.57697,52,12.7
3331,24.990538,121.576979,52,19.6
3332,24.990592,121.57698,51,21.5
3333,24.990645,121.576972,51,21.3
3334,24.990714,121.576958,51,28.1
3335,24.990777,121.576936,52,26.4
3336,24.99083,121.576912,52,23.1
3337,24.990901,121.576887,52,29.8
3338,24.990972,121.576857,52,30.4
3339,24.991043,121.576824,52,30.8
3340,24.99111,121.576785,52,30.7
3341,24.991197,121.57675,52,37.1
3342,24.991271,121.576706,52,33.4
3343,24.99134,121.576654,53,33.5
3344,24.991407,121.576597,52,33.9
3345,24.991457,121.576538,52,29.5
3346,24.991505,121.576477,52,29.4
3347,24.991548,121.576403,52,32
3348,24.991589,121.576327,52,31.9
3349,24.991622,121.576247,52,31.9
3350,24.991651,121.576163,52,32.6
3351,24.991679,121.576088,51,29.6
3352,24.991701,121.576007,51,30.7
3353,24.991729,121.575924,52,32.1
3354,24.991751,121.575841,51,31.5
3355,24.991766,121.575753,52,32.6
3356,24.991805,121.575665,51,35.4
3357,24.99181,121.575578,51,31.9
3358,24.991812,121.575488,52,32.6
3359,24.991811,121.575393,51,34.6
3360,24.991833,121.5753,51,34.9
3361,24.991838,121.575217,51,30.2
3362,24.991841,121.575138,51,28.7
3363,24.991829,121.57505,52,32.3
3364,24.991815,121.574963,51,31.9
3365,24.991806,121.574882,51,29.9
3366,24.991792,121.574796,51,31.7
3367,24.991776,121.574709,51,32.3
3368,24.991761,121.57462,52,32.9
3369,24.991746,121.574528,51,33.8
3370,24.99173,121.574437,51,33.9
3371,24.991714,121.574349,52,32.5
3372,24.991704,121.574271,52,28.6
3373,24.991702,121.574199,52,26.1
3374,24.991701,121.57414,51,21.6
3375,24.991699,121.57409,51,18
3376,24.991699,121.574052,52,13.8
3377,24.991703,121.574024,50,10.4
3378,24.991717,121.574002,51,9.7
3379,24.991727,121.573988,50,6.6
3380,24.991741,121.573965,50,9.9
3381,24.991759,121.573944,50,10.4
3382,24.991785,121.573927,50,12.4
3383,24.991828,121.57391,50,18.2
3384,24.991878,121.5739,51,20.4
3385,24.991933,121.573889,50,22.1
3386,24.991986,121.573884,51,21.6
3387,24.992043,121.573877,52,22.9
3388,24.9921,121.573875,51,22.9
3389,24.992151,121.573874,51,20.4
3390,24.992196,121.573874,52,18.2
3391,24.992233,121.573874,52,14.6
3392,24.992258,121.573874,51,10.2
3393,24.992277,121.573873,51,7.5
3394,24.992294,121.573875,51,6.8
3395,24.992307,121.573855,51,8.9
3396,24.992319,121.573838,50,7.8
3397,24.99233,121.573837,50,4.3
3398,24.992339,121.573837,51,3.9
3399,24.99235,121.573841,51,4.4
3400,24.992357,121.57385,50,4.5
3401,24.992366,121.573868,51,7.1
3402,24.992371,121.573873,50,2.8
3403,24.992385,121.573885,49,7.2
3404,24.992398,121.573887,49,5.4
3405,24.992419,121.573885,50,8.3
3406,24.992454,121.573887,51,13.9
3407,24.992499,121.573892,51,18.3
3408,24.992546,121.573855,50,23.4
3409,24.992608,121.573851,51,24.9
3410,24.992673,121.573842,51,26.1
3411,24.992741,121.573838,51,27.2
3412,24.992814,121.573839,51,29.4
3413,24.9929,121.573851,51,34.5
3414,24.992989,121.573864,51,36
3415,24.993081,121.573866,51,37.1
3416,24.993172,121.57386,52,36.3
3417,24.993274,121.573871,52,41.1
3418,24.99338,121.573884,53,43
3419,24.993486,121.573893,53,42.5
3420,24.993599,121.573893,52,45
3421,24.993708,121.573901,53,44
3422,24.993811,121.573905,53,41.3
3423,24.993914,121.573911,53,41.2
3424,24.994013,121.573918,53,39.9
3425,24.994116,121.573927,54,41.3
3426,24.994219,121.573937,54,41.4
3427,24.994322,121.573947,54,41.8
3428,24.994425,121.573955,54,41.4
3429,24.994526,121.573965,54,40.5
3430,24.994627,121.573984,54,41.1
3431,24.994729,121.574009,55,41.6
3432,24.994821,121.574041,55,38.7
3433,24.994909,121.574086,55,39
3434,24.994991,121.574141,55,38.5
3435,24.995062,121.574208,55,37.5
3436,24.995127,121.574287,55,38.3
3437,24.995186,121.57437,55,38.8
3438,24.995248,121.574457,56,39.9
3439,24.995311,121.574544,55,40.6
3440,24.995376,121.574631,55,41
3441,24.995439,121.574719,55,40.7
3442,24.995499,121.574809,55,40.5
3443,24.995557,121.574902,56,41
3444,24.995616,121.574992,56,40.3
3445,24.995673,121.575083,56,40.1
3446,24.99573,121.575176,56,40.8
3447,24.995789,121.57527,56,41.6
3448,24.99585,121.575363,57,41.7
3449,24.995911,121.575453,56,40.6
3450,24.995972,121.575544,56,41
3451,24.996031,121.575634,56,40.6
3452,24.99609,121.575727,57,41.3
3453,24.99615,121.575822,57,41.8
3454,24.996208,121.575917,56,41.7
3455,24.996265,121.57601,56,40.8
3456,24.99632,121.576107,56,41.6
3457,24.996376,121.576202,56,41.1
3458,24.996431,121.5763,56,42
3459,24.996487,121.576399,56,42.4
3460,24.996545,121.5765,56,43.2
3461,24.996603,121.576598,56,42.8
3462,24.996661,121.576695,56,42.3
3463,24.99672,121.576793,57,42.4
3464,24.996781,121.576893,56,43.9
3465,24.996843,121.576991,56,43.6
3466,24.996904,121.57709,56,43.2
3467,24.996965,121.577187,56,43.1
3468,24.997025,121.577286,56,43
3469,24.997083,121.577385,55,43
3470,24.997141,121.577485,55,43.1
3471,24.9972,121.577583,55,42.7
3472,24.997259,121.577682,55,43
3473,24.997316,121.577783,55,43.2
3474,24.99737,121.577886,55,43.1
3475,24.997421,121.577988,56,42.6
3476,24.997472,121.578091,56,42.4
3477,24.997528,121.578191,56,42.7
3478,24.997586,121.578291,55,43.1
3479,24.997647,121.578389,55,43.2
3480,24.997706,121.578488,55,43.2
3481,24.997765,121.578589,55,43.5
3482,24.997823,121.578685,55,42.1
3483,24.997879,121.578781,55,41.2
3484,24.997933,121.578876,55,40.7
3485,24.997987,121.578971,54,40.9
3486,24.998043,121.579061,55,39.7
3487,24.998098,121.579152,55,39.5
3488,24.998152,121.579241,55,38.9
3489,24.998205,121.579332,55,39.3
3490,24.998255,121.57942,54,37.9
3491,24.998306,121.579506,54,37.3
3492,24.998353,121.579584,54,34.1
3493,24.998401,121.579662,54,34.4
3494,24.998447,121.57974,54,33.7
3495,24.998483,121.579812,53,29.7
3496,24.998522,121.579877,53,28.3
3497,24.998553,121.579934,52,24
3498,24.998576,121.579974,52,17.4
3499,24.998591,121.580003,51,12
3500,24.998604,121.580026,51,10
3501,24.998609,121.580036,51,3.9
3502,24.998609,121.580039,52,1.1
3503,24.998617,121.580039,51,3
3504,24.998616,121.580034,51,2
3505,24.998622,121.58004,51,3.1
3506,24.998636,121.580062,51,9.7
3507,24.998642,121.580068,51,3.3
3508,24.998656,121.580074,51,6.1
3509,24.998675,121.580074,51,7.7
3510,24.998696,121.580071,50,8.4
3511,24.998718,121.580061,50,9.4
3512,24.99874,121.580061,51,8.7
3513,24.998751,121.580061,51,4.6
3514,24.998759,121.580062,51,3
3515,24.998766,121.580066,51,3.3
3516,24.998775,121.580071,51,3.8
3517,24.998781,121.580075,51,2.9
3518,24.998787,121.580082,51,3.6
3519,24.998792,121.580091,51,3.7
3520,24.998797,121.580096,51,2.9
3521,24.9988,121.580103,51,2.9
3522,24.998804,121.580111,51,3.2
3523,24.998808,121.580119,51,3.1
3524,24.99881,121.580121,51,1
3525,24.998808,121.580125,51,1.7
3526,24.998808,121.580129,51,1.5
3527,24.998809,121.580131,51,0.9
3528,24.998812,121.580132,50,1
3529,24.998814,121.580135,50,1.2
3530,24.998814,121.580135,50,0
3531,24.998816,121.580138,50,1.5
3532,24.998817,121.580138,50,0.3
3533,24.998817,121.580139,50,0.2
3534,24.998818,121.58014,50,0.6
3535,24.998819,121.580141,50,0.6
3536,24.99882,121.580142,50,0.4
3537,24.998821,121.580143,50,0.5
3538,24.998821,121.580144,50,0.4
3539,24.998822,121.580144,50,0.2
3540,24.998822,121.580144,50,0.2
3541,24.998823,121.580144,50,0.3
3542,24.998823,121.580143,50,0.2
3543,24.998824,121.580143,50,0.4
3544,24.998825,121.580143,50,0.4
3545,24.998826,121.580142,50,0.3
3546,24.998826,121.580142,50,0.3
3547,24.998827,121.580141,50,0.3
3548,24.998827,121.580141,50,0.1
3549,24.998828,121.58014,50,0.3
3550,24.998828,121.58014,50,0.2
